-- phpMyAdmin SQL Dump
-- version 4.7.0
-- https://www.phpmyadmin.net/
--
-- Host: 127.0.0.1
-- Generation Time: 29 Jun 2018 pada 17.04
-- Versi Server: 10.1.25-MariaDB
-- PHP Version: 5.6.31

SET SQL_MODE = "NO_AUTO_VALUE_ON_ZERO";
SET AUTOCOMMIT = 0;
START TRANSACTION;
SET time_zone = "+00:00";


/*!40101 SET @OLD_CHARACTER_SET_CLIENT=@@CHARACTER_SET_CLIENT */;
/*!40101 SET @OLD_CHARACTER_SET_RESULTS=@@CHARACTER_SET_RESULTS */;
/*!40101 SET @OLD_COLLATION_CONNECTION=@@COLLATION_CONNECTION */;
/*!40101 SET NAMES utf8mb4 */;

--
-- Database: `db_unsika`
--

-- --------------------------------------------------------

--
-- Struktur dari tabel `agenda`
--

CREATE TABLE `agenda` (
  `id_agenda` int(5) NOT NULL,
  `tema` varchar(100) COLLATE latin1_general_ci NOT NULL,
  `tema_seo` varchar(100) COLLATE latin1_general_ci NOT NULL,
  `isi_agenda` text COLLATE latin1_general_ci NOT NULL,
  `tempat` varchar(100) COLLATE latin1_general_ci NOT NULL,
  `pengirim` varchar(100) COLLATE latin1_general_ci NOT NULL,
  `gambar` varchar(100) COLLATE latin1_general_ci NOT NULL,
  `tgl_mulai` date NOT NULL,
  `tgl_selesai` date NOT NULL,
  `tgl_posting` date NOT NULL,
  `jam` varchar(50) COLLATE latin1_general_ci NOT NULL,
  `dibaca` int(5) NOT NULL DEFAULT '1',
  `username` varchar(50) COLLATE latin1_general_ci NOT NULL
) ENGINE=MyISAM DEFAULT CHARSET=latin1 COLLATE=latin1_general_ci;

--
-- Dumping data untuk tabel `agenda`
--

INSERT INTO `agenda` (`id_agenda`, `tema`, `tema_seo`, `isi_agenda`, `tempat`, `pengirim`, `gambar`, `tgl_mulai`, `tgl_selesai`, `tgl_posting`, `jam`, `dibaca`, `username`) VALUES
(1, 'Lelang Renovasi Kantin Fakultas Psikologi Universitas Indonesia', 'lelang-renovasi-kantin-fakultas-psikologi-universitas-indonesia', '<p>Unit Layanan Pengadaan (ULP) Universitas Indonesia akan melaksanakan Lelang Cepat untuk paket pengadaan Konstruksi secara elektronik sebagai berikut:</p>\r\n\r\n<p><strong>Paket Pekerjaan</strong><br />\r\nNama paket pekerjaan&nbsp;&nbsp;&nbsp;&nbsp;&nbsp;&nbsp; :&nbsp;&nbsp;<strong>Perbaikan Lantai dan Fasad Gymnasium</strong><br />\r\nLingkup pekerjaan&nbsp;&nbsp;&nbsp;&nbsp;&nbsp;&nbsp;&nbsp;&nbsp;&nbsp;&nbsp;&nbsp;&nbsp; :&nbsp;&nbsp;<strong>Perbaikan lantai dan fasad gymnasium</strong><br />\r\nNilai total HPS &nbsp; &nbsp; &nbsp; &nbsp; &nbsp; &nbsp; &nbsp; &nbsp; &nbsp;:&nbsp; Rp 1.835.840.821,- (Satu miliar delapan ratus tiga puluh lima juta delapan ratus empat puluh ribu delapan ratus dua puluh satu rupiah)<br />\r\nSumber pendanaan &nbsp; &nbsp; &nbsp; &nbsp; &nbsp; : Dana Masyarakat Universitas Indonesia TA 2016</p>\r\n\r\n<p><strong>Persyaratan Peserta</strong><br />\r\nPaket pengadaan ini terbuka untuk penyedia barang yang memenuhi persyaratan memiliki:</p>\r\n\r\n<ul>\r\n	<li>Izin Usaha Jasa Konstruksi (IUJK) &ndash; Kecil</li>\r\n	<li>SBU_KONSTRUKSI SI012 &ndash; Jasa Pelaksana Konstruksi Bangunan Fasilitas Olah Raga Indoor dan Fasilitas Rekreasi</li>\r\n	<li>Memiliki pengalaman sebagai penyedia sejenis minimal 1 kali dalam kurun waktu 2010 s/d 2016 dengan nilai kontrak minimal Rp. 600.000.000,- (enam ratus juta rupiah) pada salah satu pengalaman pekerjaan</li>\r\n</ul>\r\n\r\n<p><strong>Pelaksanaan Pengadaan</strong><br />\r\nPengadaan barang / jasa dilaksanakan secara elektronik dengan mengakses aplikasi Sistem Pengadaan Secara Elektronik (aplikasi SPSE) pada alamat website LPSE LKPP&nbsp;<a href=\"\\\" onclick=\"\\&quot;__gaTracker(\\\'send\\\',\">http://lpse.lkpp.go.id</a></p>\r\n', 'Hotel Pangeran Padang, Indonesia', 'Admin Lokomedia', '4.jpg', '2016-10-11', '2016-10-11', '2016-10-11', '20:30 s/d Selesai', 8, 'admin'),
(2, 'Lelang Cepat Perbaikan Lantai dan Fasad Gymnasium', 'lelang-cepat-perbaikan-lantai-dan-fasad-gymnasium', '<p>Unit Layanan Pengadaan (ULP) Universitas Indonesia akan melaksanakan Lelang Cepat untuk paket pengadaan Konstruksi secara elektronik sebagai berikut:</p>\r\n\r\n<p><strong>Paket Pekerjaan</strong><br />\r\nNama paket pekerjaan&nbsp;&nbsp;&nbsp;&nbsp;&nbsp;&nbsp; :&nbsp;&nbsp;<strong>Perbaikan Lantai dan Fasad Gymnasium</strong><br />\r\nLingkup pekerjaan&nbsp;&nbsp;&nbsp;&nbsp;&nbsp;&nbsp;&nbsp;&nbsp;&nbsp;&nbsp;&nbsp;&nbsp; :&nbsp;&nbsp;<strong>Perbaikan lantai dan fasad gymnasium</strong><br />\r\nNilai total HPS &nbsp; &nbsp; &nbsp; &nbsp; &nbsp; &nbsp; &nbsp; &nbsp; &nbsp;:&nbsp; Rp 1.835.840.821,- (Satu miliar delapan ratus tiga puluh lima juta delapan ratus empat puluh ribu delapan ratus dua puluh satu rupiah)<br />\r\nSumber pendanaan &nbsp; &nbsp; &nbsp; &nbsp; &nbsp; : Dana Masyarakat Universitas Indonesia TA 2016</p>\r\n\r\n<p><strong>Persyaratan Peserta</strong><br />\r\nPaket pengadaan ini terbuka untuk penyedia barang yang memenuhi persyaratan memiliki:</p>\r\n\r\n<ul>\r\n	<li>Izin Usaha Jasa Konstruksi (IUJK) &ndash; Kecil</li>\r\n	<li>SBU_KONSTRUKSI SI012 &ndash; Jasa Pelaksana Konstruksi Bangunan Fasilitas Olah Raga Indoor dan Fasilitas Rekreasi</li>\r\n	<li>Memiliki pengalaman sebagai penyedia sejenis minimal 1 kali dalam kurun waktu 2010 s/d 2016 dengan nilai kontrak minimal Rp. 600.000.000,- (enam ratus juta rupiah) pada salah satu pengalaman pekerjaan</li>\r\n</ul>\r\n\r\n<p><strong>Pelaksanaan Pengadaan</strong><br />\r\nPengadaan barang / jasa dilaksanakan secara elektronik dengan mengakses aplikasi Sistem Pengadaan Secara Elektronik (aplikasi SPSE) pada alamat website LPSE LKPP&nbsp;<a href=\"http://lpse.lkpp.go.id/\" onclick=\"__gaTracker(\'send\', \'event\', \'outbound-article\', \'http://lpse.lkpp.go.id/\', \'http://lpse.lkpp.go.id\');\">http://lpse.lkpp.go.id</a></p>\r\n', 'Mercury Beach Hotel Jogjakarta ', 'Admin Lokomedia', '5.jpg', '2016-10-12', '2016-10-12', '2016-10-11', '20:00 s/d Selesai', 6, 'admin'),
(3, 'Penambahan Storage Untuk Data Center Universitas Indonesia', 'penambahan-storage-untuk-data-center-universitas-indonesia', '<p>Unit Layanan Pengadaan (ULP) Universitas Indonesia akan melaksanakan Pelelangan Sederhana dengan pascakualifikasi untuk paket pengadaan barang secara elektronik sebagai berikut:</p>\r\n\r\n<p><strong>Paket Pekerjaan</strong><br />\r\nNama paket pekerjaan&nbsp;&nbsp;&nbsp;&nbsp;&nbsp;&nbsp; :&nbsp;<strong>Penambahan Storage Untuk Data Center Universitas Indonesia</strong><br />\r\nLingkup pekerjaan&nbsp;&nbsp;&nbsp;&nbsp;&nbsp;&nbsp;&nbsp;&nbsp;&nbsp;&nbsp;&nbsp;&nbsp; :&nbsp;&nbsp;<strong>Penambahan Storage (Spare Part Storage dan Hard Disk Drive) Untuk Data Center Universitas Indonesia</strong><br />\r\nNilai total HPS &nbsp; &nbsp; &nbsp; &nbsp; &nbsp; &nbsp; &nbsp; &nbsp; &nbsp;:&nbsp; Rp 822,800,000,- (delapan ratus dua puluh dua juta delapan ratus ribu rupiah)<br />\r\nSumber pendanaan&nbsp;&nbsp;&nbsp;&nbsp;&nbsp;&nbsp;&nbsp;&nbsp;&nbsp;&nbsp;&nbsp;: Dana Masyarakat TA 2016</p>\r\n\r\n<p><strong>Persyaratan Peserta</strong><br />\r\nPaket pengadaan ini terbuka untuk penyedia barang yang memenuhi persyaratan memiliki:</p>\r\n\r\n<ul>\r\n	<li>SIUP Kecil Bidang Komputer / Piranti Lunak / Alat Teknologi Informasi</li>\r\n	<li>TDP</li>\r\n	<li>Surat Keterangan Domisili;</li>\r\n	<li>NPWP;</li>\r\n	<li>PKP;</li>\r\n	<li>Bukti setor SPT Tahun 2015;</li>\r\n	<li>Persyaratan lainnya dapat dilihat di website LPSE UI</li>\r\n</ul>\r\n\r\n<p><strong>Pelaksanaan Pengadaan</strong><br />\r\nPengadaan barang / jasa dilaksanakan secara elektronik dengan mengakses aplikasi Sistem Pengadaan Secara Elektronik (aplikasi SPSE) pada alamat website LPSE Universitas Indonesia&nbsp;<a href=\"http://lpse.ui.ac.id/\">http://lpse.ui.ac.id</a></p>\r\n', 'Hotel Pangeran Padang, Indonesia', 'Admin Lokomedia', '2.jpg', '2016-10-13', '2016-10-13', '2016-10-11', '20:00 s/d Selesai', 4, 'admin');

-- --------------------------------------------------------

--
-- Struktur dari tabel `album`
--

CREATE TABLE `album` (
  `id_album` int(5) NOT NULL,
  `jdl_album` varchar(100) COLLATE latin1_general_ci NOT NULL,
  `album_seo` varchar(100) COLLATE latin1_general_ci NOT NULL,
  `keterangans` text COLLATE latin1_general_ci NOT NULL,
  `gbr_album` varchar(100) COLLATE latin1_general_ci NOT NULL,
  `aktif` enum('Y','N') COLLATE latin1_general_ci NOT NULL DEFAULT 'Y',
  `hits_album` int(5) NOT NULL DEFAULT '1',
  `tgl_posting` date NOT NULL,
  `jam` time NOT NULL,
  `hari` varchar(20) COLLATE latin1_general_ci NOT NULL,
  `username` varchar(50) COLLATE latin1_general_ci NOT NULL
) ENGINE=MyISAM DEFAULT CHARSET=latin1 COLLATE=latin1_general_ci;

--
-- Dumping data untuk tabel `album`
--

INSERT INTO `album` (`id_album`, `jdl_album`, `album_seo`, `keterangans`, `gbr_album`, `aktif`, `hits_album`, `tgl_posting`, `jam`, `hari`, `username`) VALUES
(30, 'Manajemen Pendidikan Islam', 'manajemen-pendidikan-islam', '', 'FAI11.jpg', 'Y', 28, '2012-08-20', '09:12:06', 'Senin', 'admin'),
(31, 'Pendidikan Agama Islam', 'pendidikan-agama-islam', '', 'FAI1.jpg', 'Y', 1, '2012-08-20', '09:40:01', 'Senin', 'admin'),
(28, 'D3 Kebidanan', 'd3-kebidanan', '', 'ikesehatan1.jpg', 'Y', 58, '2012-08-18', '23:14:05', 'Sabtu', 'admin'),
(51, 'Ilmu Komunikasi', 'ilmu-komunikasi', '', 'fisip1.jpg', 'Y', 0, '2017-10-20', '07:01:02', 'Jumat', 'admin'),
(52, 'Ilmu Pemerintahan', 'ilmu-pemerintahan', '', 'pemerintahan.png', 'Y', 0, '2017-10-20', '07:01:40', 'Jumat', 'admin'),
(53, 'Teknik Industri', 'teknik-industri', '', 'teknik1.jpg', 'Y', 0, '2017-10-20', '07:02:10', 'Jumat', 'admin'),
(29, 'Pendidikan Guru Raudhatul Athfal', 'pendidikan-guru-raudhatul-athfal', '', 'FAI12.jpg', 'Y', 53, '2012-08-19', '03:02:27', 'Minggu', 'admin'),
(43, 'S1 Manajemen', 's1-manajemen', '<p>Para macan tua yang digawangi Iwan Fals, Setiawan Djody dan Sawung Jabo di Stadion Gelora Bung Karno, Jakarta, Jumat (30/12) malam. Kantata kembali membawakan lagu-lagu legendarisnya setelah 21 tahun vakum dari dunia musik.</p>\r\n\r\n<div style=\"overflow: hidden; color: #000000; background-color: #ffffff; text-align: left; text-decoration: none; border: medium none\">&nbsp;</div>\r\n', 'manajemen.png', 'Y', 0, '2012-08-20', '09:12:06', 'Senin', 'admin'),
(44, 'Ilmu Hukum', 'ilmu-hukum', '<p>Mengingat agresi yang militer yang dilancarkan Israel merupakan pelanggaran hukum humaniter internasional. Menyusul banyak warga sipil yang telah menjadi korban akibat pertempuran yang dilakukan Israel dan Hamas. Sebelumnya, Sekretaris Jendral Perserikatan Bangsa - Bangsa (PBB) Ban Ki-moon dan Menteri Luar Negeri Amerika Serikat (AS) John Kerry melakukan pertemuan di Kairo, Mesir. Pertemuan di bertujuan untuk mendesak agar konflik yang terjadi di Gaza segera dihentikan.cbcvb</p>\r\n', 'HUKUM.png', 'Y', 24, '2012-08-20', '09:40:01', 'Senin', 'admin'),
(41, 'D3 Akuntansi', 'd3-akuntansi', '', 'feb2.jpg', 'Y', 173, '2012-08-18', '23:14:05', 'Sabtu', 'admin'),
(42, 'S1 Akuntansi', 's1-akuntansi', '', 'feb1.jpg', 'Y', 0, '2012-08-19', '03:02:27', 'Minggu', 'admin'),
(50, 'Teknik Informatika', 'teknik-informatika', '<p>Berikut adalah daftar mahasiswa Program Studi Teknik Informatika Fakultas Ilmu Komputer</p>\r\n', 'fasilkom.png', 'Y', 280, '2017-10-16', '15:26:02', 'Senin', 'admin');

-- --------------------------------------------------------

--
-- Struktur dari tabel `berita`
--

CREATE TABLE `berita` (
  `id_berita` int(5) NOT NULL,
  `id_kategori` int(5) NOT NULL,
  `username` varchar(30) COLLATE latin1_general_ci NOT NULL,
  `judul` varchar(100) COLLATE latin1_general_ci NOT NULL,
  `sub_judul` varchar(100) COLLATE latin1_general_ci NOT NULL,
  `youtube` varchar(100) COLLATE latin1_general_ci NOT NULL,
  `judul_seo` varchar(100) COLLATE latin1_general_ci NOT NULL,
  `headline` enum('Y','N') COLLATE latin1_general_ci NOT NULL DEFAULT 'Y',
  `aktif` enum('Y','N') COLLATE latin1_general_ci NOT NULL DEFAULT 'Y',
  `utama` enum('Y','N') COLLATE latin1_general_ci NOT NULL DEFAULT 'Y',
  `isi_berita` longtext CHARACTER SET latin1 NOT NULL,
  `keterangan_gambar` text COLLATE latin1_general_ci NOT NULL,
  `hari` varchar(20) COLLATE latin1_general_ci NOT NULL,
  `tanggal` date NOT NULL,
  `jam` time NOT NULL,
  `gambar` varchar(100) COLLATE latin1_general_ci NOT NULL,
  `dibaca` int(5) NOT NULL DEFAULT '1',
  `tag` varchar(100) COLLATE latin1_general_ci NOT NULL,
  `status` enum('Y','N') COLLATE latin1_general_ci NOT NULL DEFAULT 'Y'
) ENGINE=MyISAM DEFAULT CHARSET=latin1 COLLATE=latin1_general_ci;

--
-- Dumping data untuk tabel `berita`
--

INSERT INTO `berita` (`id_berita`, `id_kategori`, `username`, `judul`, `sub_judul`, `youtube`, `judul_seo`, `headline`, `aktif`, `utama`, `isi_berita`, `keterangan_gambar`, `hari`, `tanggal`, `jam`, `gambar`, `dibaca`, `tag`, `status`) VALUES
(1, 55, 'admin', 'UIR Terjunkan 29 Mahasiswa dalam Ekspedisi Nusantara Jaya', 'UI turut ambil bagian dari program Ekspedisi Nusantara Jaya (ENJ) 2016 yang dilakukan di Pulau Tidun', '', 'uir-terjunkan-29-mahasiswa-dalam-ekspedisi-nusantara-jaya', 'Y', 'N', 'Y', '<p>UI turut ambil bagian dari program Ekspedisi Nusantara Jaya (ENJ) 2016 yang dilakukan di Pulau Tidung, Kepulauan Seribu, Provinsi DKI Jakarta. Program ini berlangsung dari tanggal 1&ndash;8 Oktober 2016.&nbsp;UI mengirimkan sebanyak 29 mahasiswa dari berbagai fakultas untuk menjalankan 9 program pengabdian masyarakat di Pulau Tidung.&nbsp;Program-program pengabdian masyarakat ini terbagi dalam tiga tema besar, yaitu ekonomi kreatif, kesehatan lingkungan, dan pendidikan yang disesuaikan dengan kondisi sosial budaya Pulau Tidung.</p>\r\n\r\n<p>Program ekonomi kreatif yang dijalankan berupa pelatihan pembuatan Virgin Coconut Oil (VCO) bagi ibu-ibu rumah tangga, pembuatan laman dengan domain desa.id, dan pembuatan peta potensi wisata Pulau Tidung.&nbsp;Nantinya laman yang dibuat akan menjadi media promosi unit-unit usaha masyarakat dan potensi wisata Pulau Tidung ke masyarakat luas.</p>\r\n\r\n<p>&ldquo;Beberapa tim kami yang anak geografi juga membantu pihak kelurahan dalam memetakan potensi-potensi wisata Tidung ke dalam sebuah peta dengan bantuan aplikasi geografi,&rdquo; ujar Putri, Ketua Pelaksana Program ENJ UI.</p>\r\n\r\n<p>Selain itu, tim UI juga memberikan program edukasi UKS (Unit Kesehatan Sekolah) Cerdas bagi para dokter cilik di Pulau Tidung berupa pemberian materi pengetahuan gizi dasar dan pola hidup sehat.&nbsp;Lebih lanjut, dalam rangka menjalankan program kesehatan lingkungan, tim UI juga melakukan kegiatan layanan pemeriksaan gratis di hari pertama serta kerja bakti membersihkan pantai di hari terakhir.</p>\r\n\r\n<p>Sementara untuk program pendidikan terdiri dari pembuatan papan bahasa Inggris, edukasi materi bahasa inggris bagi siswa-siswi SMK, dan program pelatihan bank sampah bagi masyarakat.&nbsp;Semua program ini mempunyai tujuan untuk menyejahterakan warga setempat dan memaksimalkan potensi lokal untuk peningkatan pariwisata setempat.</p>\r\n\r\n<p>ENJ merupakan sebuah program penjelajahan bahari nusantara yang diikuti oleh para pemuda Indonesia yang terdiri dari unsur mahasiswa,pramuka, serta siswa Sekolah Menengah Atas (SMA).&nbsp;Tahun ini ENJ berfokus pada semangat kepemudaan dengan tema besar &ldquo;Meningkatkan Wawasan Kemaritiman Generasi Muda dan Merajut Pulau-Pulau Terdepan Wilayah Republik Indonesia&rdquo;.</p>\r\n', 'Ekspedisi Nusantara Jaya 2016', 'Selasa', '2018-05-29', '21:56:03', 'Dies_Natalis_Fakultas_Hukum_Unsika_ke-_511.JPG', 0, 'kegiatan,wisata,kuliah', 'Y'),
(2, 56, 'admin', 'Pentingnya Evaluasi Kebijakan Perkembangan Ilmu Ekonomi', 'Fakultas Ekonomi dan Bisnis Universitas Indonesia (FEB UI) menggelar Seminar Nasional dan Workshop', '', 'pentingnya-evaluasi-kebijakan-perkembangan-ilmu-ekonomi', 'Y', 'N', 'Y', '<p>Fakultas Ekonomi dan Bisnis Universitas Indonesia (FEB UI) menggelar Seminar Nasional dan Workshop Perkembangan Metode Pembelajaran Ilmu Ekonomi pada tanggal 28&mdash;30 September 2016.&nbsp;Kegiatan rutin tahunan ini diadakan di Pusat Studi Jepang, Universitas Indonesia dengan topik seminar &ldquo;Perkembangan dan Metode Pembelajaran Ilmu Ekonomi: Pendekatan Ekonomi dalam Evaluasi Kebijakan&rdquo;.</p>\r\n\r\n<p>Seminar nasional ini bertujuan untuk meningkatkan wawasan dan pengetahuan bagi para peserta agar dapat mengetahui perkembangan ilmu ekonomi terkini, terutama dalam bidang evaluasi kebijakan (<em>impact evaluation</em>).&nbsp;Perkembangan ilmu ekonomi akan lebih memiliki dampak yang luas bagi masyarakat apabila dapat dijadikan acuan dalam penyusunan evaluasi kebijakan pemerintah. Namun, ada tantangan tersendiri dalam melakukan hal ini.</p>\r\n\r\n<p>Perkembangan ilmu ekonomi umumnya adalah pendekatan yang bersifat akademis teoritis, sedangkan di sisi lain penyusunan kebijakan lebih mengutamakan pendekatan praktis empiris.&nbsp;Untuk menjembatani perbedaaan ini, metode evaluasi kebijakan diperlukan mulai dari yang bersifat random, maupun quasi-eksperimen. Evaluasi kebijakan menjadi penting karena diperlukan pada tahap perencanaan kebijakan.</p>\r\n\r\n<p>Hal ini guna menjamin kualitas perencanaan serta penting untuk melihat kekurangan dan kelebihan dari suatu impelementasi kebijakan.&nbsp;Dalam sambutannya,&nbsp;Menteri Perencanaan Pembangunan Nasional Prof. Bambang Brodjonegoro mengatakan bahwa ada beberapa hal yang perlu menjadi perhatian ke depan agar efektifitas evaluasi suatu kebijakan dapat ditingkatkan.</p>\r\n\r\n<p>Metodologi dan aplikasi dalam evaluasi kebijakan, terutama dalam kegiatan monitoring, harus diperbarui agar sinyal keberhasilan atau kegagalan pelaksanaan suatu program dapat segera dideteksi dan dikoreksi.</p>\r\n\r\n<p>Kedua, melibatkan masyarakat atau target penerima manfaat dari kebijakan sebagai salah satu unsur evaluator dalam kebijakan.</p>\r\n\r\n<p>Ketiga, pentingnya&nbsp;<em>delivery mechanism</em>, termasuk institusi yang tepat dalam melakukan evaluasi kebijakan.</p>\r\n\r\n<p>&rdquo;Masalah mekanisme dan institusi evaluasi dan pengendalian ini penting agar evaluasi dapat dilakukan secara obyektif serta pengendalian yang dilakukan dapat berjalan dengan efektif,&rdquo; ujarnya.&nbsp;Selain evaluasi kebijakan, dalam seminar ini juga dibahas mengenai metode evaluasi pengajaran yang dapat berguna bagi pengajar sebagai upaya evaluasi agar tujuan pembelajaran tercapai.&nbsp;Untuk memperkuat pemahaman peserta, pada paruh kedua rangkaian seminar ini juga diselenggarakan workshop aplikasi software penelitian-penelitian terkait&nbsp;<em>impact evaluation</em>.</p>\r\n', 'Fakultas Ekonomi dan Bisnis Universitas Indonesia (FEB UI) ', 'Selasa', '2018-05-29', '21:55:47', '161.jpg', 0, 'kegiatan,teknologi,nasional,kuliah', 'Y'),
(3, 55, 'admin', 'Tata Kelola Kekayaan Negara Wujudkan Ekonomi Kerakyatan', 'Reformasi Tata Kelola Kekayaan Negara untuk Mewujudkan Ekonomi Kerakyatan dan Pembangunan Inklusif', '', 'tata-kelola-kekayaan-negara-wujudkan-ekonomi-kerakyatan', 'Y', 'N', 'Y', '<p>Reformasi tata kelola kekayaan negara diperlukan agar sumber-sumber kekayaan negara dapat dipergunakan untuk sebesar-besar kemakmuran rakyat. Langkah yang diperlukan dalam rangka reformasi tata kelola kekayaan negara adalah penyusunan Undang-Undang (UU) Kekayaan Negara dan pembentukan lembaga Otoritas Pengelolaan Kekayaan Negara (OPKN).</p>\r\n\r\n<p>Hal tersebut diungkapkan dalam acara &ldquo;Seminar dan Bedah Buku Seri Tata Kelola Kekayaan Negara: Reformasi Tata Kelola Kekayaan Negara untuk Mewujudkan Ekonomi Kerakyatan dan Pembangunan Inklusif&rdquo; yang diselenggarakan Departemen Ilmu Kesejahteraan Sosial FISIP UI pada Rabu (5/10/2016) di Ruang Apung, Perpustakaan Pusat UI, Depok.</p>\r\n\r\n<p>Buku Seri Tata Kelola Kekayaan Negara merupakan karya Doli D. Siregar, penilai senior dan konsultan properti. Seri buku ini terdiri dari tujuh judul buku yakni&nbsp;<em>Kekayaan Negara dan Masa Depan Bangsa; Kekayaan Negara Siapa Punya Siapa Kuasa; Redistribusi Aset dan Ekonomi Kerakyatan; Desentralisasi Ekonomi dan Pembangunan Daerah; Otonomi dan Pengelolaan Aset Daerah; Membangun Daerah, Membangun Masa Depan Indonesia</em>; dan&nbsp;<em>Transformasi Perusahaan Negara Kelas Dunia</em>.</p>\r\n\r\n<p>Acara ini dibuka dengan sambutan Dekan FISIP UI, Dr. Arie Setiabudi Soesilo,M.Sc. Pada sesi bedah buku menghadirkan tujuh pembicara yang masing-masing pembicara membahas satu judul buku karya Doli D. Siregar. Para pembahas buku tersebut antara lain Prof. Rhenald Kasali; Prof. Dr. Bambang Shergi Laksmono, M.Sc.; Dr. Achyar Yusuf Lubis; Athor Subroto, S.E., M.M., M.Sc., Ph.D.; Prof. Dr. Irfan Ridwan Maksum, M.Si.; Dr. Roy Valiant Salomo, M.Soc.Sc.; dan Dr. Prabawa Eka Susanta, S.Sos., M.Si.</p>\r\n\r\n<p>Dalam Seri Buku Tata Kelola ini, dibahas persoalan pengelolaan sumber-sumber kekayaan ekonomi bangsa. Ditegaskan bahwa sumber daya alam dan sumber daya manusia tersebut menjadi sumber daya ekonomi yang tak terhingga nilainya bagi Bangsa Indonesia. Namun, sayangnya, sumber daya ekonomi tersebut belum dikelola secara benar dan dimanfaatkan secara optimal untuk sebesar-besar kemakmuran rakyat seperti diamanatkan Pasal 33 Undang-Undang Dasar (UUD) 1945.</p>\r\n\r\n<p>Memang ada kemajuan. Namun, pencapaian Indonesia saat ini masih jauh dari yang semestinya jika dibandingkan dengan besarnya sumber daya ekonomi yang dimiliki. Sementara pembangunan ekonomi Indonesia masih tertinggal dibandingkan dengan pencapaian negara-negara lainnya.</p>\r\n\r\n<p>Selain pertumbuhan dan perkembangannya tidak maksimal, juga telah terjadi ketidakmerataan dalam penguasaan sumber daya ekonomi dan pembangunan. Terjadi kesenjangan yang cukup lebar baik dalam penguasaan dan pemanfaatan sumber daya ekonomi maupun pembangunan. Tercatat, lebih separuh dari seluruh kekayaan ekonomi Indonesia hanya dikuasai satu persen populasi. Kesejahteraan sosial yang sesungguhnya belum hadir di tengah gencarnya pembangunan nasional. Betapa telah sampai pada tahap mengerikan kesenjangan ekonomi yang terjadi.</p>\r\n\r\n<p>Kondisi-kondisi tersebut tercipta lantaran telah terjadi kesalahan dalam pengelolaan sumber daya ekonomi selama ini. Setidaknya, sumber daya ekonomi yang ada belum dikelola dengan benar dan dimanfaatkan secara optimal. Untuk itu, sedikitnya ada dua hal yang diperlukan.</p>\r\n\r\n<p>Pertama, reformasi tata kelola kekayaan negara, dalam hal ini adalah sumber daya ekonomi.&nbsp;<em>Kedua</em>, redistribusi aset, bukan dalam pengertian bagi-bagi aset negara, melainkan memberikan akses yang sama, atau seluas-luasnya, kepada para pelaku ekonomi kerakyatan terhadap sumber daya ekonomi nasional berdasarkan prinsip keadilan dan berkelanjutan.</p>\r\n\r\n<p>Dengan reformasi tata kelola kekayaan negara, maka seluruh sumber daya ekonomi akan dapat dikelola dan dimanfaatkan secara optimal untuk sebesar-besar kemakmuran rakyat. Dengan redistribusi aset, maka kesenjangan dan ketimpangan ekonomi dapat diatasi karena masyarakat dan para pelaku ekonomi kerakyatan diberi akses yang luas terhadap sumber daya ekonomi nasional.</p>\r\n', 'Seminar dan Bedah Buku Seri Tata Kelola Kekayaan Negara', 'Selasa', '2018-05-29', '21:54:38', 'seminar1.jpg', 0, 'kegiatan,hukum,nasional', 'Y'),
(4, 55, 'admin', 'Dari Proyek Berbasis Teknologi, Mahasiswa Rintis Bisnis Startup', 'Ujan menuangkan ketertarikannya pada dunia teknologi komputer melalui partisipasinya dalam berbagai ', '', 'dari-proyek-berbasis-teknologi-mahasiswa-rintis-bisnis-startup', 'Y', 'N', 'Y', '<p>Bersama dua orang teman kuliahnya, pria usia 23 tahun ini kini telah berhasil merintis sebuah&nbsp;<em>startup&nbsp;</em>berbasis aplikasi bernama Teman Jalan sejak bulan Agustus 2015 lalu. Teman Jalan mempertemukan pengendara dan penumpang yang memiliki rute perjalanan yang searah atau tujuan yang sama.</p>\r\n\r\n<p>Ditemui oleh UI Update bulan September 2016 lalu, Ujan menceritakan bahwa dirinya memang sudah tertarik pada bidang teknologi komputer sejak menduduki bangku SMP.</p>\r\n\r\n<p>&ldquo;Saya belajar&nbsp;<em>coding</em>&nbsp;sejak SMP, belajar sendiri. Tadinya suka doang sih. Di komputer bisa nonton, main&nbsp;<em>game</em>. Nah saya ingin orang juga bisa main&nbsp;<em>game</em>&nbsp;atau memakai aplikasi buatan saya,&rdquo; tutur pria yang pernah meraih gelar Mahasiswa Berpestasi di tahun 2015 itu.</p>\r\n\r\n<p>Ditanya mengenai inspirasinya, Ujan mengatakan, bahwa ayahnya menjadi sosok yang berperan dalam mendidik dan membentuk pola pikirnya di awal.</p>\r\n\r\n<p>&ldquo;Dulu pas SMP, saya bikin proposal untuk minta komputer baru ke ayah. Komputer rumah udah 10 tahun, udah nggak kuat. Ayah saya nggak mau, dan saya harus ikut patungan. Lah, saya nggak punya uang kan?&rdquo; ujarnya sambil tertawa.</p>\r\n\r\n<p>Ujan menambahkan, &ldquo;Akhirnya ada lomba Insyinyur cilik. Lombanya bikin karya tulis. Di situ ayah saya membimbing saya bikin karya tulis. Pertama kalinya seumur hidup! Saya menang juara tiga dan dapat uang. Waktu itu bahkan jadinya nggak jadi beli komputer, tapi beli laptop untuk saya sendiri.&rdquo;</p>\r\n\r\n<p><strong>Memetakan Masalah dan Berinovasi Mencari Solusi</strong></p>\r\n\r\n<p>Ujan menuangkan ketertarikannya pada dunia teknologi komputer melalui partisipasinya dalam berbagai proyek dan kompetisi. Salah satunya adalah pembuatan Kamus Tradisional Online.&nbsp;&ldquo;Di SMA, saya bikin kamus bahasa daerah online. Saya keturunan Jawa, masa nggak bisa bahasa Jawa? Keluarga saya bisa semua. Keturunan Jawanya berhenti di saya.&nbsp;<em>Is that a problem?</em>&nbsp;Iya,&rdquo; jelasnya.</p>\r\n\r\n<p>Berbagai inovasi yang ia garap kemudian pun, diakui Ujan, berasal dari masalah-masalah yang ada di lingkungannya.&nbsp;&ldquo;Emang dari dulu udah suka dua hal, teknologi komputer sama&nbsp;<em>solving</em>&nbsp;<em>problem</em>. Kalau ada suatu masalah nih, apa yang bisa saya bantu dengan&nbsp;<em>skill</em>&nbsp;saya?&rdquo; katanya.</p>\r\n\r\n<p>Di bangku kuliah, Ujan mulai mencoba memetakan suatu masalah dan merefleksikan terhadap kemampuan yang ia miliki untuk membantu membereskan masalah tersebut.&nbsp;Ia kemudian membuat aplikasi Siaga Banjir, sebuah aplikasi peringatan banjir, serta Bikun Mania, yakni sebuah aplikasi yang dapat mendeteksi bus kuning di Kampus UI.</p>\r\n\r\n<p>&ldquo;Waktu banjir, saya gak bisa bikin tanggul, nggak bisa lebarin sungai, dan nggak bisa menggusur rumah orang di pinggir sungai. Tapi saya punya teknologi, apa yang bisa saya lakukan? Saya beri tahu orang kalau saya punya banyak data. Waktu membuat Bikun Mania, orang-orang di halte bikun gak tahu kan bikun datang kapan? Oke, saya lacak busnya agar kita jadi tahu,&rdquo; tambahnya.</p>\r\n', 'Memetakan Masalah dan Berinovasi Mencari Solusi', 'Selasa', '2018-05-29', '21:53:41', 's1_manajemen1.jpg', 0, 'teknologi,nasional,kuliah', 'Y'),
(5, 56, 'admin', 'Peran Institusi Pendidikan Hadapi Ancaman Perang Asimetris', 'Mahasiswa Universitas Indonesia bekerja sama dengan Satuan Resimen Mahasiswa Universitas Indonesia', '', 'peran-institusi-pendidikan-hadapi-ancaman-perang-asimetris', 'Y', 'N', 'Y', '<p>Sabtu (1/10/2016), Ikatan Alumni Resimen Mahasiswa Universitas Indonesia bekerja sama dengan Satuan Resimen Mahasiswa Universitas Indonesia (Wira Makara) menyelenggarakan seminar bertajuk &ldquo;Seminar Sehari Bela Negara: Ancaman Perang Asimetris dan Peran Institusi Pendidikan sebagai Elemen Penting Bela Negara&rdquo;.</p>\r\n\r\n<p>Seminar yang dilaksanakan di Auditorium Gedung 9 FIB UI ini diisi oleh tiga pakar dalam bidang bela negara, yaitu Prof. Dr. Ir. Budi Susilo Soepandji, DEA (Gubernur Lemhanas 2011&mdash;2016, Guru Besar Fakultas Teknik UI), Marsekal Muda (Purn.) Dr. Koesnadi Kardi, MSc., MDef., RCDS (Kepala Diklat Kemenhan 2005, Rektor UPN Jakarta 2011-2014), dan Dr. Agus Hasan &ldquo;Yono&rdquo; Reksoprojo (Staf Ahli Panglima TNI di bidang C4ISR dan Pengurus Iluni UI Menwa).</p>\r\n\r\n<p>Acara yang turut dihadiri oleh Direktur Kemahasiswaan UI, Arman Nefi, ini bertujuan meningkatkan&nbsp;<em>awareness</em>&nbsp;tentang perang&nbsp; strategis&nbsp;<em>(intelectually strategic roles)&nbsp;</em>institusi pendidikan dalam menghadapi ancaman perang asimetris. Mantan Staf Ahli Panglima TNI sekaligus Pengurus Iluni Menwa UI, Yono menjelaskan bahwa perang asimetris adalah peran yang tidak mengindahkan kaidah-kaidah yang disepakati masyarakat dunia tentang bagaimana seharusnya menyelenggarakan perang.</p>\r\n\r\n<p>&ldquo;Pihak yang berperang tidak harus mengirim pasukan dan senjata berat seperti dalam perang konvensional, tetapi tetap dapat menguasai sumber daya lawan,&rdquo; tutur Yono.</p>\r\n\r\n<p>Ancaman perang asimetris di Indonesia cukup beragam. Menurut mantan Rektor UPN, Koesnadi, ancaman perang asimetris ini dapat berwujud perkembangan paham radikalisme atau terorisme, penguasaan sumber daya oleh negara lain, pencurian sumber daya laut oleh kapal-kapal asing, dan ketergantungan pada produk luar negeri secara berlebihan.</p>\r\n\r\n<p>Dalam hal ini, dunia pendidikan menjadi elemen penting dalam bela negara karena dunia pendidikan adalah wadah pemikir (<em>think thank)&nbsp;</em>yang strategis untuk mencetak warga negara yang sadar Bela Negara melalui pola pikir yang nasionalis dan patriotik, warga negara yang sadar bahwa ancaman tidak datang secara fisik saja tetapi melalui aspek kehidupan sehari-hari, seperti ketahanan pangan, pandangan radikal, dan aliran informasi yang hipersonik yang tidak terbendung.</p>\r\n\r\n<p>Demi memperkuat peran institusi pendidikan dalam mencegah peran asimetris, Gubernur Lemhanas RI, Budi Susilo merekomendasikan beberapa hal, antara lain institusi pendidikan nasional perlu meredefinisi makna negara sebagai hal yang patut dibela dengan terus memperhatikan kondisi geopolitik kekinian.</p>\r\n\r\n<p>&ldquo;Institusi pendidikan harus turut aktif menentukan arah kebijakan pemerintah yang sangat dipengaruhi oleh ketahanan nasional di sektor Jaringan Keuangan Nasional dan Jaringan Multimedia Nasional,&rdquo; tutur pria yang juga aktif sebagai Guru Besar Fakultas Teknik UI ini.</p>\r\n\r\n<p>Seminar yang dihadiri oleh anggota Resimen Mahasiswa (Menwa) dari berbagai universitas lain ini dipersembahkan dalam upaya menerapkan UU No. 3/2002, khususnya ayat 2(d) tentang penyelenggaraaan Bela Negara melalui pengabdian sesuai dengan profesi oleh Alumni Resimen Mahasiswa UI.</p>\r\n', 'Ikatan Alumni Resimen Mahasiswa Universitas Indonesia Raya', 'Selasa', '2018-05-29', '21:53:08', 'wisuda1.jpg', 0, 'kegiatan,metropolitan,nasional,kuliah', 'Y'),
(6, 59, 'admin', 'Tips Membangun Komunikasi Efektif untuk Masuki Dunia Kerja', 'Bank BCA menggelar seminar bertema : Persiapan Memasuki Dunia Kerja dan Komunikasi Efektif', '', 'tips-membangun-komunikasi-efektif-untuk-masuki-dunia-kerja', 'N', 'N', 'Y', '<p>Sabtu (1/10/2016), PT Bank &quot;Central&quot; Asia Tbk (BCA) menggelar seminar bertema &ldquo;Persiapan Memasuki Dunia Kerja dan Komunikasi Efektif&rdquo; dengan menghadirkan dua orang pembicara, yakni Jahja Setiaadmadja (Presiden Direktur PT BCA Tbk) dan Moh. Subagio (Praktisi Komunikasi dari Moh Subagio &amp; Co).</p>\r\n\r\n<p>Dalam acara yang berlangsung di&nbsp; Balai Sidang UI tersebut, BCA juga menyerahkan donasi beasiswa Bakti BCA tahun ajaran 2016&mdash;2017 senilai Rp400 juta kepada 29 orang mahasiswa UI serta dana abadi UI senilai Rp100 juta.</p>\r\n\r\n<p>Dimoderatori oleh Direktur Kemahasiswaan UI, Arman Nefi, seminar ini memberikan wawasan tentang bagaimana membangun karier ketika memasuki dunia kerja. Ketika memasuki dunia kerja, menurut Presiden Direktur BCA ini, ada dua kebutuhan yang perlu diperhatikan mahasiswa, yaitu kebutuhan finansial dan kebutuhan untuk menimba ilmu. Ia menyarankan, ketika memilih pekerjaan untuk pertama kali, mahasiswa tidak hanya mementingkan pemasukan&nbsp;<em>(income)&nbsp;</em>yang besar, tetapi juga perlu melihat prospek ilmu yang didapatkan.</p>\r\n\r\n<p>Jahja mencontohkan, dirinya lebih memilih untuk bekerja di kantor akuntan setelah lulus kuliah meski telah mendapat tawaran untuk bekerja di tempat lain sebagai pegawai tetap. Pasalnya, kantor akuntan memberinya banyak pengalaman dan pengetahuan ketika ia mengaudit berbagai jenis perusahaan. Pengetahuan tentang berbagai jenis industri ini, bagi Jahja, sangat membantunya mencapai puncak karier saat ini.</p>\r\n\r\n<p>Presiden Direktur BCA berpesan bahwa Indeks Prestasi Kumulatif (IPK) tinggi bukanlah menjadi satu-satunya hal yang menjamin kesuksesan mahasiswa yang baru memasuki dunia kerja. Pasalnya, pemilihan tenaga kerja saat ini lebih diarahkan untuk menjaring orang-orang yang kreatif dan memiliki kemampuan sosial yang mumpuni.</p>\r\n\r\n<p>&ldquo;Dalam dunia perkuliahan, yang ditonjolkan seringkali hanyalah kemampuan individu. Tapi di dunia kerja, individu ini harus mampu mendengarkan masukan orang lain dan bekerja dalam tim,&rdquo; ujar alumni FEB UI ini.</p>\r\n\r\n<p>Selain kreativitas dan kemampuan membangun jaringan, Jahja juga mengingatkan mahasiswa untuk tetap memiliki perencanaan karier yang fleksibel.</p>\r\n\r\n<p>&ldquo;Perencanaan yang sudah dibuat dengan sangat detail pun dapat berubah ketika dieksekusi. Oleh karena itu, jangan terlalu terpaku pada&nbsp;<em>plan</em>, yang penting tahu betul tujuan yang ingin dicapai,&rdquo; tutur Jahja di akhir seminar.</p>\r\n\r\n<p>Dalam acara itu, turut hadir pula ini Rektor Universitas Indonesia (UI) Muhammad Anis, Direktur Pengembangan Karir dan Hubungan Alumni UI Erwin Nurdin,&nbsp; Kepala Kantor Wilayah VIII BCA Haryono Wongsonegoro, dan&nbsp;<em>General Manager Corporate Social Responsibility&nbsp;</em>BCA Inge Setiawati.</p>\r\n', 'Persiapan Memasuki Dunia Kerja dan Komunikasi Efektif', 'Selasa', '2018-05-29', '21:52:17', 'tono_bahtiar_(38)1.JPG', 0, 'kegiatan,teknologi,nasional', 'Y'),
(7, 61, 'admin', 'Pendaftaran Dan Pelaksanaan Seminar Proposal', '', '', 'pendaftaran-dan-pelaksanaan-seminar-proposal', 'N', 'N', 'N', '<p>Diumumkan kepada seluruh Mahasiswa Prodi S1 Ilmu Perpustakaan Fakultas Adab dan Humaniora bahwa&nbsp;<strong>Pendaftaran</strong>&nbsp;<strong>Pelaksanaan Seminar Proposal&nbsp;</strong>Semester Ganjil Tahun Akademik 2016/2017 kembali dibuka mulai tanggal 05 &ndash; 20 September 2016.</p>\r\n\r\n<p>Persyaratan&nbsp;<strong>Pengajuan Pendaftaran Seminar Proposal&nbsp;</strong>sebagai berikut:</p>\r\n\r\n<ol>\r\n	<li>Terdaftar sebagai mahasiswa aktif pada semester berjalan&shy;</li>\r\n	<li>Telah menyelesaikan mata kuliah Metodologi Penelitian dan Metode Penelitian Ilmu Perpustakaan sekurang-kurangnya dengan nilai C</li>\r\n	<li>Mengisi form pengajuan judul proposal skripsi (<a href=\"http://www.mediafire.com/download/y804aggc47p412e/Surat+usulan+Judul+skripsi.doc\">Silahkan di Unduh</a>&nbsp;)</li>\r\n	<li>Proposal dibuat rangkap 4 (Hard Copy) yang telah ditandatangani oleh Penasehat Akademik (PA) dan 1 Eks CD dalam bentuk Power Point dan diserahkan ke sekretaris / staf prodi paling lambat tanggal 20 September 2016.&nbsp;<em>(isi slide harus dalam bentuk point, tidak boleh dalam bentuk paragraf)</em>atau dapat dikirim via email :&nbsp;<a href=\"mailto:fah.prodiip@ar-raniry.ac.id\">fah.prodiip@ar-raniry.ac.id</a></li>\r\n	<li>Proposal yang telah ditandatangani oleh Penasehat Akademik (PA) dimasukkan ke dalam map :</li>\r\n</ol>\r\n\r\n<p>&nbsp;&nbsp;&nbsp;&nbsp;&nbsp;&nbsp;&nbsp; Map berwarna merah bagi yang pertama kali mendaftar</p>\r\n\r\n<p>&nbsp;&nbsp;&nbsp;&nbsp;&nbsp;&nbsp;&nbsp; Map berwarna biru bagi yang sudah pernah mengikuti seminar proposal</p>\r\n\r\n<ol start=\"6\">\r\n	<li>Pengumuman pelaksanaan seminar proposal akan diumumkan kembali.</li>\r\n</ol>\r\n\r\n<p>Demikian pengumuman ini dibuat, semoga dapat dimaklumi.</p>\r\n\r\n<p>Banda Aceh, 05 September 2016<br />\r\nAn.Ketua Prodi S1 Ilmu Perpustakaan</p>\r\n', '', 'Selasa', '2016-10-11', '18:03:10', '', 1, 'pengumuman', 'Y'),
(8, 61, 'admin', 'Pengumuman Prodi D-Iii Perbankan Syariah', '', '', 'pengumuman-prodi-diii-perbankan-syariah', 'N', 'N', 'N', '<p>Assalamu&#39;alaikum Wr. Wb</p>\r\n\r\n<p>Berikut kami informasikan kepada mahasiswa Prodi D-III Perbankan Syariah Angkatan 2014 (khusus semester lima -V)&nbsp;<strong>WAJIB</strong>&nbsp;mengikuti kegiatan&nbsp;<strong>BRIEFING MAGANG</strong>&nbsp;atau&nbsp;<strong>PEMBEKALAN MAHASISWA PPL,&nbsp;</strong>yang dilaksanakan pada :</p>\r\n\r\n<p>Hari/Tanggal&nbsp; : Sabtu/ 24 September 2016</p>\r\n\r\n<p>Waktu&nbsp;&nbsp;&nbsp;&nbsp;&nbsp;&nbsp;&nbsp;&nbsp;&nbsp;&nbsp; : 08.00 s/d Selesai</p>\r\n\r\n<p>Tempat&nbsp;&nbsp;&nbsp;&nbsp;&nbsp;&nbsp;&nbsp;&nbsp; : AULA PASCA SARJANA Universitas Islam Negeri Banda Aceh Lantai 3</p>\r\n\r\n<p>Demikian Pengumuman ini, agar di ikuti.</p>\r\n\r\n<p>Wassalam.</p>\r\n\r\n<p>TTD<br />\r\nKetua Prodi<br />\r\nD-III Perbankan Syariah</p>\r\n', '', 'Selasa', '2016-10-11', '18:04:16', '', 0, 'pengumuman', 'Y'),
(9, 61, 'admin', 'Sap. Kontrak kuliah. Surat kesanggupan mengajar', '', '', 'sap-kontrak-kuliah-surat-kesanggupan-mengajar', 'N', 'N', 'N', '<p><strong>Assalamu&#39;alikum Wr. Wb</strong></p>\r\n\r\n<p>Untuk memudahkan pembuatan keseragaman&nbsp;berkas Berikut Kami sediakan Link Download berkas tersebut.</p>\r\n\r\n<ol>\r\n	<li><strong><a href=\"http://www.ar-raniry.ac.id/files/FEBI/CONTOH%20SAP%20FEBI.rtf\">Satuan Acuan Perkuliahan</a></strong></li>\r\n	<li><strong><a href=\"http://www.ar-raniry.ac.id/files/FEBI/Kontrak%20Kuliah%20FEBI.rtf\">Kontrak Kuliah</a></strong></li>\r\n	<li><strong><a href=\"http://www.ar-raniry.ac.id/files/FEBI/Kesnggupan%20mengajar%20di%20FEBI.rtf\">Surat Kesanggupan Mengajar</a></strong></li>\r\n</ol>\r\n\r\n<p>Terima Kasih</p>\r\n\r\n<p>Wa&#39;alikumsalam Wr. Wb</p>\r\n', '', 'Selasa', '2016-10-11', '18:05:44', '', 0, 'pengumuman', 'Y'),
(10, 61, 'admin', 'Schedule Orientasi Perpustakaan Uin Ar-Raniry 2016', '', '', 'schedule-orientasi-perpustakaan-uin-arraniry-2016', 'N', 'N', 'N', '<p>Berikut kami informasikan&nbsp;<em>Schedule&nbsp;</em>Orientasi Perpustakaan (Library Orientation) Mahasiswa Baru Tahun Akademik 2016/2017 UPT Perpustakaan UIN Ar-Raniry Banda Aceh, schedule tersebut dapat didownload pada link di bawah ini;</p>\r\n\r\n<p><strong><a href=\"http://www.ar-raniry.ac.id/files/PENGUMUMAN%202016/Schedul%20Orientasi%20Perpustakaan%20Psikolog%2C%20FISIP%2C%20FEBI%2C%20SAINTEK.xlsx\">SCHEDUL ORIENTASI PERPUSTAKAAN PSIKOLOG, FISIP, FEBI, SAINTEK</a></strong></p>\r\n\r\n<p><strong><a href=\"http://www.ar-raniry.ac.id/files/PENGUMUMAN%202016/Schedul%20Orientasi%20Perpustakaan%20Syariah%2C%20Dakwah%2C%20Adab%2C%20Ushuluddin-a.xlsx\">SCHEDUL ORIENTASI PERPUSTAKAAN SYARIAH, DAKWAH, ADAB, USHULUDDIN</a></strong></p>\r\n\r\n<p><strong><a href=\"http://www.ar-raniry.ac.id/files/PENGUMUMAN%202016/Schedul%20Orientasi%20Perpustakaan%20TARBIYAH.xlsx\">SCHEDUL ORIENTASI PERPUSTAKAAN TARBIYAH</a></strong></p>\r\n\r\n<p><em>Informasi ini disesuaikan dengan jadwal pendaftaran mahasiswa baru Universitas Islam Negeri (UIN) Ar-Raniry tahun akademik 2016/2017, sebagai mana jadwal yang ditetapkan oleh Bagian Akademik UIN Ar-Raniry Banda Aceh.</em></p>\r\n\r\n<p><em>Informasi lebih lanjut dapat dilihat atau menjumpai langsung petugas di UPT Perpustakaan UIN Ar-Raniry.</em></p>\r\n', '', 'Selasa', '2016-10-11', '18:07:05', '', 0, 'pengumuman', 'Y'),
(11, 61, 'admin', 'Pendaftaran Dan Penerimaan Mahasiswa Baru', '', '', 'pendaftaran-dan-penerimaan-mahasiswa-baru', 'N', 'N', 'N', '<p>Diumumkan kepada seluruh calon Mahasiswa baru Prodi S1 Ilmu Perpustakaan Fakultas Adab dan Humaniora bahwa&nbsp;<strong>Penerimaan Mahasiswa Baru Jalur Lanjutan&nbsp;</strong>Semester Ganjil Tahun Akademik 2016/2017 kembali dibuka mulai tanggal 28 Juli &ndash; 05 Agustus 2016.</p>\r\n\r\n<p>Syarat-syarat pendaftaran adalah sebagai berikut :</p>\r\n\r\n<ol>\r\n	<li>Menyerahkan berkas/dokumen yang terdiri dari :</li>\r\n</ol>\r\n\r\n<p>&nbsp;&nbsp;&nbsp;&nbsp;&nbsp;&nbsp;&nbsp;&nbsp;&nbsp; -&nbsp; Membuat surat permohonan yang ditujukan kepada Dekan Fakultas Adab dan Humaniora c/q : Ketua Prodi S1 Ilmu Perpustakaan</p>\r\n\r\n<p>&nbsp;&nbsp;&nbsp;&nbsp;&nbsp;&nbsp;&nbsp;&nbsp;&nbsp; -&nbsp; Mengisi Formulir Pendaftaran yang Telah disediakan (<a href=\"http://www.mediafire.com/download/wj51pzmzy9ifo1a/form_pendaftaran.pdf\" title=\"Silahkan unduh\">Silahkan di unduh</a>&nbsp;)</p>\r\n\r\n<p>&nbsp;&nbsp;&nbsp;&nbsp;&nbsp;&nbsp;&nbsp;&nbsp;&nbsp; -&nbsp; Foto Copy Ijazah dan Transkrip Nilai Terakhir&nbsp;Yang Dilegalisir</p>\r\n\r\n<p>&nbsp;&nbsp;&nbsp;&nbsp;&nbsp;&nbsp;&nbsp;&nbsp;&nbsp; -&nbsp; Melampirkan Surat Keterangan Izin Belajar Bagi yang Sudah Bekerja</p>\r\n\r\n<ol start=\"2\">\r\n	<li>Berkas/dokumen tersebut dimasukkan ke dalam map berwarna merah&nbsp;<em>(bertuliskan nama,&nbsp;</em><em>asal</em><em>jurusan/prodi, dan nomor kontak/handphone yang dapat dihubungi)</em>.</li>\r\n	<li>Seluruh kelengkapan berkas/dokumen tersebut diserahkan ke prodi S1 Ilmu Perpustakaan melalui staf prodi.</li>\r\n	<li>Pengumuman kelulusan akan di umumkan pada tanggal 08 Agustus 2016.</li>\r\n	<li>Pendaftaran Ulang : 08 &ndash; 14 Agustus 2016 melalui biro akademik UIN Ar-Raniry</li>\r\n</ol>\r\n\r\n<p>&nbsp;</p>\r\n\r\n<p>Demikian pengumuman ini kami sampaikan. Atas perhatiannya, kami ucapkan terima kasih.</p>\r\n', '', 'Selasa', '2016-10-11', '18:07:54', '', 0, 'pengumuman', 'Y'),
(12, 61, 'admin', 'Mata kuliah febi semester ganjil ta. 2016/2017', '', '', 'mata-kuliah-febi-semester-ganjil-ta-20162017', 'N', 'N', 'N', '<p>Berikut kami Beriahukan Daftar Mata Kuliah yang dapat diambil untuk Semester Ganjil Tahun Akademik 2016-2017 untuk Fakultas Ekonomi dan Bisnis Islam Universitas Islam Negeri Ar-Raniry Banda Aceh</p>\r\n\r\n<p><strong>1. Program Studi Ekonomi Syariah</strong></p>\r\n\r\n<p>&nbsp; &nbsp;&nbsp;<a href=\"http://www.ar-raniry.ac.id/files/FEBI/MAKUL%20SEMSTER%20INI.xlsx\">Daftar Matakuliah Semester I, III, V dan VII</a></p>\r\n\r\n<p><strong>2. Program Studi Perbankan Syariah</strong></p>\r\n\r\n<p>&nbsp; &nbsp;&nbsp;<a href=\"http://www.ar-raniry.ac.id/files/FEBI/MK%20GENAP%20PS.jpg\" title=\"Link Download\">Daftar Matakuliah Semester I, III, V dan VII</a></p>\r\n\r\n<p><strong>3. Program Studi Ilmu Ekonomi</strong></p>\r\n\r\n<p>&nbsp; &nbsp;&nbsp;Daftar Matakuliah Semester I, III dan V</p>\r\n\r\n<p><strong>4. Program Studi D-III Perbankan Syariah</strong></p>\r\n\r\n<p>&nbsp; &nbsp;&nbsp;Daftar Matakuliah Semester I, III dan V</p>\r\n', '', 'Selasa', '2016-10-11', '18:09:17', '', 1, 'pengumuman', 'Y'),
(13, 61, 'admin', 'Penyempurnaan Proposal Dan Desain Penelitian', '', '', 'penyempurnaan-proposal-dan-desain-penelitian', 'N', 'N', 'N', '<p>Lembaga Penelitian dan Pengabdian kepada Masyarakat (LP2M) UIN Ar-Raniry Banda Aceh telah selesai mengadakan Seminar Penyempurnaan Proposal Penelitian Dosen Tahun Anggaran 2016 yang dilaksanakan pada tanggal 18 hingga 21 Juli 2016 di gedung LP2M UIN Ar Raniry Banda Aceh. Beberapa hal yang perlu ditindak lanjuti:</p>\r\n\r\n<ol>\r\n	<li>Bila ada perubahan dan penyesuaian judul, untuk segera disampaikan ke puslitpen UIN Ar-Raniry untuk pembuatan SK paling lambat tanggal 29 Juli, 2016.</li>\r\n	<li>Sebagian catatan nara sumber sudah ada pada puslitpen, bagi para peneliti bisa berkomunikasi dengan puslitpen (contact person: Taufik)</li>\r\n	<li>Peneliti yang akan melakukan perjalanan ke luar kota juga harus melaporkan tempat tujuan dan tanggal keberangkatan mereka kepada Puslit UIN Ar Raniry Banda Aceh guna dibuatkan Surat Perjalanan Dinas (SPD).</li>\r\n	<li>Bila ada hal-hal tekhnis lainnya yang belum disebutkan dalam penelitian ini, bisa berkomunikasi langsung dengan puslitpen.</li>\r\n</ol>\r\n', '', 'Selasa', '2016-10-11', '18:09:49', '', 2, 'pengumuman', 'Y'),
(14, 61, 'admin', 'Sosialisasi Program Dan Layanan Lpdp se indonesia Raya', '', '', 'sosialisasi-program-dan-layanan-lpdp-se-indonesia-raya', 'N', 'N', 'N', '<p>Lembaga Penelitian dan Pengabdian Kepada Masyarakat (LP2M) UIN Ar Raniry Banda Aceh tersebut akan mengadakan acara Sosialisasi program dan Layanan Lembaga Pengelola Dana Pendidikan (LPDP). Pada acara tersebut akan hadir sebagai pembicara yaitu Bapak Eko Prasetyo, Direktur Utama LPDP.</p>\r\n\r\n<p>LPDP adalah satuan unit kerja di bawah Kementerian Keuangan yang mengelola dana pendidikan sesuai amanat PMK No 252 Tahun 2010. LPDP kemudian ditetapkan sebagai sebuah lembaga berbentuk Badan Layanan Umum pada 30 Januari 2012. LPDP memiliki visi menjadi lembaga pengelola dana terbaik di tingkat&nbsp; regional untuk mempersiapkan pemimpin masa depan serta mendorong inovasi bagi Indonesia yang sejahtera, demokratis dan berkeadilan. Program layanan LPDP terdiri dari beasiswa, pendanaan riset dan pengelolaan dana.</p>\r\n\r\n<p>LPDP mengarahkan segenap usahanya guna mencetak pemimpin masa depan yang tersebar di berbagai bidang. Pengelolaan dana abadi pendidikan ini bertujuan menjamin keberlangsungan program pendidikan bagi generasi mendatang sebagai pertanggungjawaban antargenerasi. Selain itu, LPDP juga bertujuan mengantisipasi keperluan rehabilitasi pendidikan yang rusak akibat bencana. LPDP berfokus pada pengembangan kualitas sumber daya manusia di berbagai bidang yang menunjang percepatan pembangunan Indonesia</p>\r\n\r\n<p>Sosialiasi program dan layanan LPDP tersebut akan diadakan pada hari Selasa, tanggal 26 Juli 2016 pukul 14.00 WIB berlokasi di ruang theater gedung museum UIN Ar Raniry Banda Aceh. Acara yang terbuka untuk dosen dan mahasiswa tersebut akan menghadirkan&nbsp; Bapak Eko Prasetyo, Direktur Utama LPDP selaku pembicara.&nbsp;</p>\r\n', '', 'Selasa', '2016-10-11', '18:10:40', '', 0, 'pengumuman', 'Y'),
(15, 61, 'admin', 'Daftar Ulang Mahasiswa Baru Universitas Indonesia Raya 2016', '', '', 'daftar-ulang-mahasiswa-baru-universitas-indonesia-raya-2016', 'N', 'N', 'N', '<p>Berikut terlampir informasi terkait dengan alur dan syarat pendaftaran ulang calon mahasiswa baru UIN Ar-Raniry, jalur tes (SPAN-PTKIN, SB-MPTN, UM-PTKIN &amp; PMB LOKAL), informasi dimaksud dapat didownload di bawah ini, atau informasi lebih lanjut dapat ditanyakan langsung pada saat pendaftaran pada Gedung Akademik UIN Ar-Raniry.</p>\r\n\r\n<p>Download&nbsp;<a href=\"http://www.ar-raniry.ac.id/files/PENGUMUMAN%202016/INFO%20DAFTAR%20ULANG%20UIN%202016_HUMAS.pdf\">Di SINI</a>&nbsp;(PDF)<br />\r\nDownload&nbsp;<a href=\"http://www.ar-raniry.ac.id/files/PENGUMUMAN%202016/INFO%20DAFTAR%20ULANG%20UIN%202016_HUMAS_NATs.jpg\">Di SINI</a>&nbsp;(JPEG)</p>\r\n', '', 'Selasa', '2016-10-11', '18:11:28', '', 0, 'pengumuman', 'Y'),
(16, 61, 'admin', 'Penerimaan Mahasiswa Baru Jalur Pmb-Lokal 2016', '', '', 'penerimaan-mahasiswa-baru-jalur-pmblokal-2016', 'N', 'N', 'N', '<p>Berikut terlampir pengumuman penerimaan calon mahasiswa baru melalui jalur PMB-Lokal UIN Ar-Raniry Banda Aceh tahun 2016.<br />\r\nDownload&nbsp;<a href=\"http://www.ar-raniry.ac.id/files/PENGUMUMAN%202016/IKLAN%20PMB%20LOKAL%20MANDIRI%202016.jpg\">DI SINI</a></p>\r\n', '', 'Selasa', '2016-10-11', '18:12:02', '', 1, 'pengumuman', 'Y'),
(17, 61, 'admin', 'Pengumuman Hasil Seleksi Penelitian Dosen UIN 2016', '', '', 'pengumuman-hasil-seleksi-penelitian-dosen-uin-2016', 'N', 'N', 'N', '<p>Buku Seri Tata Kelola Kekayaan Negara merupakan karya Doli D. Siregar, penilai senior dan konsultan properti. Seri buku ini terdiri dari tujuh judul buku yakni&nbsp;<em>Kekayaan Negara dan Masa Depan Bangsa; Kekayaan Negara Siapa Punya Siapa Kuasa; Redistribusi Aset dan Ekonomi Kerakyatan; Desentralisasi Ekonomi dan Pembangunan Daerah; Otonomi dan Pengelolaan Aset Daerah; Membangun Daerah, Membangun Masa Depan Indonesia</em>; dan&nbsp;<em>Transformasi Perusahaan Negara Kelas Dunia</em>.</p>\r\n\r\n<p>Acara ini dibuka dengan sambutan Dekan FISIP UI, Dr. Arie Setiabudi Soesilo,M.Sc. Pada sesi bedah buku menghadirkan tujuh pembicara yang masing-masing pembicara membahas satu judul buku karya Doli D. Siregar. Para pembahas buku tersebut antara lain Prof. Rhenald Kasali; Prof. Dr. Bambang Shergi Laksmono, M.Sc.; Dr. Achyar Yusuf Lubis; Athor Subroto, S.E., M.M., M.Sc., Ph.D.; Prof. Dr. Irfan Ridwan Maksum, M.Si.; Dr. Roy Valiant Salomo, M.Soc.Sc.; dan Dr. Prabawa Eka Susanta, S.Sos., M.Si.</p>\r\n', '', 'Selasa', '2016-10-11', '18:13:09', '', 6, 'pengumuman', 'Y'),
(18, 61, 'admin', 'Pendaftaran Ulang Jalur Span-Ptkin Tahun 2016', '', '', 'pendaftaran-ulang-jalur-spanptkin-tahun-2016', 'N', 'N', 'N', '<p>Dalam Seri Buku Tata Kelola ini, dibahas persoalan pengelolaan sumber-sumber kekayaan ekonomi bangsa. Ditegaskan bahwa sumber daya alam dan sumber daya manusia tersebut menjadi sumber daya ekonomi yang tak terhingga nilainya bagi Bangsa Indonesia. Namun, sayangnya, sumber daya ekonomi tersebut belum dikelola secara benar dan dimanfaatkan secara optimal untuk sebesar-besar kemakmuran rakyat seperti diamanatkan Pasal 33 Undang-Undang Dasar (UUD) 1945.</p>\r\n\r\n<p>Memang ada kemajuan. Namun, pencapaian Indonesia saat ini masih jauh dari yang semestinya jika dibandingkan dengan besarnya sumber daya ekonomi yang dimiliki. Sementara pembangunan ekonomi Indonesia masih tertinggal dibandingkan dengan pencapaian negara-negara lainnya.</p>\r\n\r\n<p>Selain pertumbuhan dan perkembangannya tidak maksimal, juga telah terjadi ketidakmerataan dalam penguasaan sumber daya ekonomi dan pembangunan. Terjadi kesenjangan yang cukup lebar baik dalam penguasaan dan pemanfaatan sumber daya ekonomi maupun pembangunan. Tercatat, lebih separuh dari seluruh kekayaan ekonomi Indonesia hanya dikuasai satu persen populasi. Kesejahteraan sosial yang sesungguhnya belum hadir di tengah gencarnya pembangunan nasional. Betapa telah sampai pada tahap mengerikan kesenjangan ekonomi yang terjadi.</p>\r\n', '', 'Selasa', '2016-10-11', '18:13:43', '', 4, 'pengumuman', 'Y'),
(19, 61, 'admin', 'Pengumuman Hasil Seleksi Berkas Cdos Tetap Non PNS', '', '', 'pengumuman-hasil-seleksi-berkas-cdos-tetap-non-pns', 'N', 'N', 'N', '<p>Fakultas Ekonomi dan Bisnis Universitas Indonesia (FEB UI) menggelar Seminar Nasional dan Workshop Perkembangan Metode Pembelajaran Ilmu Ekonomi pada tanggal 28&mdash;30 September 2016.&nbsp;Kegiatan rutin tahunan ini diadakan di Pusat Studi Jepang, Universitas Indonesia dengan topik seminar &ldquo;Perkembangan dan Metode Pembelajaran Ilmu Ekonomi: Pendekatan Ekonomi dalam Evaluasi Kebijakan&rdquo;.</p>\r\n\r\n<p>Seminar nasional ini bertujuan untuk meningkatkan wawasan dan pengetahuan bagi para peserta agar dapat mengetahui perkembangan ilmu ekonomi terkini, terutama dalam bidang evaluasi kebijakan (<em>impact evaluation</em>).&nbsp;Perkembangan ilmu ekonomi akan lebih memiliki dampak yang luas bagi masyarakat apabila dapat dijadikan acuan dalam penyusunan evaluasi kebijakan pemerintah. Namun, ada tantangan tersendiri dalam melakukan hal ini.</p>\r\n', '', 'Selasa', '2016-10-11', '18:14:16', '', 6, 'pengumuman', 'Y'),
(20, 61, 'admin', 'Penerimaan Dosen Tetap Non Pns Untuk Febi Uin', '', '', 'penerimaan-dosen-tetap-non-pns-untuk-febi-uin', 'N', 'N', 'N', '<p>Perkembangan ilmu ekonomi umumnya adalah pendekatan yang bersifat akademis teoritis, sedangkan di sisi lain penyusunan kebijakan lebih mengutamakan pendekatan praktis empiris.&nbsp;Untuk menjembatani perbedaaan ini, metode evaluasi kebijakan diperlukan mulai dari yang bersifat random, maupun quasi-eksperimen. Evaluasi kebijakan menjadi penting karena diperlukan pada tahap perencanaan kebijakan.</p>\r\n\r\n<p>Hal ini guna menjamin kualitas perencanaan serta penting untuk melihat kekurangan dan kelebihan dari suatu impelementasi kebijakan.&nbsp;Dalam sambutannya,&nbsp;Menteri Perencanaan Pembangunan Nasional Prof. Bambang Brodjonegoro mengatakan bahwa ada beberapa hal yang perlu menjadi perhatian ke depan agar efektifitas evaluasi suatu kebijakan dapat ditingkatkan.</p>\r\n', '', 'Selasa', '2016-10-11', '18:14:46', '', 6, 'pengumuman', 'Y'),
(21, 61, 'admin', 'Penetapan Masa Penyelesaian Studi Pascasarjana UIN', '', 'https://www.youtube.com/embed/vqZBUrQdhXw', 'penetapan-masa-penyelesaian-studi-pascasarjana-uin', 'N', 'N', 'N', '<p><img alt=\"\" src=\"/uir/asset/kcfinder/upload/files/Koala.jpg\" style=\"float:left; height:168px; margin-left:10px; margin-right:10px; width:224px\" />Metodologi dan aplikasi dalam evaluasi kebijakan, terutama dalam kegiatan monitoring, harus diperbarui agar sinyal keberhasilan atau kegagalan pelaksanaan suatu program dapat segera dideteksi dan dikoreksi.</p>\r\n\r\n<p>Kedua, melibatkan masyarakat atau target penerima manfaat dari kebijakan sebagai salah satu unsur evaluator dalam kebijakan.</p>\r\n\r\n<p>Ketiga, pentingnya&nbsp;<em>delivery mechanism</em>, termasuk institusi yang tepat dalam melakukan evaluasi kebijakan.</p>\r\n\r\n<p>&rdquo;Masalah mekanisme dan institusi evaluasi dan pengendalian ini penting agar evaluasi dapat dilakukan secara obyektif serta pengendalian yang dilakukan dapat berjalan dengan efektif,&rdquo; ujarnya.&nbsp;Selain evaluasi kebijakan, dalam seminar ini juga dibahas mengenai metode evaluasi pengajaran yang dapat berguna bagi pengajar sebagai upaya evaluasi agar tujuan pembelajaran tercapai.&nbsp;Untuk memperkuat pemahaman peserta, pada paruh kedua rangkaian seminar ini juga diselenggarakan workshop aplikasi software penelitian-penelitian terkait&nbsp;<em>impact evaluation</em>.</p>\r\n', '', 'Rabu', '2017-02-22', '22:25:30', '', 38, 'pengumuman', 'Y');

-- --------------------------------------------------------

--
-- Struktur dari tabel `dosen`
--

CREATE TABLE `dosen` (
  `id_dosen` int(5) NOT NULL,
  `id_fakultas` int(5) NOT NULL,
  `username` varchar(50) CHARACTER SET latin1 COLLATE latin1_general_ci NOT NULL,
  `nm_dosen` varchar(100) CHARACTER SET latin1 COLLATE latin1_general_ci NOT NULL,
  `dosen_seo` varchar(100) CHARACTER SET latin1 COLLATE latin1_general_ci NOT NULL,
  `nidn` varchar(50) CHARACTER SET latin1 COLLATE latin1_general_ci NOT NULL,
  `keterangan` text CHARACTER SET latin1 COLLATE latin1_general_ci NOT NULL,
  `hp` varchar(13) CHARACTER SET latin1 COLLATE latin1_general_ci NOT NULL,
  `gbr_dosen` varchar(100) CHARACTER SET latin1 COLLATE latin1_general_ci NOT NULL
) ENGINE=InnoDB DEFAULT CHARSET=latin1;

--
-- Dumping data untuk tabel `dosen`
--

INSERT INTO `dosen` (`id_dosen`, `id_fakultas`, `username`, `nm_dosen`, `dosen_seo`, `nidn`, `keterangan`, `hp`, `gbr_dosen`) VALUES
(1, 1, 'admin', 'AZHARI ALI RIDHA, S.Kom.', 'azhari-ali-ridha-skom', '415098003', '<p>S-2</p>\r\n', '08129341022', '141218114306_photo.jpg'),
(2, 2, 'admin', 'Dr. Candra Hayatul Iman, SH., MH', 'dr-candra-hayatul-iman-sh-mh', '0424087201', '<p>S-3</p>\r\n', '', 'Poto_Dekan_1.JPG'),
(3, 2, 'admin', 'H. Suryana Marta, SH., MH.', 'h-suryana-marta-sh-mh', '0410066201', '<p>S-2</p>\r\n', '', 'pak_dekan.jpg'),
(4, 2, 'admin', 'Uu Idjuddin Solihin, SH., MH.', 'uu-idjuddin-solihin-sh-mh', '0015035301', '<p>S-2</p>\r\n', '', 'nofoto.jpg'),
(6, 2, 'admin', 'Dr. Bambang Widiantoro, SH., MM', 'dr-bambang-widiantoro-sh-mm', '0415046401', '<p>S-3</p>\r\n', '-', 'Bambang_W1.jpg'),
(7, 2, 'admin', 'H. Dedi Pahroji, SH., MH.', 'h-dedi-pahroji-sh-mh', '0415097304', '<p>S-2</p>\r\n', '-', 'Dedi_Fahroji.jpg'),
(8, 2, 'admin', 'R. Bagus Irawan, S Sos., MH', 'r-bagus-irawan-s-sos-mh', '0412016901', '<p>S-2</p>\r\n', '-', 'Bagus_Irawan.JPG'),
(9, 2, 'admin', 'Evi Rumata Parapat, SH., SpN', 'evi-rumata-parapat-sh-spn', '0411026802', '<p>S-1</p>\r\n', '-', 'Evi.JPG'),
(10, 2, 'admin', 'Imam Budi Santoso, SH., MH.', 'imam-budi-santoso-sh-mh', '0424037702', '<p>S-2</p>\r\n', '-', 'Imam.JPG'),
(11, 2, 'admin', 'Dr. Holyness N Singadimedja, SH., MH', 'dr-holyness-n-singadimedja-sh-mh', '411701320', '<p>S-3</p>\r\n', '-', 'holyness.JPG'),
(12, 2, 'admin', 'M. Holyone N Singadimeja, SH., MH', 'm-holyone-n-singadimeja-sh-mh', '0407117702', '<p>S-2</p>\r\n', '-', 'holione.jpg'),
(14, 2, 'admin', 'H. Endeng, SH., MH.', 'h-endeng-sh-mh', '0412046501', '<p>S-2</p>\r\n', '-', ''),
(15, 2, 'admin', 'Grasia Kurniati, SH., MH', 'grasia-kurniati-sh-mh', '-', '<p>S-2</p>\r\n', '-', 'bu_gres.jpg'),
(16, 2, 'admin', 'H. Deni Nuryadi, SH., MH', 'h-deni-nuryadi-sh-mh', '0401116001', '<p>S-2</p>\r\n', '-', ''),
(17, 2, 'admin', 'H. Nurdin Singadimedja, SH., MH', 'h-nurdin-singadimedja-sh-mh', '0411700200', '<p>S-2</p>\r\n', '-', ''),
(18, 2, 'admin', 'Rahmi Zubaedah, SH., MH', 'rahmi-zubaedah-sh-mh', '-', '<p>S-2</p>\r\n', '-', ''),
(19, 2, 'admin', 'Rani Apriani, SE., SH., MH', 'rani-apriani-se-sh-mh', '411700855', '<p>S-2</p>\r\n', '-', ''),
(20, 2, 'admin', 'Ida R Hasan, SH., MH', 'ida-r-hasan-sh-mh', '411700854', '<p>S-2</p>\r\n', '-', ''),
(21, 2, 'admin', 'Gunadi, SH., MH', 'gunadi-sh-mh', '-', '<p>S-2</p>\r\n', '-', ''),
(22, 2, 'admin', 'Margo Hadi Pura, SH., MH', 'margo-hadi-pura-sh-mh', '411700857', '<p>S-2</p>\r\n', '-', 'Pak_Margo.jpg'),
(23, 2, 'admin', 'Abdul Atsar, SH., MH', 'abdul-atsar-sh-mh', '411700853', '<p>S-2</p>\r\n', '-', ''),
(24, 2, 'admin', 'Drs. Nanang Nugraha, SH., MH', 'drs-nanang-nugraha-sh-mh', '130888650', '<p>S-2</p>\r\n', '-', ''),
(25, 2, 'admin', 'Wulansari, SH., MH', 'wulansari-sh-mh', '-', '<p>S-2</p>\r\n', '-', '11250918_1011003642245939_6926051438627913163_n.jpg'),
(26, 2, 'admin', 'Rohendra Fathammubina, SH., MH', 'rohendra-fathammubina-sh-mh', '411700856', '<p>S-2</p>\r\n', '-', ''),
(27, 2, 'admin', 'Pamungkas Satya Putra, SH,. MH', 'pamungkas-satya-putra-sh-mh', '411700858', '<p>S-2</p>\r\n', '-', 'SatyaEd.jpg'),
(28, 2, 'admin', '	Oci Senjaya, SH,. MH', '	oci-senjaya-sh-mh', '411700859', '<p>S-2</p>\r\n', '-', ''),
(29, 1, 'admin', 'Nono Heryana, M.Kom.', 'nono-heryana-mkom', '0030389005', '<p>S-2</p>\r\n', '-', 'nono.jpg'),
(30, 1, 'admin', 'BETHA NURINA SARI, M.Kom', 'betha-nurina-sari-mkom', '0023108901', '<p>S-2</p>\r\n', '081553031989', 'BETHA.jpg'),
(31, 1, 'admin', 'E. HAODUDIN NURKIFLI, S.T., M.Cs', 'e-haodudin-nurkifli-st-mcs', '411700812', '<p>S-2</p>\r\n', '085747445136', 'HAO.png'),
(32, 1, 'admin', 'RIZA IBNU ADAM, M.Si', 'riza-ibnu-adam-msi', '0006119002', '<p>S-2</p>\r\n', '085693194986', 'RIZA.jpg'),
(33, 1, 'admin', 'ADE ANDRI HENDRIADI, S.Si.,M.Kom.', 'ade-andri-hendriadi-ssimkom', '0402047903', '<p>S-2</p>\r\n', '085795552551', 'ADE.png'),
(34, 1, 'admin', 'ARIES SUHARSO, S.Si., M.Kom', 'aries-suharso-ssi-mkom', '0422037701', '<p>S-2</p>\r\n', '085691989535', 'ARIS.png'),
(35, 1, 'admin', 'SOFI DEFIYANTI, M.Kom', 'sofi-defiyanti-mkom', '0413128502', '<p>S-2</p>\r\n', '083899671007', 'SOFI.png'),
(36, 1, 'admin', 'MOHAMAD JAJULI, M.Si', 'mohamad-jajuli-msi', '0404128701', '<p>S-2</p>\r\n', '081213004170', 'JULI.png'),
(37, 1, 'admin', 'ADHI RIZAL, M.Kom.', 'adhi-rizal-mkom', '0007089101', '<p>S-2</p>\r\n', '-', 'ADHI.jpg'),
(38, 1, 'admin', 'DIDI JUARDI, ST., M.Kom', 'didi-juardi-st-mkom', '0422047101', '<p>S-2</p>\r\n', '081546507323', 'DIDI.jpg'),
(39, 1, 'admin', 'AJI PRIMAJAYA, S.Si., M.Kom', 'aji-primajaya-ssi-mkom', '0026048706', '<p>S-2</p>\r\n', '081331718961', 'AJI.jpg'),
(40, 1, 'admin', 'HANNIE, S.Kom., MMSI', 'hannie-skom-mmsi', '0430088205', '<p>S-2</p>\r\n', '083893376009', 'HANI.jpg'),
(41, 1, 'admin', 'TESA NUR PADILAH, S.Si., M.Sc', 'tesa-nur-padilah-ssi-msc', '0019109001', '<p>S-2</p>\r\n', '085223259209', 'TESA.jpg'),
(42, 1, 'admin', 'PURWANTORO, S.Kom,M.Kom', 'purwantoro-skommkom', '0408117702', '<p>S-2</p>\r\n', '085885637201', 'PURWAN.jpg'),
(43, 1, 'admin', 'JAJAM HAERUL JAMAN, SE., M.Kom', 'jajam-haerul-jaman-se-mkom', '0010117808', '<p>S-2</p>\r\n', '081585339743', 'JAJAM.png'),
(44, 1, 'admin', 'YUYUN UMAIDAH, S.Kom., M.Kom', 'yuyun-umaidah-skom-mkom', '411701051', '<p>S-2</p>\r\n', '085695554253', 'YUYUN.jpg'),
(45, 1, 'admin', 'NINA SULISTIYOWATI, S.T., M.Kom', 'nina-sulistiyowati-st-mkom', '0009028307', '<p>S-2</p>\r\n', '081221811122', 'NINA.png'),
(46, 1, 'admin', 'ARIP SOLEHUDIN, M.KOM', 'arip-solehudin-mkom', '0016048902', '<p>S-2</p>\r\n', '085794726601', 'ARIP.jpg'),
(47, 1, 'admin', 'SUSILAWATI, M.Kom.', 'susilawati-mkom', '0028019002', '<p>S-2</p>\r\n', '-', ''),
(48, 1, 'admin', 'OMAN KOMARUDIN, S.Si, M.Kom', 'oman-komarudin-ssi-mkom', '406047702', '<p>S-2</p>\r\n', '081212073393', 'OMAN.png'),
(49, 1, 'admin', 'ASEP JAMALUDIN, S.Si., M.Kom', 'asep-jamaludin-ssi-mkom', '0010017606', '<p>S-2</p>\r\n', '081910201165', 'ASEP.jpg'),
(50, 1, 'admin', 'GARNO, M.Kom', 'garno-mkom', '411701041', '<p>S-2</p>\r\n', '085718333773', 'GARNO.jpg'),
(51, 1, 'admin', 'RINI MAYASARI, M.Kom.', 'rini-mayasari-mkom', '0028059101', '<p>S-2</p>\r\n', '08561082077', 'RINI.jpg'),
(52, 1, 'admin', 'CARUDIN, M.Kom', 'carudin-mkom', '0013048804', '<p>S-2</p>\r\n', '085959592431', 'CARUDIN.png'),
(53, 1, 'admin', 'CHAERUR ROZIKIN, S.Kom., M.Kom', 'chaerur-rozikin-skom-mkom', '0020058305', '<p>S-2</p>\r\n', '081514329822', 'CHAERUR.jpg');

-- --------------------------------------------------------

--
-- Struktur dari tabel `download`
--

CREATE TABLE `download` (
  `id_download` int(5) NOT NULL,
  `judul` varchar(100) COLLATE latin1_general_ci NOT NULL,
  `nama_file` varchar(100) COLLATE latin1_general_ci NOT NULL,
  `tgl_posting` date NOT NULL,
  `hits` int(3) NOT NULL
) ENGINE=MyISAM DEFAULT CHARSET=latin1 COLLATE=latin1_general_ci;

--
-- Dumping data untuk tabel `download`
--

INSERT INTO `download` (`id_download`, `judul`, `nama_file`, `tgl_posting`, `hits`) VALUES
(30, 'Jadwal Kuliah Mandiri ganjil 2015/2016', 'contoh_file_download_universitas.txt', '2015-09-19', 743),
(31, 'Jadwal Kuliah Reguler ganjil 2015/2016', 'contoh_file_download_universitas.txt', '2015-09-19', 3426),
(32, 'Revisi Jadwal Kuliah 1 2015/2016', 'contoh_file_download_universitas.txt', '2015-09-21', 1670),
(34, 'Revisi Jadwal kuliah 22 september', 'contoh_file_download_universitas.txt', '2015-09-22', 2294),
(35, 'Jadwal UTS Fakultas Ekonomi dan Bisnis', 'contoh_file_download_universitas.txt', '2015-11-05', 2015),
(36, 'Jadwal UTS Prodi baru (TIP,FAR,TS,TM,IK,IH,SI,SASING)', 'contoh_file_download_universitas.txt', '2015-11-05', 606),
(37, 'Jadwal Pengawas FEB', 'contoh_file_download_universitas.txt', '2015-11-11', 719),
(38, 'Jadwal Pengawas Non FEB', 'contoh_file_download_universitas.txt', '2015-11-11', 428),
(39, 'jadwal uts yang belum masuk', 'contoh_file_download_universitas.txt', '2015-11-16', 464),
(41, 'JOB OPENING 1', 'contoh_file_download_universitas.txt', '2015-12-10', 420),
(42, 'JOB OPENING 2', 'contoh_file_download_universitas.txt', '2015-12-10', 286),
(44, 'UAS FEB 2015/2016 Ganjil', 'contoh_file_download_universitas.txt', '2016-01-23', 3265),
(45, 'Jadwal UAS 8 Prodi Baru 2015/2016 Ganjil', 'contoh_file_download_universitas.txt', '2016-01-23', 816),
(46, 'Daftar pengawas UAS FEB GANJIL 2015 2016', 'contoh_file_download_universitas.txt', '2016-01-28', 749),
(47, 'Daftar pengawas UAS Non FEB GANJIL 2015 2016', 'contoh_file_download_universitas.txt', '2016-01-28', 336),
(51, 'Revisi Jadwal Pengawas FEB UTS Semester Genap 2015/2016', 'contoh_file_download_universitas.txt', '2016-05-02', 438),
(55, 'Jadwal Pengawas UAS Non FEB Genap 2015/2016', 'contoh_file_download_universitas.txt', '2016-07-11', 367),
(54, 'Jadwal UAS Non FEB Genap 2015/2016', 'contoh_file_download_universitas.txt', '2016-07-11', 1303),
(56, 'Jadwal Pengawas UAS MHS Mandiri FEB 2015-2016', 'contoh_file_download_universitas.txt', '2016-07-11', 405),
(57, 'JADWAL UAS S1 MANAJEMEN GENAP 2015/2016', 'contoh_file_download_universitas.txt', '2016-07-11', 397),
(58, 'JADWAL UAS S1 AKUNTANSI GENAP 2015/2016', 'contoh_file_download_universitas.txt', '2016-07-11', 210),
(59, 'JADWAL UAS D3 MANAJEMEN GENAP 2015/2016', 'contoh_file_download_universitas.txt', '2016-07-11', 76),
(60, 'JADWAL UAS D3 AKUNTANSI GENAP 2015/2016', 'contoh_file_download_universitas.txt', '2016-07-11', 96),
(62, 'Jadwal Pengawas UAS MHS Reg FEB 2015-2016', 'contoh_file_download_universitas.txt', '2016-07-13', 366);

-- --------------------------------------------------------

--
-- Struktur dari tabel `fakultas`
--

CREATE TABLE `fakultas` (
  `id_fakultas` int(5) NOT NULL,
  `nm_fakultas` varchar(100) CHARACTER SET latin1 COLLATE latin1_general_ci NOT NULL,
  `fakultas_seo` varchar(100) CHARACTER SET latin1 COLLATE latin1_general_ci NOT NULL,
  `keterangans` text CHARACTER SET latin1 COLLATE latin1_general_ci NOT NULL,
  `gbr_fakultas` varchar(100) CHARACTER SET latin1 COLLATE latin1_general_ci NOT NULL,
  `aktif` enum('Y','N') CHARACTER SET latin1 COLLATE latin1_general_ci NOT NULL DEFAULT 'Y',
  `hits_fakultas` int(5) NOT NULL DEFAULT '1',
  `tgl_posting` date NOT NULL,
  `jam` time NOT NULL,
  `hari` varchar(20) CHARACTER SET latin1 COLLATE latin1_general_ci NOT NULL,
  `username` varchar(50) CHARACTER SET latin1 COLLATE latin1_general_ci NOT NULL
) ENGINE=InnoDB DEFAULT CHARSET=latin1;

--
-- Dumping data untuk tabel `fakultas`
--

INSERT INTO `fakultas` (`id_fakultas`, `nm_fakultas`, `fakultas_seo`, `keterangans`, `gbr_fakultas`, `aktif`, `hits_fakultas`, `tgl_posting`, `jam`, `hari`, `username`) VALUES
(1, 'FAKULTAS ILMU KOMPUTER', 'fakultas-ilmu-komputer', '<p>Daftar Dosen Fakultas Ilmu Komputer Universitas Singaperbangsa Karawang</p>\r\n', 'Fasilkom-250.jpg', 'Y', 29, '2017-10-21', '23:45:21', 'Sabtu', 'admin'),
(2, 'FAKULTAS HUKUM', 'fakultas-hukum', '<p>hukum</p>\r\n', 'Fasilkom-250_-_Copy.jpg', 'Y', 32, '2017-10-21', '23:49:14', 'Sabtu', 'admin'),
(3, 'FAKULTAS EKONOMI DAN BISNIS', 'fakultas-ekonomi-dan-bisnis', '<p>feb</p>\r\n', 'feb.jpg', 'Y', 0, '2017-10-21', '23:50:18', 'Sabtu', 'admin'),
(4, 'FAKULTAS ILMU SOSIAL DAN ILMU POLITIK', 'fakultas-ilmu-sosial-dan-ilmu-politik', '<p>fisip</p>\r\n', 'fisip.jpg', 'Y', 0, '2017-10-22', '00:58:27', 'Minggu', 'admin'),
(5, 'FAKULTAS AGAMA ISLAM', 'fakultas-agama-islam', '<p>fai</p>\r\n', 'FAI.jpg', 'Y', 1, '2017-10-22', '01:01:19', 'Minggu', 'admin'),
(6, 'FAKULTAS KEGURUAN DAN ILMU PENDIDIKAN', 'fakultas-keguruan-dan-ilmu-pendidikan', '<p>fkip</p>\r\n', 'fkip.jpg', 'Y', 0, '2017-10-22', '01:05:13', 'Minggu', 'admin'),
(7, 'FAKULTAS TEKNIK', 'fakultas-teknik', '<p>teknik</p>\r\n', 'teknik.jpg', 'Y', 0, '2017-10-22', '01:07:04', 'Minggu', 'admin'),
(8, 'FAKULTAS PERTANIAN', 'fakultas-pertanian', '<p>faperta</p>\r\n', 'faperta.jpg', 'Y', 0, '2017-10-22', '01:08:57', 'Minggu', 'admin'),
(9, 'FAKULTAS ILMU KESEHATAN', 'fakultas-ilmu-kesehatan', '<p>kebidanan</p>\r\n', 'ikesehatan.jpg', 'Y', 0, '2017-10-22', '01:10:24', 'Minggu', 'admin');

-- --------------------------------------------------------

--
-- Struktur dari tabel `gallery`
--

CREATE TABLE `gallery` (
  `id_gallery` int(5) NOT NULL,
  `id_album` int(5) NOT NULL,
  `username` varchar(50) COLLATE latin1_general_ci NOT NULL,
  `jdl_gallery` varchar(100) COLLATE latin1_general_ci NOT NULL,
  `gallery_seo` varchar(100) COLLATE latin1_general_ci NOT NULL,
  `npm` varchar(50) COLLATE latin1_general_ci NOT NULL,
  `keterangan` text COLLATE latin1_general_ci NOT NULL,
  `gbr_gallery` varchar(100) COLLATE latin1_general_ci NOT NULL
) ENGINE=MyISAM DEFAULT CHARSET=latin1 COLLATE=latin1_general_ci;

--
-- Dumping data untuk tabel `gallery`
--

INSERT INTO `gallery` (`id_gallery`, `id_album`, `username`, `jdl_gallery`, `gallery_seo`, `npm`, `keterangan`, `gbr_gallery`) VALUES
(238, 30, 'admin', 'Lautan Penonton', 'lautan-penonton', '', 'Lebih kurang dari 50.000 penonton yang memadati Stadion Gelora Bung Karno menyaksikan aksi Kantata Barock.\r\n', '7kantata3.jpg'),
(237, 30, 'admin', 'Mengenang WS. Rendra', 'mengenang-ws-rendra', '', 'Konser didedikasikan buat salah satu anggota Kantata Takwa, WS. Rendra. Suasana kemeriahan para artis pendukung.\r\n', '44kantata4.jpg'),
(240, 31, 'admin', 'Doa Bersamaaa', 'doa-bersamaaa', '', '<p>Mengingat agresi yang militer yang dilancarkan Israel merupakan pelanggaran hukum humaniter internasional. Menyusul banyak warga sipil yang telah menjadi korban akibat pertempuran yang dilakukan Israel dan Hamas. Sebelumnya, Sekretaris Jendral Perserikatan Bangsa - Bangsa (PBB) Ban Ki-moon dan Menteri Luar Negeri Amerika Serikat (AS) John Kerry melakukan pertemuan di Kairo, Mesir. Pertemuan di bertujuan untuk mendesak agar konflik yang terjadi di Gaza segera dihentikan.cbcvb</p>\r\n', '38kantata1.jpg'),
(239, 30, 'admin', 'Semangat Kantata', 'semangat-kantata', '', 'Semangat para macan-macan tua Kantata, seolah mmemberi penyadaran baru dan bagai api yang tak pernah padam.\r\n', '7kantata2.jpg'),
(236, 30, 'admin', 'Iwan Fals', 'iwan-fals', '', 'Iwan Fals yang tergabung dalam Kantata Barock bersama Setiawan Djodi dan Sawong Jabo menghibur penggemarnya di GBK.\r\n', '85kantata5.jpg'),
(235, 30, 'admin', 'Iwan dan Oemar Bakrie', 'iwan-dan-oemar-bakrie', '', 'Aksi penonton yang mirip dengan Iwan Fals dan sang guru Oemar Bakrie\r\n', '95kantata6.jpg'),
(234, 30, 'admin', 'Bento...Bento..!!', 'bentobento', '', 'Bento...Bento...Bentok...!! ....Asyikkk... begitu teriak Setiawan Djody dan Sawung Jabo yang ikuti ribuan penonton.\r\n', '32kantata7.jpg'),
(232, 29, 'admin', 'Karpet Raksasa dari Bunga 008', 'karpet-raksasa-dari-bunga-008', '', '', '45bungaraksasa8.jpg'),
(233, 30, 'admin', 'Sujud Syukur', 'sujud-syukur', '', 'Seluruh awak Kantata Barock melakukan sujud syukur di penghujung acara.<br />\r\n', '32kantata8.jpg'),
(231, 29, 'admin', 'Karpet Raksasa dari Bunga 007', 'karpet-raksasa-dari-bunga-007', '', '', '89bungaraksasa7.jpg'),
(230, 29, 'admin', 'Karpet Raksasa dari Bunga 006', 'karpet-raksasa-dari-bunga-006', '', '', '17bungaraksasa6.JPG'),
(229, 29, 'admin', 'Karpet Raksasa dari Bunga 005', 'karpet-raksasa-dari-bunga-005', '', '', '74bungaraksasa5.JPG'),
(228, 29, 'admin', 'Karpet Raksasa dari Bunga 004', 'karpet-raksasa-dari-bunga-004', '', '', '22bungaraksasa4.JPG'),
(227, 29, 'admin', 'Karpet Raksasa dari Bunga 003', 'karpet-raksasa-dari-bunga-003', '', '', '78bungaraksasa3.JPG'),
(225, 29, 'admin', 'Karpet Raksasa dari Bunga 001', 'karpet-raksasa-dari-bunga-001', '', '', '17bungaraksasa1.JPG'),
(226, 29, 'admin', 'Karpet Raksasa dari Bunga 002', 'karpet-raksasa-dari-bunga-002', '', '', '22bungaraksasa2.JPG'),
(224, 28, 'admin', 'Favorit', 'favorit', '', '<p>Mainan adalah barang favorit yang senantiasa diburu para pembeli. Selain murah, pilihannya pun berbagai jenis.</p>\r\n', '34asemka10.jpg'),
(223, 28, 'admin', 'Suasana Pasar Asemka', 'suasana-pasar-asemka', '', 'Pasar Asemka, Jakarta, merupakan pasar grosir yang banyak menyediakan berbagai aksesoris seperti kalung, cincin, Souvenir pernakahan, dan lainnya. Di Pasara Asemka anda akan dimanjakan dengan beragam barang yang dibandrol dengan harga murah meriah dan biasanya dijual grosiran.<br />\r\n', '6asemka9.jpg'),
(222, 28, 'admin', 'Petasan', 'petasan', '', 'Petasan aneka jenis juga dijajakan di Pasar Asemka, Jakarta.\r\n', '2asemka8.jpg'),
(221, 28, 'admin', 'Merah Marun', 'merah-marun', '', 'Salah satu suvenir pernikahan nan cantik yang dijual di Pasar Asemka, Jakarta.\r\n', '82asemka4.jpg'),
(220, 28, 'admin', 'Menata Cincin', 'menata-cincin', '', 'Seorang pedagang cincin aksesoris sedang merapihkan letak cincin agar lebih menarik di Pasar Asemka, Jakarta.\r\n', '21asemka7.jpeg'),
(219, 28, 'admin', 'Suvenir', 'suvenir', '', '<p>Aneka Souvenir Pernikahan yang dijual di Pasar Asemka, Jakarta.</p>\r\n', '1WEB-DEVELOPMENT2.jpg'),
(218, 28, 'admin', 'Seorang Wanita Pedagang', 'seorang-wanita-pedagang', '', '<p>Seorang wanita sedang menunggu kios aksesorisnya.</p>\r\n', '4520kantata_barock.jpg'),
(217, 28, 'admin', 'Suasana Pasar', 'suasana-pasar', '', '<p>Suasana di Pasar Asemka yang senantiasa ramai. Dan pengunjung bebas memilih berbagai jenis aksesoris.</p>\r\n', '17Penguins.jpg'),
(216, 28, 'admin', 'Pedagang', 'pedagang', '', '<p>Seorang pedagang sedang membungkus souvenir penikahan yang akan dijual ataupun pesanan dari pelanggangnnya.</p>\r\n', '18asemka.jpg'),
(254, 1, 'admin', 'Screenshot 1 ', 'screenshot-1-', '', 'Screenshot 1 Screenshot 1 Screenshot 1 Screenshot 1 Screenshot 1 Screenshot 1 Screenshot 1 Screenshot 1 Screenshot 1 Screenshot 1 Screenshot 1 Screenshot 1 Screenshot 1 Screenshot 1 Screenshot 1 Screenshot 1 Screenshot 1 Screenshot 1 Screenshot 1 Screenshot 1 Screenshot 1 Screenshot 1 Screenshot 1 Screenshot 1 Screenshot 1 Screenshot 1 Screenshot 1 Screenshot 1 Screenshot 1 Screenshot 1 Screenshot 1 Screenshot 1 Screenshot 1 Screenshot 1 Screenshot 1 Screenshot 1 Screenshot 1 ', '911.jpg'),
(264, 50, 'admin', '12320 - TAPRI ANDI WJ', '12320--tapri-andi-wj', '', '<p>Tapri Andi WJ - 12320</p>\r\n', '1241177004320.jpg'),
(265, 50, 'admin', '12047 - ERVAN BUDIYANTO', '12047--ervan-budiyanto', '', '<p>Ervan Budiyanto - 12047</p>\r\n', '1241177004047.jpg'),
(266, 50, 'admin', '12020 - TERLI MAULANA', '12020--terli-maulana', '', '<p>TERLI MAULANA - 12020</p>\r\n', '1241177004020.jpg'),
(267, 50, 'admin', 'ZELIN PUJA INGTYAS', 'zelin-puja-ingtyas', '1241177004001', '<p>2012</p>\r\n', '1241177004001.jpg'),
(268, 50, 'admin', '12003 - FIQI FAJRINA SARI', '12003--fiqi-fajrina-sari', '', '<p>FIQI FAJRINA SARI - 12003</p>\r\n', '1241177004003.jpg'),
(269, 50, 'admin', '12004 - SAMSUL KOSASI', '12004--samsul-kosasi', '', '', '1241177004004.jpg'),
(270, 50, 'admin', '12005 - YAYAN SUHENDAR', '12005--yayan-suhendar', '', '', '1241177004005.jpg'),
(271, 50, 'admin', '12009 - FATHIA ZURAIDA', '12009--fathia-zuraida', '', '', '1241177004009.jpg'),
(272, 50, 'admin', '12011 - HENKI LUTHFI LAFILA', '12011--henki-luthfi-lafila', '', '', '1241177004011.jpg'),
(273, 50, 'admin', '12013 - SUHERLAN', '12013--suherlan', '', '', '1241177004013.jpg'),
(274, 50, 'admin', '12014 - YANUAR KARIM ABDURAHMAN', '12014--yanuar-karim-abdurahman', '', '', '1241177004014.jpg'),
(275, 50, 'admin', '12015 - TIO ABDUL SAID', '12015--tio-abdul-said', '', '', '1241177004015.jpg'),
(276, 50, 'admin', '12016 - ANDI FERDIAN HERMAWAN', '12016--andi-ferdian-hermawan', '', '', '1241177004016.jpg'),
(277, 50, 'admin', '12017- BENI SUGIARTO', '12017-beni-sugiarto', '', '', '1241177004017.jpg'),
(278, 50, 'admin', '12019 - IMAM NUROFIK', '12019--imam-nurofik', '', '', '1241177004019.jpg'),
(279, 50, 'admin', '12021 - HERMAN DINATA', '12021--herman-dinata', '', '', '1241177004021.jpg'),
(280, 50, 'admin', '12022 - AJAT NURAJAT', '12022--ajat-nurajat', '', '', '1241177004022.jpg'),
(281, 50, 'admin', '12023 - KHAERUL ANWAR', '12023--khaerul-anwar', '', '', '1241177004023.jpg'),
(282, 50, 'admin', '12024 - MUHAMAD IRFAN RIFAI', '12024--muhamad-irfan-rifai', '', '', '1241177004024.jpg'),
(283, 50, 'admin', '12025 - GILANG DWI AGUSTIAN', '12025--gilang-dwi-agustian', '', '', '1241177004025.jpg'),
(284, 50, 'admin', '12027 - DAVID SENTOT PRASETHO', '12027--david-sentot-prasetho', '', '', '1241177004027.jpg'),
(285, 50, 'admin', '12028 - AJI DARMAWAN', '12028--aji-darmawan', '', '', '1241177004028.jpg'),
(286, 50, 'admin', '12029 - KURNIA YULISTIN ANIA', '12029--kurnia-yulistin-ania', '', '', '1241177004029.jpg'),
(287, 50, 'admin', '12030 - RAHMAT ABDUL GANI', '12030--rahmat-abdul-gani', '', '', '1241177004030.jpg'),
(288, 50, 'admin', '12031 - ZEZEN NURJENAL', '12031--zezen-nurjenal', '', '', '1241177004031.jpg'),
(289, 50, 'admin', '12032 - SITI JUMANAH', '12032--siti-jumanah', '', '', '1241177004032.jpg'),
(290, 50, 'admin', '12033 - AHMAD NURFAI', '12033--ahmad-nurfai', '', '', '1241177004033.jpg'),
(291, 50, 'admin', '12034 - BENNY FERNANDO', '12034--benny-fernando', '', '', '1241177004034.jpg'),
(292, 50, 'admin', '12035 - BAYU SOLEH', '12035--bayu-soleh', '', '', '1241177004035.jpg'),
(293, 50, 'admin', '12036 - NOVIA FUJIANI DWI MARIANI', '12036--novia-fujiani-dwi-mariani', '', '', '1241177004036.jpg'),
(294, 50, 'admin', '12037 - KIKI NURBAETI', '12037--kiki-nurbaeti', '', '', '1241177004037.jpg'),
(295, 50, 'admin', '12038 - DELA KESUMA DEWI', '12038--dela-kesuma-dewi', '', '', '1241177004038.jpg'),
(296, 50, 'admin', '12039 - YUDI SRILAKSONO', '12039--yudi-srilaksono', '', '', '1241177004039.jpg'),
(297, 50, 'admin', '12041 - AHMAD DAELAMI', '12041--ahmad-daelami', '', '', '1241177004041.jpg'),
(298, 50, 'admin', '12043 - RIADHI SAEFUL MUTTAQIN', '12043--riadhi-saeful-muttaqin', '', '', '1241177004043.jpg'),
(299, 50, 'admin', '12044 - SUBAGUS WIARTA', '12044--subagus-wiarta', '', '', '1241177004044.jpg'),
(300, 50, 'admin', '12045 - JABAR SUKMAYA', '12045--jabar-sukmaya', '', '', '1241177004045.jpg'),
(301, 50, 'admin', '12046 - AGUS BADRUSSALAM', '12046--agus-badrussalam', '', '', '1241177004046.jpg'),
(302, 50, 'admin', '12048 - WIWI WIRANTI', '12048--wiwi-wiranti', '', '', '1241177004048.jpg'),
(303, 50, 'admin', '12049 - ARI NUR RAHMAN', '12049--ari-nur-rahman', '', '', '1241177004049.jpg'),
(304, 50, 'admin', '12050 - ARIF MAULANA ISMANSYAH', '12050--arif-maulana-ismansyah', '', '', '1241177004050.jpg'),
(305, 50, 'admin', '12052 - AINA NOVIA ASTARINA', '12052--aina-novia-astarina', '', '', '1241177004052.jpg'),
(306, 50, 'admin', '12053 - DICKIE FEBRIAN', '12053--dickie-febrian', '', '', '1241177004053.jpg'),
(307, 50, 'admin', '12055 - SOKHABI', '12055--sokhabi', '', '', '1241177004055.jpg'),
(308, 50, 'admin', '12057 - RIKI HERMAWAN', '12057--riki-hermawan', '', '', '1241177004057.jpg'),
(309, 50, 'admin', '12058 - M. KHOLIDUL FARROH', '12058--m-kholidul-farroh', '', '', '1241177004058.jpg'),
(310, 50, 'admin', '12059 - ISMA ZANTIYA KHOERANI', '12059--isma-zantiya-khoerani', '', '', '1241177004059.jpg'),
(311, 50, 'admin', '12061 - SARONI', '12061--saroni', '', '', '1241177004061.jpg'),
(312, 50, 'admin', '12062 - JUHITA', '12062--juhita', '', '', '1241177004062.jpg'),
(313, 50, 'admin', '12063 - TRISNA PUJI ATMAJA', '12063--trisna-puji-atmaja', '', '', '1241177004063.jpg'),
(314, 50, 'admin', '12065 - AGUNG LAZI NUGROHO', '12065--agung-lazi-nugroho', '', '', '1241177004065.jpg'),
(315, 50, 'admin', '12067 - JAMAL SUBKAN', '12067--jamal-subkan', '', '', '1241177004067.jpg'),
(316, 50, 'admin', '12068 - ANDREAN BAGUS DELLA N', '12068--andrean-bagus-della-n', '', '', 'nofoto1.jpg'),
(317, 50, 'admin', '12069 - YUSWAN ARYANTO', '12069--yuswan-aryanto', '', '', '1241177004069.jpg'),
(318, 50, 'admin', '12070 - MUHAMMAD SOBRI MALISTY', '12070--muhammad-sobri-malisty', '', '', '1241177004070.jpg'),
(319, 50, 'admin', '12071 - ADE RAHMAT NUGRAHA', '12071--ade-rahmat-nugraha', '', '', '1241177004071.jpg'),
(320, 50, 'admin', '12072 - AFRIANSYAH', '12072--afriansyah', '', '', 'nofoto11.jpg'),
(321, 50, 'admin', '12074 - INDAH APRIYANI', '12074--indah-apriyani', '', '', '1241177004074.jpg'),
(322, 50, 'admin', '12076 - FITRI YANTI', '12076--fitri-yanti', '', '', '1241177004076.jpg'),
(323, 50, 'admin', '12077 - ASEP SAEPUDIN', '12077--asep-saepudin', '', '', '1241177004077.jpg'),
(324, 50, 'admin', '12078 - SYAMSUL HILAL', '12078--syamsul-hilal', '', '', 'nofoto12.jpg'),
(325, 50, 'admin', '12079 - EVA SITI SOLIHAT', '12079--eva-siti-solihat', '', '', 'nofoto13.jpg'),
(326, 50, 'admin', '12080 - BELLA FAUZIA', '12080--bella-fauzia', '', '', '1241177004080.jpg'),
(327, 50, 'admin', '12083 - RAMDANI AHADI', '12083--ramdani-ahadi', '', '', '1241177004083.jpg'),
(328, 50, 'admin', '12084 - FAJAR PERMANA', '12084--fajar-permana', '', '', '1241177004084.jpg'),
(329, 50, 'admin', '12087 - SANDY PRATAMA DESTIANA P', '12087--sandy-pratama-destiana-p', '', '', '1241177004087.jpg'),
(330, 50, 'admin', '12088 - ANGGA S WIJAYA', '12088--angga-s-wijaya', '', '', '1241177004088.jpg'),
(331, 50, 'admin', '12092 - RYAN JULIO PRIMAVERA', '12092--ryan-julio-primavera', '', '', '1241177004092.jpg'),
(332, 50, 'admin', '12093 - RIKI NURJAMAN', '12093--riki-nurjaman', '', '', '1241177004093.jpg'),
(333, 50, 'admin', '12094 - FITRIA APRILLIA FUTRI', '12094--fitria-aprillia-futri', '', '', '1241177004094.jpg'),
(334, 50, 'admin', '12095 - KARINA ALKAR BOWO', '12095--karina-alkar-bowo', '', '', '1241177004095.jpg'),
(335, 50, 'admin', '12098 - YETI NURHAYATI', '12098--yeti-nurhayati', '', '', '1241177004098.jpg'),
(336, 50, 'admin', '12099 - ALIH GUNAWAN', '12099--alih-gunawan', '', '', '1241177004099.jpg'),
(337, 50, 'admin', '12100 - DHIKI DWI BUDIAWAN', '12100--dhiki-dwi-budiawan', '', '', '1241177004100.jpg'),
(338, 50, 'admin', '12103 - WANGGI SAPARENGGA', '12103--wanggi-saparengga', '', '', '1241177004103.jpg'),
(339, 50, 'admin', '12104 - JUMSIH', '12104--jumsih', '', '', '1241177004104.jpg'),
(340, 50, 'admin', '12105 - RIDWAN ALAWI', '12105--ridwan-alawi', '', '', '1241177004105.jpg'),
(341, 50, 'admin', '12108 - RUDHI WAHYUDI FEBRIANTO', '12108--rudhi-wahyudi-febrianto', '', '', '1241177004108.jpg'),
(342, 50, 'admin', '12109 - HIBA AMBARA', '12109--hiba-ambara', '', '', '1241177004109.jpg'),
(343, 50, 'admin', '12110 - RISKA RISMARLIYAH', '12110--riska-rismarliyah', '', '', '1241177004110.jpg'),
(344, 50, 'admin', '12111 - ERLINA RISMAYANTI', '12111--erlina-rismayanti', '', '', '1241177004111.jpg'),
(345, 50, 'admin', '12112 - DEBBY HERRY PRATIWI', '12112--debby-herry-pratiwi', '', '', '1241177004112.jpg'),
(346, 50, 'admin', '12115 - ELGA LARA NURI WULANSARI', '12115--elga-lara-nuri-wulansari', '', '', '1241177004115.jpg'),
(347, 50, 'admin', '12116 - SITI AWALIATUL HASANAH', '12116--siti-awaliatul-hasanah', '', '', 'nofoto14.jpg'),
(348, 50, 'admin', '12117 - MUTIARA AYU NURSIWARDANI', '12117--mutiara-ayu-nursiwardani', '', '', 'nofoto15.jpg'),
(349, 50, 'admin', '12118 - YOGA KUSUMA', '12118--yoga-kusuma', '', '', '1241177004118.jpg'),
(350, 50, 'admin', '12120 - GITA APRILIANTI P', '12120--gita-aprilianti-p', '', '', '1241177004120.jpg'),
(351, 50, 'admin', '12121 - NURDAHLIA', '12121--nurdahlia', '', '', '1241177004121.jpg'),
(352, 50, 'admin', '12122 - GEBY OCTAVIANA HERMAWAN', '12122--geby-octaviana-hermawan', '', '', '1241177004122.jpg'),
(353, 50, 'admin', '12123 - MEILANGGA NUR ACHSAN P', '12123--meilangga-nur-achsan-p', '', '', '1241177004123.jpg'),
(354, 50, 'admin', '12124 - MUHAMAD IRFAN', '12124--muhamad-irfan', '', '', '1241177004124.jpg'),
(355, 50, 'admin', '12125 - MUHAMAD ILHAM', '12125--muhamad-ilham', '', '', '1241177004125.jpg'),
(357, 50, 'admin', '12127 - WINDY KURNIAWATI', '12127--windy-kurniawati', '', '', '1241177004127.jpg'),
(358, 50, 'admin', '12128 - MARLI RUKMANA', '12128--marli-rukmana', '', '', '1241177004128.jpg'),
(359, 50, 'admin', '12129 - BAHRUL ULUM', '12129--bahrul-ulum', '', '', '1241177004129.jpg'),
(360, 50, 'admin', '12130 - MUHAMMAD MIFTAH FARID', '12130--muhammad-miftah-farid', '', '', '1241177004130.jpg'),
(361, 50, 'admin', '12131 - WINA SABILA', '12131--wina-sabila', '', '', '1241177004131.jpg');

-- --------------------------------------------------------

--
-- Struktur dari tabel `group_menu`
--

CREATE TABLE `group_menu` (
  `id_group_menu` int(11) NOT NULL,
  `nama_group_menu` varchar(100) NOT NULL
) ENGINE=MyISAM DEFAULT CHARSET=latin1;

--
-- Dumping data untuk tabel `group_menu`
--

INSERT INTO `group_menu` (`id_group_menu`, `nama_group_menu`) VALUES
(1, 'PROFIL'),
(2, 'ORGANISASI'),
(3, 'AKADEMIK'),
(4, 'FASILITAS');

-- --------------------------------------------------------

--
-- Struktur dari tabel `group_menu_list`
--

CREATE TABLE `group_menu_list` (
  `id_group_menu_list` int(11) NOT NULL,
  `id_group_menu` int(5) NOT NULL,
  `nama` varchar(150) NOT NULL,
  `link` text NOT NULL
) ENGINE=MyISAM DEFAULT CHARSET=latin1;

--
-- Dumping data untuk tabel `group_menu_list`
--

INSERT INTO `group_menu_list` (`id_group_menu_list`, `id_group_menu`, `nama`, `link`) VALUES
(1, 1, 'Sejarah Univeristas', '#'),
(2, 1, 'Visi, Misi & Tujuan', '#'),
(3, 1, 'Komponen/Lambang', '#'),
(4, 1, 'Mars & Hymne Unidha', '#'),
(5, 1, 'Logo Universitas', '#'),
(6, 2, 'Pimpinan Kampus', 'page/detail/pimpinan-universitas'),
(7, 2, 'Senat Universitas', '#'),
(8, 2, 'Guru Besar', '#'),
(9, 2, 'Dosen', 'dosen'),
(10, 2, 'Mahasiswa', 'mahasiswa'),
(11, 3, 'Kelender Akademik', '#'),
(12, 3, 'Penerimaan Mahasiswa Baru (S1)', '#'),
(14, 3, 'E-learning Mahasiswa', '#'),
(15, 3, 'Journal Online Mahasiswa', '#'),
(17, 4, 'Beasiswa', '#'),
(18, 4, 'Pustaka', '#'),
(19, 4, 'Layanan IT', '#'),
(20, 4, 'Webmail', '#');

-- --------------------------------------------------------

--
-- Struktur dari tabel `halamanstatis`
--

CREATE TABLE `halamanstatis` (
  `id_halaman` int(5) NOT NULL,
  `judul` varchar(100) NOT NULL,
  `judul_seo` varchar(100) NOT NULL,
  `isi_halaman` text NOT NULL,
  `tgl_posting` date NOT NULL,
  `gambar` varchar(100) NOT NULL,
  `username` varchar(50) CHARACTER SET latin1 COLLATE latin1_general_ci NOT NULL,
  `dibaca` int(5) NOT NULL DEFAULT '1',
  `jam` time NOT NULL,
  `hari` varchar(20) CHARACTER SET latin1 COLLATE latin1_general_ci NOT NULL
) ENGINE=MyISAM DEFAULT CHARSET=latin1;

--
-- Dumping data untuk tabel `halamanstatis`
--

INSERT INTO `halamanstatis` (`id_halaman`, `judul`, `judul_seo`, `isi_halaman`, `tgl_posting`, `gambar`, `username`, `dibaca`, `jam`, `hari`) VALUES
(1, 'Tentang Kami', 'tentang-kami', '<p>Selamat datang di komunitas members phpmu private training web development. Komunitas ini awalnya dibuat sebagai sarana komunikasi peserta kursus kami di kota Padang, dan tanpa disangka-sangka seiring berjalannya waktu anggota yang mendaftarpun semakin banyak dan itupun berasal dari berbagai tempat/wilayah di indonesia hingga mencapai ribuan anggota yang akhirnya komunitas ini kita kembangan lagi menjadi sarana komunikasi bagi para programmer php dari seluruh indonesia. Dimana didalam komunitas ini terbagi menjadi beberapa menu yang bisa anda lihat pada bagian paling atas dari web komunitas ini.<br />\r\n<br />\r\nTeam Pengembang dari Komunitas members phpmu private training web development saat ini sudah menambahkan fitur forum diskusi dan juga Kursus Online bagi para membersnya. Kegunaan dari forum diantaranya unutk mencari informasi yang dibutuhkan terutama mengenai kendala-kendala dalam belajar web programming dan dalam pengembangan dari aplikasi-aplikasi yang kita share disini, dan insyaallah pada tahun ini kita juga akan release video-video tutorial web programming lengkap bagi para members mulai dari HTML, CSS, JS, PHP, dan juga Framework Terpopuler saat ini agar semuanya juga bisa belajar seperti para peserta kursus kita disini.<br />\r\n<br />\r\nSemoga komunitas ini bisa selalu bermanfaat untuk kita semua yang setia berkunjung di www.lokomedia.web.id, dan semoga kita bisa saling berbagi pengalaman di web komunitas ini. Terima kasih telah berkunjung dan telah bergabung bersama kami.</p>\r\n', '2017-02-23', '', 'admin', 6, '22:45:49', 'Kamis'),
(2, 'Logo dan Filosofi', 'logo-dan-filosofi', '<p style=\"text-align:center\"><img alt=\"\" src=\"/portal/asset/kcfinder/upload/files/logo.jpg\" style=\"height:220px; width:220px\" /></p>\r\n\r\n<p><strong>UNSIKA</strong> memiliki lambang berbentuk perisai segi lima berwarna dasar biru dengan kode warna RGB (0,0,255), dibentuk dengan garis berwarna putih dengan kode warna RGB (255, 255, 255) yang di dalamnya terdapat:</p>\r\n\r\n<p style=\"text-align:justify\">a. &nbsp;2 (dua) telapak tangan yang dipersatukan dengan 6 (enam) kujang dalam 1 (satu) rangkaian, dibagi 2 (dua) simetris dengan 3 (tiga) kujang di sebela kanan dan 3</p>\r\n\r\n<p style=\"text-align:justify\">&nbsp; &nbsp; &nbsp; (tiga) kujang di sebelah kiri berwarna kuning emas;</p>\r\n\r\n<p style=\"text-align:justify\">b. &nbsp; golok lubuk yang berdiri tegak di tengah berwarna putih yang di atasnya terdapat nyala api dengan tiga ujung berwarna merah, dibentuk dengan garis berwarna</p>\r\n\r\n<p style=\"text-align:justify\">&nbsp; &nbsp; &nbsp; putih yang menyerupai bunga melati dan pada bagian bawah terdapat kepala singa dengan lima bulu; dan</p>\r\n\r\n<p style=\"text-align:justify\">c. &nbsp; tulisan UNIVERSITAS SINGAPERBANGSA KARAWANG dengan huruf arial berwarna putih membentuk setengah lingkaran di dalam lambang perisai segi lima.</p>\r\n\r\n<p style=\"margin-left:27pt; text-align:justify\">&nbsp;</p>\r\n\r\n<p style=\"text-align:justify\"><strong>Lambang diatas memiliki makna sebagai berikut:</strong></p>\r\n\r\n<p style=\"text-align:justify\">a. &nbsp; perisai segi lima bermakna:</p>\r\n\r\n<p style=\"text-align:justify\">&nbsp; &nbsp; &nbsp; &nbsp;1. &nbsp;alat bela diri sebagai lambang ketahanan Universitas Singaperbangsa Karawang dari gangguan luar dan dalam; dan</p>\r\n\r\n<p style=\"text-align:justify\">&nbsp; &nbsp; &nbsp; &nbsp;2. &nbsp;Pancasila sebagai falsafah bangsa Indonesia.</p>\r\n\r\n<p style=\"text-align:justify\">b. &nbsp; &nbsp;telapak tangan dipersatukan dengan 6 (enam) kujang akan menjadi lukisan 2 (dua) buah sayap yang mengembang yang bermakna akal, rasio, dan semangat</p>\r\n\r\n<p style=\"text-align:justify\">&nbsp; &nbsp; &nbsp; &nbsp; juang;</p>\r\n\r\n<p style=\"text-align:justify\">c. &nbsp; &nbsp; 2 (dua) telapak tangan bermakna:</p>\r\n\r\n<p style=\"text-align:justify\">&nbsp; &nbsp; &nbsp; 1. &nbsp;berbakti dan berserah diri; dan</p>\r\n\r\n<p style=\"text-align:justify\">&nbsp; &nbsp; &nbsp; 2. &nbsp;mewakili unsur bilangan 2 (dua) sebagai tanggal dan bulan dimulainya proses pembentukan UNSIKA.</p>\r\n\r\n<p style=\"text-align:justify\">d. &nbsp; ibu jari bermakna penentu dalam kerja;</p>\r\n\r\n<p style=\"text-align:justify\">e. &nbsp; enam kujang bermakna:</p>\r\n\r\n<p style=\"text-align:justify\">&nbsp; &nbsp; &nbsp; 1. senjata sunda pada jaman dahulu yang merupakan lambang dan kebanggaan Jawa Barat; dan</p>\r\n\r\n<p style=\"text-align:justify\">&nbsp; &nbsp; &nbsp; 2. daun paku setangkup (pakis) yang melambangkan nama kerajaan jaman sejarah sunda, Pakuan Pajajaran.</p>\r\n\r\n<p style=\"text-align:justify\">f. &nbsp; &nbsp;golok lubuk bermakna:</p>\r\n\r\n<p style=\"text-align:justify\">&nbsp; &nbsp; &nbsp;1. &nbsp;lambang Karawang sebagai lambang pangkal perjuangan; dan</p>\r\n\r\n<p style=\"text-align:justify\">&nbsp; &nbsp; &nbsp;2. &nbsp;alat yang digunakan oleh pejuang Karawang untuk mengusir penjajah bersama-sama dengan pasukan Sultan Agung.</p>\r\n\r\n<p style=\"text-align:justify\">g. &nbsp;nyala api dengan 3 (tiga) ujung nyala api bermakna:</p>\r\n\r\n<p style=\"text-align:justify\">&nbsp; &nbsp; &nbsp;1. &nbsp;semangat tinggi;</p>\r\n\r\n<p style=\"text-align:justify\">&nbsp; &nbsp; &nbsp;2. &nbsp;suluh yang memberi penerangan, memberantas kebodohan atau melambangkan pendidikan; dan</p>\r\n\r\n<p style=\"text-align:justify\">&nbsp; &nbsp; &nbsp;3. &nbsp;tridharma perguruan tinggi.</p>\r\n\r\n<p style=\"text-align:justify\">h. &nbsp;garis berwarna putih yang menyerupai bunga melati, bermakna lambang ibu pertiwi;</p>\r\n\r\n<p style=\"text-align:justify\">i. &nbsp; &nbsp;kepala singa bermakna pengingat nama Singaperbangsa sebagai Bupati Karawang pertama;</p>\r\n\r\n<p style=\"text-align:justify\">j. &nbsp; &nbsp;huruf UNIVERSITAS SINGAPERBANGSA KARAWANG yang membentuk setengah lingkaran bermakna keserasian;</p>\r\n\r\n<p style=\"text-align:justify\">k. &nbsp; warna biru merupakan warna alam semesta, bermakna cinta, bijaksana, hebat, besar, dan kokoh;</p>\r\n\r\n<p style=\"text-align:justify\">l. &nbsp; &nbsp;warna kuning bermakna keagungan, keriangan, kebahagiaan, dan kharisma;</p>\r\n\r\n<p style=\"text-align:justify\">m. &nbsp;warna putih bermakna suci, bersih, dan benar; dan</p>\r\n\r\n<p style=\"text-align:justify\">n. &nbsp;warna merah bermakna keberanian, kegairahan, dan kegembiraan.</p>\r\n\r\n<p style=\"text-align:justify\">&nbsp;</p>\r\n\r\n<p><strong>Lambang tersebut memiliki kode warna sebagai berikut:</strong></p>\r\n\r\n<table border=\"1\" cellpadding=\"0\" cellspacing=\"0\" style=\"height:511px; width:512px\">\r\n	<tbody>\r\n		<tr>\r\n			<td style=\"width:228px\">\r\n			<p style=\"margin-left:71.0pt\"><strong>Lambang</strong></p>\r\n			</td>\r\n			<td style=\"width:90px\">\r\n			<p style=\"margin-left:27.0pt\"><strong>Warna</strong></p>\r\n			</td>\r\n			<td style=\"width:132px\">\r\n			<p style=\"margin-left:6.0pt\"><strong>Kode Warna RGB</strong></p>\r\n			</td>\r\n		</tr>\r\n		<tr>\r\n			<td style=\"height:24px; width:228px\">\r\n			<p>Perisai Segi LIma</p>\r\n			</td>\r\n			<td style=\"height:24px; width:90px\">\r\n			<p>Biru</p>\r\n			</td>\r\n			<td style=\"height:24px; width:132px\">\r\n			<p>0,0,255</p>\r\n			</td>\r\n		</tr>\r\n		<tr>\r\n			<td style=\"height:21px; width:228px\">\r\n			<p>Garis</p>\r\n			</td>\r\n			<td style=\"height:21px; width:90px\">\r\n			<p>Putih</p>\r\n			</td>\r\n			<td style=\"height:21px; width:132px\">\r\n			<p>255,255,255</p>\r\n			</td>\r\n		</tr>\r\n		<tr>\r\n			<td style=\"width:228px\">\r\n			<p>2 (dua) telapak tangan</p>\r\n			</td>\r\n			<td style=\"width:90px\">\r\n			<p>Kuning emas</p>\r\n			</td>\r\n			<td style=\"width:132px\">\r\n			<p>255,215,0</p>\r\n			</td>\r\n		</tr>\r\n		<tr>\r\n			<td style=\"width:228px\">\r\n			<p>6 (enam) kujang</p>\r\n			</td>\r\n			<td style=\"width:90px\">\r\n			<p>Kuning emas</p>\r\n			</td>\r\n			<td style=\"width:132px\">\r\n			<p>255,215,0</p>\r\n			</td>\r\n		</tr>\r\n		<tr>\r\n			<td style=\"width:228px\">\r\n			<p>Golok Lubuk</p>\r\n			</td>\r\n			<td style=\"width:90px\">\r\n			<p>Putih</p>\r\n			</td>\r\n			<td style=\"width:132px\">\r\n			<p>255,255,255</p>\r\n			</td>\r\n		</tr>\r\n		<tr>\r\n			<td style=\"width:228px\">\r\n			<p>Tulisan UNIVERSITAS SINGAPERBANGSA KARAWANG</p>\r\n			</td>\r\n			<td style=\"width:90px\">\r\n			<p>Putih</p>\r\n			</td>\r\n			<td style=\"width:132px\">\r\n			<p>255,255,255</p>\r\n			</td>\r\n		</tr>\r\n		<tr>\r\n			<td style=\"width:228px\">\r\n			<p>Garis menyerupai bunga melat</p>\r\n			</td>\r\n			<td style=\"width:90px\">\r\n			<p>Putih</p>\r\n			</td>\r\n			<td style=\"width:132px\">\r\n			<p>255,255,255</p>\r\n			</td>\r\n		</tr>\r\n		<tr>\r\n			<td style=\"width:228px\">\r\n			<p>Ujung nyala api</p>\r\n			</td>\r\n			<td style=\"width:90px\">\r\n			<p>Merah</p>\r\n			</td>\r\n			<td style=\"width:132px\">\r\n			<p>255,0,0,</p>\r\n			</td>\r\n		</tr>\r\n		<tr>\r\n			<td style=\"width:228px\">\r\n			<p>Kepala Singa</p>\r\n			</td>\r\n			<td style=\"width:90px\">\r\n			<p>Biru</p>\r\n			</td>\r\n			<td style=\"width:132px\">\r\n			<p>0,0,255</p>\r\n			</td>\r\n		</tr>\r\n	</tbody>\r\n</table>\r\n\r\n<p><br />\r\nUNSIKA&nbsp; juga &nbsp;memiliki logo yang dapat digunakan sebagai atribut dan/atau sebagai label resmi UNSIKA sebagai berikut:</p>\r\n\r\n<ul>\r\n	<li>tulisan UNSIKA berwarna kuning emas dengan kode warna RGB (255,215,0) dan huruf I berwarna hijau dengan kode warna RGB (0,128,0) serta tulisan SINGAPERBANGSA dengan huruf times new roman pada bagian bawah tulisan UNSIKA berwarna kuning emas dengan kode warna RGB (255,215,0) .</li>\r\n	<li>huruf I berwarna hijau dengan kode warna RGB (0,128,0)</li>\r\n	<li>tulisan unsika berwarna kuning emas dengan kode warna RGB (255,215,0) dan huruf I berwarna hijau dengan kode warna RGB (0,128,0) .</li>\r\n</ul>\r\n', '2017-10-22', 'logo.jpg', 'admin', 23, '08:29:09', ''),
(3, 'Sejarah UNSIKA', 'sejarah-unsika', '<h1><span style=\"color:#000080\">Sejarah UNSIKA</span></h1>\r\n\r\n<div class=\"region region-content\">\r\n<div class=\"block block-system\" id=\"block-system-main\">\r\n<div class=\"content\">\r\n<div class=\"content\">\r\n<div class=\"field field-label-hidden field-name-body field-type-text-with-summary\">\r\n<div class=\"field-items\">\r\n<div class=\"even field-item\">\r\n<p style=\"text-align:justify\"><span style=\"font-size:12px\"><span style=\"font-family:arial,helvetica,sans-serif\"><img alt=\"\" src=\"/portal/asset/kcfinder/upload/files/EDIT%20GU.jpg\" style=\"height:305px; width:800px\" />&nbsp;&nbsp;&nbsp;&nbsp;&nbsp;&nbsp;&nbsp;&nbsp;&nbsp;&nbsp;&nbsp; </span></span></p>\r\n\r\n<p style=\"text-align:justify\"><span style=\"font-size:12px\"><span style=\"font-family:arial,helvetica,sans-serif\">&nbsp;&nbsp;&nbsp;&nbsp;&nbsp;&nbsp;&nbsp;&nbsp;&nbsp;&nbsp;&nbsp;&nbsp;&nbsp; Perguruan Tinggi<strong> </strong>yang dibina oleh Yayasan Pembina Perguruan Tinggi Pangkal Pangkal Perjuangan pada awalnya adalah Perguruan Tinggi Pangkal Perjuangan (PTPP) Karawang terdiri dari<strong> </strong>Fakultas Hukum, dan Fakultas Ekonomi yang berdiri pada tanggal 5 September 1965.</span></span></p>\r\n\r\n<p style=\"text-align:justify\"><span style=\"font-size:12px\"><span style=\"font-family:arial,helvetica,sans-serif\">Pada perkembangan selanjutnya Fakultas Ekonomi tidak dapat berjalan sebagaimana mestinya, sehingga dalam pengajuan status akreditasi yang disetujui hanya Fakultas Hukum dan&nbsp; berubah nama menjadi Sekolah Tinggi Hukum Pangkal Perjuangan (STHPP). STHPP memperoleh status Terdaftar untuk tingkat Sarjana Muda pada tanggal 12 Juni 1970 dengan SK. Nomor : 193/DSPT/I/1970.</span></span></p>\r\n\r\n<p style=\"text-align:justify\"><span style=\"font-size:12px\"><span style=\"font-family:arial,helvetica,sans-serif\">Kemudian pada tanggal 5 Juni 1980 STHPP memperoleh status Terdaftar untuk Tingkat Sarjana dengan&nbsp; SK. Nomor : 08/0/1980.</span></span></p>\r\n\r\n<p style=\"text-align:justify\"><span style=\"font-size:12px\"><span style=\"font-family:arial,helvetica,sans-serif\">Selanjutnya berdasarkan Rencana Induk Pengembangan (RIP) STHPP untuk periode 1976 &ndash; 1983, bahwa pada tahun 1982 STHPP harus sudah berkembang menjadi Universitas.</span></span></p>\r\n\r\n<p style=\"text-align:justify\"><span style=\"font-size:12px\"><span style=\"font-family:arial,helvetica,sans-serif\">Alhamdulillah apa yang tercantum dalam RIP tersebut mendapat dukungan dari Bapak H. Opon Sopandji, yang pada waktu itu menjabat sebagai Bupati Kepala Daerah Tingkat II Kabupaten Karawang, yang menginginkan adanya sebuah Universitas yang representatif di Kabupaten Karawang.</span></span></p>\r\n\r\n<p style=\"text-align:justify\"><span style=\"font-size:12px\"><span style=\"font-family:arial,helvetica,sans-serif\">Pada tanggal 2 Pebruari 1982 didirikanlah sebuah Universitas dengan nama Universitas Singaperbangsa Karawang. Sehubungan syarat untuk berdirinya Universitas harus ada Fakultas Eksakta sementara Unsika belum mempunyai Fakultas/Jurusan Eksakta, maka Status Akreditasi UNSIKA ditunda. Sebagai konsekuensinya, status Fakultas Ekonomi dan Fakultas Keguruan Ilmu Pendidikan berubah menjadi Sekolah Tinggi Ilmu Ekonomi dan Sekolah Tinggi Keguruan dan Ilmu Pendidikan. Pada tahun 1984 didirikan Sekolah Tinggi Ilmu Pertanian untuk memenuhi persyaratan mendirikan Universitas dan akhirnya UNSIKA memperoleh Status Akreditasi Terdaftar&nbsp; pada tahun&nbsp; 1986 sebagai penggabungan Sekolah Tingggi - Sekolah Tinggi di atas dari Menteri Pendidikan dan Kebudayaan Republik Indonesia dengan SK. Nomor : 0503/0/1986, untuk ;</span></span></p>\r\n\r\n<ol>\r\n	<li style=\"text-align:justify\"><strong><span style=\"font-size:12px\"><span style=\"font-family:arial,helvetica,sans-serif\">Fakultas Hukum :</span></span></strong></li>\r\n</ol>\r\n\r\n<ol style=\"list-style-type:lower-alpha; margin-left:40px\">\r\n	<li style=\"text-align:justify\"><span style=\"font-size:12px\"><span style=\"font-family:arial,helvetica,sans-serif\">Jurusan Hukum Keperdataan</span></span></li>\r\n	<li style=\"text-align:justify\"><span style=\"font-size:12px\"><span style=\"font-family:arial,helvetica,sans-serif\">Jurusan Hukum Pidana</span></span></li>\r\n	<li style=\"text-align:justify\"><span style=\"font-size:12px\"><span style=\"font-family:arial,helvetica,sans-serif\">Jurusan Hukum Tatanegara.</span></span></li>\r\n</ol>\r\n\r\n<ol>\r\n	<li style=\"text-align:justify\" value=\"2\"><strong><span style=\"font-size:12px\"><span style=\"font-family:arial,helvetica,sans-serif\">Fakultas Ekonomi :</span></span></strong></li>\r\n</ol>\r\n\r\n<ol style=\"list-style-type:lower-alpha; margin-left:40px\">\r\n	<li style=\"text-align:justify\"><span style=\"font-size:12px\"><span style=\"font-family:arial,helvetica,sans-serif\">Jurusan Manajemen</span></span></li>\r\n	<li style=\"text-align:justify\"><span style=\"font-size:12px\"><span style=\"font-family:arial,helvetica,sans-serif\">Jurusan Ekonomi dan Studi Pembangunan.</span></span></li>\r\n</ol>\r\n\r\n<ol start=\"3\">\r\n	<li style=\"text-align:justify\"><strong><span style=\"font-size:12px\"><span style=\"font-family:arial,helvetica,sans-serif\">Fakultas Keguruan dan Ilmu Pendidikan :</span></span></strong></li>\r\n</ol>\r\n\r\n<ol style=\"list-style-type:lower-alpha; margin-left:40px\">\r\n	<li><span style=\"font-size:12px\"><span style=\"font-family:arial,helvetica,sans-serif\">Jurusan Kurikulum dan Teknologi Pendidikan</span></span></li>\r\n	<li><span style=\"font-size:12px\"><span style=\"font-family:arial,helvetica,sans-serif\">Pendidikan Luar Sekolah.</span></span></li>\r\n</ol>\r\n\r\n<ol start=\"4\">\r\n	<li style=\"text-align:justify\"><strong><span style=\"font-size:12px\"><span style=\"font-family:arial,helvetica,sans-serif\">Fakultas Pertanian :</span></span></strong></li>\r\n</ol>\r\n\r\n<ol style=\"list-style-type:lower-alpha\">\r\n	<li style=\"text-align:justify\"><span style=\"font-size:12px\"><span style=\"font-family:arial,helvetica,sans-serif\">Jurusan Budidaya Pertanian (Agronomi).</span></span></li>\r\n</ol>\r\n\r\n<p style=\"text-align:justify\"><span style=\"font-size:12px\"><span style=\"font-family:arial,helvetica,sans-serif\">Perkembangan teknologi yang semakin pesat dan persaingan antar perguruan tinggi sebagai penyelenggara pendidikan tinggi, maka dalam upaya memenuhi tuntutan masyarakat pengguna lulusan, sebagai kepedulian terhadap tuntutan tersebut Universitas Singaperbangsa Karawang&nbsp; dibawah naungan Yayasan Pembina Perguruan Tinggi Pangkal Perjuangan membuka beberapa program studi baru, dengan komitmen untuk meningkatkan kemampuan ilmu pengetahuan dan teknologi pada setiap disiplin ilmu, sehingga dapat menghasilkan para lulusan yang profesional di bidangnya.</span></span></p>\r\n\r\n<p style=\"text-align:justify\"><span style=\"font-size:12px\"><span style=\"font-family:arial,helvetica,sans-serif\">Sejak berdirinya Universitas Singaperbangsa Karawang pada tanggal 2 Pebruari 1982, tuntutan kebutuhan pasar yang yang sesuai dengan disiplin ilmu terus dikembangkan. Pada tahun 1986, bekerja sama dengan Departemen Agama Kabupaten Karawang, UNSIKA membuka Fakultas Tarbiyah Jurusan Pendidikan Agama Islam. Pada tanggal 29 Agustus 1991&nbsp; Fakultas Tarbiyah memperoleh Status terdaftar dari Menteri Agama Republik Indonesia dengan SK. Nomor : 215 Tahun 1991. Pada tahun yang sama (tahun 1986), Fakultas Pertanian UNSIKA membuka Jurusan Peternakan dan memperoleh Status Terdaftar tanggal 21 Juni 1989 dari Menteri Pendidikan dan Kebudayaan Republik Indonesia dengan SK. Nomor : 0389/0/1989.</span></span></p>\r\n\r\n<p style=\"text-align:justify\"><span style=\"font-size:12px\"><span style=\"font-family:arial,helvetica,sans-serif\">Pada tanggal 11 Agustus 1992 Fakultas Hukum memperoleh peningkatan Status dari Terdaftar ke DIAKUI, dengan SK. Nomor : 62/DIKTI/Kep./1992, untuk Jurusan Hukum Keperdataan. Selanjutnya berdasarkan SK. Direktur Jenderal Pendidikan Tinggi Nomor : 60/DIKTI/Kep/1994, dinyatakan bahwa di lingkungan Fakultas Hukum tidak ada lagi jurusan, yang ada hanya Program Studi Ilmu Hukum untuk jenjang Program S 1.</span></span></p>\r\n\r\n<p style=\"text-align:justify\"><span style=\"font-size:12px\"><span style=\"font-family:arial,helvetica,sans-serif\">Pada tanggal 23 Nopember 1993 Fakultas Ekonomi Jurusan Manajemen dan Fakultas Keguruan dan Ilmu Pendidikan Jurusan Pendidikan Luar Sekolah, memperoleh Status Diakui dari Direktur Jenderal Pendidikan Tinggi dengan SK. Nomor : 616/DIKTI/Kep/1993.</span></span></p>\r\n\r\n<p style=\"text-align:justify\"><span style=\"font-size:12px\"><span style=\"font-family:arial,helvetica,sans-serif\">Pada tahun 1994 Fakultas Ekonomi membuka Program D-3 Akuntasi yang memperoleh status Terdaftar dari Dirjen DIKTI dengan SK. Nomor : 265/DIKTI/Kep/1994, tahun 1995 UNSIKA mendirikan Fakultas Teknik dengan program studi Teknik Industri berdasarkan SK. DIKTI Nomor : 36/DIKTI/Kep/1996 dan pada tahun 1996 dibuka Program D-3 Teknik Mesin berdasarkan SK. DIKTI Nomor : 33/DIKTI/Kep/1997, keduanya berstatus Terdaftar. Selanjutnya pada tahun 1999 dibuka Program D-3 Manajemen Agroindustri yang memperoleh Status Terdaftar dari&nbsp; Dirjen. DIKTI berdasarkan&nbsp; SK. Nomor : 308/DIKTI/Kep/1999.</span></span></p>\r\n\r\n<p style=\"text-align:justify\"><span style=\"font-size:12px\"><span style=\"font-family:arial,helvetica,sans-serif\">Pada tanggal 22 Desember 1998, Program Studi Manajemen Fakultas Ekonomi dan Program Studi Ilmu Hukum Fakultas Hukum memperoleh Akreditasi dari Badan Akreditasi Nasional Perguruan Tinggi ( BAN-PT ) dengan Nomor : 002/BAN-PT/AK-II/XII/1998, Fakultas Agama Islam Program Studi Pendidikan Agama Islam Terakreditasi BAN-PT dengan SK. Nomor : 013.BAN-PT/Ak.IV/VI/2000&nbsp; serta&nbsp; Program Studi Agronomi Terakreditasi BAN-PT dengan&nbsp; SK. Nomor : 033/BAN-PT/AK/IV/XI/2000.</span></span></p>\r\n\r\n<p style=\"text-align:justify\"><span style=\"font-size:12px\"><span style=\"font-family:arial,helvetica,sans-serif\">Pada tanggal 8 Maret 2002 Program Studi Pendidikan Luar sekolah Fakultas Keguruan dan Ilmu Pendidikan memperoleh status Akreditasi dengan SK. Nomor :&nbsp; 002/BAN-PT/Ak,V/S1/III/2002, pada tanggal 4 April 2002 Program Studi D-3 Akuntansi Fakultas Ekonomi memperoleh status Akreditasi dengan SK. Nomor : 002/BAN-PT/AK.I/Dipl.-III/IV/2002, dan pada tanggal 5 Agustus 2002 Program Studi Manajemen Teknik Industri Fakultas teknik memperoleh status Akreditasi dengan SK. Nomor : 015/BAN-PT/AK-V/S1/VIII/2002.</span></span></p>\r\n\r\n<p style=\"text-align:justify\"><span style=\"font-size:12px\"><span style=\"font-family:arial,helvetica,sans-serif\">Fakultas Agama Islam membuka program D2 Bahasa Inggris dan Program Studi D2 PGSD yang memperoleh SK. Terdaftar No. 022/Kop/II/S/2003 tanggal 13 Oktober 2003. Namun pada tahun 2008 jenjang pendidikan D2 tidak diperkenankan menyelenggarakan pendidikan.</span></span></p>\r\n\r\n<p style=\"text-align:justify\"><span style=\"font-size:12px\"><span style=\"font-family:arial,helvetica,sans-serif\">Pada tahun akademik 2005/2006 dibuka Program Studi D-3 Kebidanan yang memperoleh&nbsp; Rekomendasi dari Kepala Badan PPSDM Depkes RI No. HK.03.2.4.1.02131 dan Ijin Dirjen Dikti Depdiknas RI No. : 2967/D/T/2005.</span></span></p>\r\n\r\n<p style=\"text-align:justify\"><span style=\"font-size:12px\"><span style=\"font-family:arial,helvetica,sans-serif\">Seiring dengan Era Globalisasi, perkembangan disiplin ilmu meyesuaikan dengan kebutuhan pasar, maka pada tahun 2008 dibuka Fakultas Baru yakni Fakultas Teknologi Informasi dan Komunikasi (FTIK) dan program Studi baru, yaitu :</span></span></p>\r\n\r\n<ol>\r\n	<li style=\"text-align:justify\"><span style=\"font-size:12px\"><span style=\"font-family:arial,helvetica,sans-serif\">Program Studi S1 Teknik Informatika dan Program Studi S1 Teknik Mesin yang memperoleh Surat Keputusan dari Direktur Jenderal Pendidikan Tinggi Depdiknas RI Nomor 2007/D/T/2008 tertanggal 25 Juni 2008.</span></span></li>\r\n	<li style=\"text-align:justify\"><span style=\"font-size:12px\"><span style=\"font-family:arial,helvetica,sans-serif\">Program Studi S2 Magister Manajemen yang memperoleh Surat Keputusan dari Direktur Jenderal Pendidikan Tinggi Depdiknas RI Nomor 3396/D/T/2008 tertanggal 21 Agustus 2008.</span></span></li>\r\n	<li style=\"text-align:justify\"><span style=\"font-size:12px\"><span style=\"font-family:arial,helvetica,sans-serif\">Program Studi S1 Akuntansi yang memperoleh Surat Keputusan dari Direktur Jenderal Pendidikan Tinggi Depdiknas RI Nomor 7678/D/T/2008 tertanggal 30 Oktober 2008.</span></span></li>\r\n	<li style=\"text-align:justify\"><span style=\"font-size:12px\"><span style=\"font-family:arial,helvetica,sans-serif\">Program Studi S1 Ilmu Komunikasi yang memperoleh Surat Keputusan dari Direktur Jenderal Pendidikan Tinggi Depdiknas RI Nomor 160/D/T/2009 tertanggal 09 Pebruari 2009</span></span></li>\r\n</ol>\r\n\r\n<p style=\"text-align:justify\"><span style=\"font-size:12px\"><span style=\"font-family:arial,helvetica,sans-serif\">Pada tahun 2009 program studi baru yang sedang dalam proses perijinan, antara lain ; <em>1. </em><em>Program Studi S2 Teknologi Pendidikan, 2. Program Studi S1 Pendidikan Jasmani, 3. Program Studi S1 Bahasa Indonesia, 4. Program Studi S1 Geografi, 5. Program Studi S1 Ilmu Pemerintahan 6. Program Studi S1 Teknik Elektro</em>. <em>7. Program Studi Pendidikan Matematika dan 8. Program Studi Pendidikan Bahasa Inggris.</em></span></span></p>\r\n\r\n<p style=\"text-align:justify\"><span style=\"font-size:12px\"><span style=\"font-family:arial,helvetica,sans-serif\">Dari delapan program studi yang diusulkan, sampai dengan disusunnya profil Unsika ini baru 5 (lima) program studi yang telah memperoleh SK. Ijin Penyelenggaraan, yakni ; 1.Program Studi S1 Ilmu Pemerintahan, 2.Program Studi S1 Ilmu Komunikasi, 3.Program Studi S1 Pendidikan Bahasa Inggris, 4. Program Studi S1 </span><span style=\"font-family:arial,helvetica,sans-serif\">Pendidikan Matematika </span><span style=\"font-family:arial,helvetica,sans-serif\">dan 5. Program Studi S1 Pendidikan Jasmani </span><span style=\"font-family:arial,helvetica,sans-serif\">dengan SK. Ijin Penyelenggaran dari Dirjen Dikti Nomor : 1704/D/T/2009 tertanggal 17 September 2009</span></span></p>\r\n\r\n<p style=\"text-align:justify\"><span style=\"font-size:12px\"><span style=\"font-family:arial,helvetica,sans-serif\">Universitas Singaperbangsa karawang sebagai institusi Perguruan Tinggi mempunyai Visi, Misi dan Tujuan yang didasari nilai-nilai Religius, Patriotisme dan Kekaryaan yang berazaskan Pancasila dan Undang-Undang Dasar 1945, serta berpedoman kepada Tri Dharma Perguruan Tinggi. Tahun 2010 telah meluluskan sarjana dan diploma sebanyak 7.041 orang, memiliki 8 Fakultas, 1 Program Pasca Sarjana dengan 18 Program Studi dan jumlah mahasiswa yang ada berjumlah 3.707 orang pada tahun 2010, jumlah mahasiswa baru pada tahun 2012 berjumlah 2.895 orang dan total mahasiswa pada tahun 2012 mencapai 10.000 lebih.</span></span></p>\r\n\r\n<p style=\"text-align:justify\">Sejak tanggal 06 Oktober 2014 UNSIKA (PTS)&nbsp; alih status menjadi Perguruan Tinggi Negeri (PTN) Perpre RI nomor 123 tahun 2014, tentang pendirian Universitas Singaperbangsa Karawang.</p>\r\n\r\n<p style=\"text-align:justify\"><big><strong><span style=\"font-size:12px\"><span style=\"font-family:arial,helvetica,sans-serif\">Fakultas</span></span></strong></big></p>\r\n\r\n<ul>\r\n	<li style=\"text-align:justify\"><span style=\"font-size:12px\"><span style=\"font-family:arial,helvetica,sans-serif\">Fakultas Hukum</span></span></li>\r\n	<li style=\"text-align:justify\"><span style=\"font-size:12px\"><span style=\"font-family:arial,helvetica,sans-serif\">Fakultas Ekonomi</span></span></li>\r\n	<li style=\"text-align:justify\"><span style=\"font-size:12px\"><span style=\"font-family:arial,helvetica,sans-serif\">Fakultas Keguruan dan Ilmu Pendidikan</span></span></li>\r\n	<li style=\"text-align:justify\"><span style=\"font-size:12px\"><span style=\"font-family:arial,helvetica,sans-serif\">Fakultas Pertanian</span></span></li>\r\n	<li style=\"text-align:justify\"><span style=\"font-size:12px\"><span style=\"font-family:arial,helvetica,sans-serif\">Fakultas Agama Islam</span></span></li>\r\n	<li style=\"text-align:justify\"><span style=\"font-size:12px\"><span style=\"font-family:arial,helvetica,sans-serif\">Fakultas Teknik</span></span></li>\r\n	<li style=\"text-align:justify\"><span style=\"font-size:12px\"><span style=\"font-family:arial,helvetica,sans-serif\">Fakultas Ilmu Komputer</span></span></li>\r\n	<li style=\"text-align:justify\"><span style=\"font-size:12px\"><span style=\"font-family:arial,helvetica,sans-serif\">Fakultas Ilmu Sosial dan Ilmu Politik</span></span></li>\r\n	<li style=\"text-align:justify\"><span style=\"font-size:12px\"><span style=\"font-family:arial,helvetica,sans-serif\">Fakultas Ilmu Kesehatan</span></span></li>\r\n</ul>\r\n\r\n<p style=\"text-align:justify\"><big><strong><span style=\"font-size:12px\"><span style=\"font-family:arial,helvetica,sans-serif\">Program Pasca Sarjana</span></span></strong></big></p>\r\n\r\n<ul>\r\n	<li style=\"text-align:justify\"><span style=\"font-size:12px\"><span style=\"font-family:arial,helvetica,sans-serif\">Manajemen - S2</span></span></li>\r\n	<li style=\"text-align:justify\"><span style=\"font-size:12px\"><span style=\"font-family:arial,helvetica,sans-serif\">Ilmu Hukum - S2</span></span></li>\r\n	<li style=\"text-align:justify\"><span style=\"font-size:12px\"><span style=\"font-family:arial,helvetica,sans-serif\">Pendidikan Agama Islam - S2</span></span></li>\r\n</ul>\r\n\r\n<div>\r\n<div style=\"text-align:justify\">&nbsp;</div>\r\n\r\n<p style=\"text-align:justify\"><big><strong><span style=\"font-size:12px\"><span style=\"font-family:arial,helvetica,sans-serif\">Program Studi</span></span></strong></big></p>\r\n\r\n<ul>\r\n	<li style=\"text-align:justify\"><span style=\"font-size:12px\"><span style=\"font-family:arial,helvetica,sans-serif\">Ilmu Hukum - S1</span></span></li>\r\n	<li style=\"text-align:justify\"><span style=\"font-size:12px\"><span style=\"font-family:arial,helvetica,sans-serif\">Manajemen - S1</span></span></li>\r\n	<li style=\"text-align:justify\"><span style=\"font-size:12px\"><span style=\"font-family:arial,helvetica,sans-serif\">Akuntansi - S1</span></span></li>\r\n	<li style=\"text-align:justify\"><span style=\"font-size:12px\"><span style=\"font-family:arial,helvetica,sans-serif\">Akuntansi - D3</span></span></li>\r\n	<li style=\"text-align:justify\"><span style=\"font-size:12px\"><span style=\"font-family:arial,helvetica,sans-serif\">Pendidikan Luar Sekolah - S1</span></span></li>\r\n	<li style=\"text-align:justify\"><span style=\"font-size:12px\"><span style=\"font-family:arial,helvetica,sans-serif\">Pendidikan Matematika - S1</span></span></li>\r\n	<li style=\"text-align:justify\"><span style=\"font-size:12px\"><span style=\"font-family:arial,helvetica,sans-serif\">Pendidikan Bahasa Inggris - S1</span></span></li>\r\n	<li style=\"text-align:justify\"><span style=\"font-size:12px\"><span style=\"font-family:arial,helvetica,sans-serif\">Pendidikan Jasmani, Kesehatan dan Rekreasi - S1</span></span></li>\r\n	<li style=\"text-align:justify\"><span style=\"font-size:12px\"><span style=\"font-family:arial,helvetica,sans-serif\">Pendidikan Bahasa dan Sastra Indonesia - S1</span></span></li>\r\n	<li style=\"text-align:justify\"><span style=\"font-size:12px\"><span style=\"font-family:arial,helvetica,sans-serif\">Agroteknologi - S1</span></span></li>\r\n	<li style=\"text-align:justify\"><span style=\"font-size:12px\"><span style=\"font-family:arial,helvetica,sans-serif\">Agribisnis - S1</span></span></li>\r\n	<li style=\"text-align:justify\"><span style=\"font-size:12px\"><span style=\"font-family:arial,helvetica,sans-serif\">Kebidanan - D3</span></span></li>\r\n	<li style=\"text-align:justify\"><span style=\"font-size:12px\"><span style=\"font-family:arial,helvetica,sans-serif\">Pendidikan Agama Islam - S1</span></span></li>\r\n	<li style=\"text-align:justify\">Manajemen Pendidikan Islam - S1</li>\r\n	<li style=\"text-align:justify\"><span style=\"font-size:12px\"><span style=\"font-family:arial,helvetica,sans-serif\">Pendidikan Guru Raudhatul Athfal - S1</span></span></li>\r\n	<li style=\"text-align:justify\"><span style=\"font-size:12px\"><span style=\"font-family:arial,helvetica,sans-serif\">Teknik Industri - S1</span></span></li>\r\n	<li style=\"text-align:justify\"><span style=\"font-size:12px\"><span style=\"font-family:arial,helvetica,sans-serif\">Teknik Mesin - S1</span></span></li>\r\n	<li style=\"text-align:justify\"><span style=\"font-size:12px\"><span style=\"font-family:arial,helvetica,sans-serif\">Teknik Mesin - D3</span></span></li>\r\n	<li style=\"text-align:justify\"><span style=\"font-size:12px\"><span style=\"font-family:arial,helvetica,sans-serif\">Teknik Informatika - S1</span></span></li>\r\n	<li style=\"text-align:justify\"><span style=\"font-size:12px\"><span style=\"font-family:arial,helvetica,sans-serif\">Ilmu Komunikasi - S1</span></span></li>\r\n	<li style=\"text-align:justify\"><span style=\"font-size:12px\"><span style=\"font-family:arial,helvetica,sans-serif\">Ilmu Pemerintahan - S1</span></span></li>\r\n	<li style=\"text-align:justify\"><span style=\"font-size:12px\"><span style=\"font-family:arial,helvetica,sans-serif\">Teknik Elektro - S1</span></span></li>\r\n</ul>\r\n</div>\r\n</div>\r\n</div>\r\n</div>\r\n</div>\r\n</div>\r\n</div>\r\n</div>\r\n', '2017-10-18', '', 'admin', 24, '05:27:08', ''),
(4, 'Tujuan UNSIKA', 'tujuan-unsika', '<blockquote>\r\n<div class=\"content\">\r\n<div class=\"field field-label-hidden field-name-body field-type-text-with-summary\">\r\n<div class=\"field-items\">\r\n<div class=\"even field-item\">\r\n<ol>\r\n	<li><span style=\"font-size:12px\"><span style=\"font-family:arial,helvetica,sans-serif\">Mewujudkan suasana akademik sesuai Standar Nasional Pendidikan.</span></span></li>\r\n	<li><span style=\"font-size:12px\"><span style=\"font-family:arial,helvetica,sans-serif\">Mewujudkan Tenaga Pendidik dan Kependidikan yang memiliki kualifikasi dan kompetensi.</span></span></li>\r\n	<li><span style=\"font-size:12px\"><span style=\"font-family:arial,helvetica,sans-serif\">Menyediakan sarana dan prasarana akademik yang memadai.</span></span></li>\r\n	<li><span style=\"font-size:12px\"><span style=\"font-family:arial,helvetica,sans-serif\">Menghasilkan Lulusan yang memiliki keahlian dibidangnya serta berakhlaq mulia.</span></span></li>\r\n	<li><span style=\"font-size:12px\"><span style=\"font-family:arial,helvetica,sans-serif\">Menghasilkan inovasi dibidang IPTEKS untuk pembangunan berkelanjutan.</span></span></li>\r\n	<li><span style=\"font-size:12px\"><span style=\"font-family:arial,helvetica,sans-serif\">Mengaplikasikan Inovasi dibidang IPTEKS dalam bentuk pengabdian pada masyarakat untuk kesejahteraan masyarakat.</span></span></li>\r\n	<li><span style=\"font-size:12px\"><span style=\"font-family:arial,helvetica,sans-serif\">memberikan kontribusi untuk pelaksanaan program pembangunan.</span></span></li>\r\n</ol>\r\n</div>\r\n</div>\r\n</div>\r\n</div>\r\n</blockquote>\r\n', '2017-10-18', '', 'admin', 21, '05:34:46', 'Rabu'),
(5, 'Visi & Misi UNSIKA', 'visi--misi-unsika', '<p style=\"text-align:center\"><img alt=\"Logo UNSIKA\" src=\"/portal/asset/kcfinder/upload/files/logo%20unsika.png\" style=\"height:141px; width:123px\" /></p>\r\n\r\n<blockquote>\r\n<p style=\"text-align:justify\"><span style=\"font-size:12px\"><span style=\"font-family:arial,helvetica,sans-serif\"><strong>Visi Unsika</strong></span></span></p>\r\n\r\n<div style=\"text-align:justify\"><span style=\"font-size:12px\"><span style=\"font-family:arial,helvetica,sans-serif\">&ldquo;Menjadi Perguruan Tinggi yang berdaya saing ditingkat nasional tahun 2020&Prime;</span></span></div>\r\n\r\n<div style=\"text-align:justify\">&nbsp;</div>\r\n\r\n<div style=\"text-align:justify\"><span style=\"font-size:12px\"><strong><span style=\"font-family:arial,helvetica,sans-serif\">Misi Unsika</span></strong></span></div>\r\n\r\n<ol>\r\n	<li style=\"text-align:justify\"><span style=\"font-size:12px\"><span style=\"font-family:arial,helvetica,sans-serif\">Menyiapkan Sumber daya manusia yang ahli dan berahlaq mulia</span></span></li>\r\n	<li style=\"text-align:justify\"><span style=\"font-size:12px\"><span style=\"font-family:arial,helvetica,sans-serif\">Menciptakan, menerapkan dan mengembangkan IPTEKS yang berdaya guna dan berhasil guna</span></span></li>\r\n	<li style=\"text-align:justify\"><span style=\"font-size:12px\"><span style=\"font-family:arial,helvetica,sans-serif\">Melaksanakan pengabdian pada masyarakat secara aktif untuk meningkatkan kesejahteraan masyarakat&nbsp;</span></span></li>\r\n</ol>\r\n</blockquote>\r\n', '2017-10-18', '', 'admin', 2, '07:12:23', '');
INSERT INTO `halamanstatis` (`id_halaman`, `judul`, `judul_seo`, `isi_halaman`, `tgl_posting`, `gambar`, `username`, `dibaca`, `jam`, `hari`) VALUES
(6, 'Beasiswa', 'beasiswa', '<p style=\"text-align:justify\">Universitas Singaperbangsa Karawang menyediakan beberapa jenis beasiswa bagi mahasiswa yang berprestasi diantaranya :</p>\r\n\r\n<ol>\r\n	<li style=\"text-align:justify\">Peningkatan Prestasi Akademik (PPA) dari Dikti Depdiknas RI</li>\r\n	<li style=\"text-align:justify\">Bantuan Belajar Mahasiswa (BBM) dari Dikti Depdiknas RI</li>\r\n	<li style=\"text-align:justify\">Beasiswa Pemerintah Provinsi Jawa Barat</li>\r\n	<li style=\"text-align:justify\">Pertanian (Khusus Fak. Pertanian) dari Pemkab Karawang</li>\r\n	<li style=\"text-align:justify\">Bupati Karawang (semua Prodi) dari Pemkab Karawang</li>\r\n	<li style=\"text-align:justify\">Unsika dari Unsika</li>\r\n	<li style=\"text-align:justify\">Yayasan Toyota dan Astra dari Yayasan Toyota dan Astra</li>\r\n	<li style=\"text-align:justify\">PT Pindodeli pulp and paper mills Karawang</li>\r\n</ol>\r\n\r\n<p style=\"text-align:justify\">Adapun Persyaratan untuk mendapatkan beasiswa tersebut adalah sebagai berikut :</p>\r\n\r\n<p style=\"margin-left:14.2pt; text-align:justify\"><strong>A. </strong><strong>Beasiswa PPA dan BBM</strong></p>\r\n\r\n<p style=\"margin-left:1cm; text-align:justify\">&gt;&gt;&nbsp;<strong>PERSYARATAN UMUM</strong></p>\r\n\r\n<ol>\r\n	<li style=\"text-align:justify\">Bagi mahasiswa program Strata 1 (S-1), paling rendah duduk pada semester II dan paling tinggi duduk pada semester VI.</li>\r\n	<li style=\"text-align:justify\">Bagi mahasiswa program Diploma III (D-III), paling rendah duduk pada semester II dan paling tinggi duduk pada semester IV dan masih aktif.</li>\r\n	<li style=\"text-align:justify\">Mahasiswa yang diusulkan untuk mendapatkan beasiswa BBM dan PPA wajib melampirkan berkas sebagai berikut :</li>\r\n</ol>\r\n\r\n<ul>\r\n	<li style=\"text-align:justify\">Surat permohonan tertulis&nbsp; mahasiswa &nbsp;kepada Rektor untuk mendapatkan beasiswa BBM dan PPA</li>\r\n	<li style=\"text-align:justify\">Surat Rekomendasi/pengantar pimpinan fakultas/jurusan (dibuat secara terpisah untuk PPA dan BBM)</li>\r\n	<li style=\"text-align:justify\">Foto Copy Kartu Tanda Mahasiswa (KTM) sebagai mahasiswa regular aktif;</li>\r\n	<li style=\"text-align:justify\">Foto Copy &nbsp;Kartu Rencana Studi (KRS) semester yang sedang ditempuh;</li>\r\n	<li style=\"text-align:justify\">Foto Copy rekening listrik bulan terakhir dan atau bukti pembayaran PBB tahun terakhir;</li>\r\n	<li style=\"text-align:justify\">Surat pernyataan tidak menerima beasiswa dari sumber lain yang diketahui oleh Pimpinan fakultas/ketua program studi;</li>\r\n	<li style=\"text-align:justify\">Foto Copy kartu keluarga;</li>\r\n	<li style=\"text-align:justify\">Surat Keterangan berkelakuan baik dari pimpinan Fakultas/Program Studi;</li>\r\n	<li style=\"text-align:justify\">Surat Pernyataan mendukung peraturan dan kebijakan yang diberikan Universitas;</li>\r\n	<li style=\"text-align:justify\">Calon penerima beasiswa aktif dalam kegiatan kemahasiswaan (ekstrakurikuler) yang diprogram oleh perguruan tinggi dibuktikan dengan Surat Keterangan dari Ketua Organisasi Kemahasiswaan yang bersangkutan;</li>\r\n	<li style=\"text-align:justify\">Menyerahkan 4 (empat) lembar materai Rp. 6000,-;</li>\r\n	<li style=\"text-align:justify\">Persyaratan yang tidak sesuai (tidak lengkap) akan secara otomatis ditolak.</li>\r\n</ul>\r\n\r\n<p style=\"margin-left:1cm; text-align:justify\">&nbsp;</p>\r\n\r\n<p style=\"margin-left:1cm; text-align:justify\">&gt;&gt;&nbsp;<strong>PERSYARATAN KHUSUS</strong></p>\r\n\r\n<ol>\r\n	<li style=\"text-align:justify\">Beasiswa BBA</li>\r\n</ol>\r\n\r\n<ul>\r\n	<li style=\"text-align:justify\">Foto Copy Transkrip nilai dengan Indeks Prestasi Kumulatif (IPK) paling&nbsp; rendah 2,75 yang disahkan oleh pimpinan Fakultas/Ketua Program Studi;</li>\r\n	<li style=\"text-align:justify\">Surat Keterangan tidak mampu atau layak mendapatkan bantuan beasiswa dari Lurah/Kepala Desa.</li>\r\n</ul>\r\n\r\n<ol start=\"2\">\r\n	<li style=\"text-align:justify\">Beasiswa BBA</li>\r\n</ol>\r\n\r\n<ul>\r\n	<li style=\"text-align:justify\">Foto Copy Transkrip nilai dengan Indeks Prestasi Kumulatif (IPK) paling&nbsp; rendah 3.00 yang disahkan oleh pimpinan Fakultas/Ketua Program Studi;</li>\r\n	<li style=\"text-align:justify\">Surat Keterangan penghasilan orangtua/wali pemohon dan disahkan oleh yang berwenang. (Bagi PNS disahkan oleh bagian keuangan, dan yang bukan PNS/Pegawai Swasta disahkan oleh bagian keuangan perusahaan/Kepala Desa/Lurah)</li>\r\n</ul>\r\n\r\n<p style=\"margin-left:42.55pt; text-align:justify\">&nbsp;</p>\r\n\r\n<p style=\"margin-left:14.2pt; text-align:justify\"><strong>B.&nbsp;</strong><strong>Beasiswa PEMPROV JABAR</strong></p>\r\n\r\n<p style=\"text-align:justify\"><strong>&nbsp; &nbsp; &nbsp; &nbsp;Kriteria </strong><strong>Perguruan Tinggi&nbsp;Penerima </strong><strong>Dana Beasiswa</strong></p>\r\n\r\n<ol>\r\n	<li style=\"text-align:justify\">Perguruan Tinggi Negeri penyelenggara program S1, S2 dan S3;</li>\r\n	<li style=\"text-align:justify\">Perguruan Tinggi Swasta dibawah Kopertis penyelenggara program S1, S2 dan S3;</li>\r\n	<li style=\"text-align:justify\">Perguruan Tinggi Swasta dibawah Kopertais penyelenggara program S1, S2 dan S3;</li>\r\n	<li style=\"text-align:justify\">Akreditasi program studi minimal B dan masih berlaku;</li>\r\n</ol>\r\n\r\n<p style=\"text-align:justify\"><strong>&nbsp; &nbsp; &nbsp;</strong></p>\r\n\r\n<p style=\"text-align:justify\"><strong>&nbsp; &nbsp; &nbsp; &nbsp;Kriteria Beasiswa&nbsp;</strong><strong>Satu Siklus S1, S2 dan S3</strong></p>\r\n\r\n<ol>\r\n	<li style=\"text-align:justify\">Mahasiswa Non PNS penduduk Jawa Barat dibuktikan dengan Kartu Keluarga dan KTP Jawa Barat.</li>\r\n	<li style=\"text-align:justify\">Tidak sedang menerima Beasiswa dari sumber lain.</li>\r\n	<li style=\"text-align:justify\">Berkelakuan baik;</li>\r\n	<li style=\"text-align:justify\">Usia paling tinggi pada saat mendaftar adalah 25 tahun untuk Satu Siklus S1, 35 tahun untuk Satu Siklus S2 dan 45 tahun untuk Satu Siklus S3;</li>\r\n	<li style=\"text-align:justify\">Prioritas mahasiswa dari keluarga tidak mampu secara ekonomi atau dikategorikan layak mendapat bantuan menurut pertimbangan dosen pembimbing/dosen wali di perguruan tinggi yang bersangkutan.</li>\r\n	<li style=\"text-align:justify\">Pertimbangan khusus diberikan kepada pendaftar yang memenuhi persyaratan 1 s.d. 4, serta mempunyai prestasi ko-kurikuler maupun ekstra kurikuler paling rendah peringkat ke-3 di tingkat kabupaten/kota atau prestasi non kompetitif lain yang tidak ada pemeringkatan (contoh ketua organisasi siswa sekolah/OSIS);</li>\r\n	<li style=\"text-align:justify\">Potensi akademik dan prestasi yang dimaksud pada butir 5 dinyatakan dengan surat rekomendasi Kepala Sekolah/Madrasah atau Kepala Dinas Pendidikan Kabupaten/Kota (sesuai format terlampir);</li>\r\n	<li style=\"text-align:justify\">Memiliki kesehatan yang memadai sehingga tidak mengganggu kelancaran proses pembelajaran di perguruan tinggi;</li>\r\n	<li style=\"text-align:justify\">Tidak buta warna bagi program studi tertentu.</li>\r\n	<li style=\"text-align:justify\">Bersedia menanggulangi kekurangan dana beasiswa satu siklus dan sanggup menyelesaikan perkuliahan tepat waktu.</li>\r\n	<li style=\"text-align:justify\">Bersedia menandatangani Surat Perjanjian Tidak akan menuntut untuk diangkat sebagai Pegawai Negeri Sipil terkait dengan program beasiswa yang diterimanya.</li>\r\n</ol>\r\n\r\n<p style=\"text-align:justify\"><strong>&nbsp; &nbsp; &nbsp; </strong></p>\r\n\r\n<p style=\"text-align:justify\"><strong>&nbsp; &nbsp; &nbsp; &nbsp;Persyaratan Beasiswa&nbsp;Satu Siklus S1, S2 dan S3</strong></p>\r\n\r\n<ol>\r\n	<li style=\"text-align:justify\">Surat Permohonan mahasiswa kepada Pimpinan Perguruan Tinggi</li>\r\n	<li style=\"text-align:justify\">Fotokopi Kartu Keluarga dan KTP Jawa Barat.</li>\r\n	<li style=\"text-align:justify\">Fotokopi Kartu Tanda Mahasiswa (KTM) dan Kartu Rencana Studi (KRS) atau yang sejenis sebagai bukti mahasiswa aktif.</li>\r\n	<li style=\"text-align:justify\">Pas photo warna terbaru ukuran 3x4 sebanyak 2 lembar</li>\r\n	<li style=\"text-align:justify\">Surat Keterangan Sehat dan Keterangan tidak buta warna bagi program studi tertentu dari Dokter Rumah Sakit/Puskesmas.</li>\r\n	<li style=\"text-align:justify\">Surat pernyataan tidak menerima beasiswa/bantuan biaya pendidikan lain dari sumber lain dan belum bekerja (khusus S1) yang diketahui oleh Pimpinan Perguruan Tinggi Bidang Kemahasiswaan.</li>\r\n	<li style=\"text-align:justify\">Surat Keterangan Berkelakuan baik dari pimpinan Fakultas/Jurusan.</li>\r\n	<li style=\"text-align:justify\">Rekomendasi dari pimpinan Fakultas/Jurusan berdasarkan pertimbangan dosen pembimbing/dosen wali.</li>\r\n	<li style=\"text-align:justify\">Foto copy transkrip nilai jenjang sebelumnya (S1 atau S2) dengan Indeks Prestasi Kumulatif (IPK) paling rendah 3,00 yang disahkan oleh pimpinan perguruan tinggi.</li>\r\n	<li style=\"text-align:justify\">Foto copy SKHUN SMA/MA/SMK atau sederajat dengan nilai rata-rata minimal 7,0 untuk S1 yang disahkan oleh pimpinan perguruan tinggi.</li>\r\n	<li style=\"text-align:justify\">Foto copy piagam atau bukti prestasi lainnya (ko-kurikuler dan atau ekstra kurikuler) yang diselenggarakan oleh Kemdikbud dan atau organisasi lain baik pada tingkat Nasional, Regional, maupun Internasional.</li>\r\n	<li style=\"text-align:justify\">Surat keterangan penghasilan orangtua/wali pemohon yang disahkan oleh pihak yang berwenang (bagi pegawai negeri/swasta disahkan oleh Bagian Keuangan, dan yang bukan pegawai negeri/swasta disahkan oleh Ketua RT &amp; Ketua RW setempat), khusus S1 dan S2 yang belum bekerja.</li>\r\n</ol>\r\n\r\n<p style=\"text-align:justify\"><strong>&nbsp; &nbsp; &nbsp; </strong></p>\r\n\r\n<p style=\"text-align:justify\"><strong>&nbsp; &nbsp; &nbsp; Kriteria Beasiswa&nbsp;Bantuan Biaya Belajar S1</strong></p>\r\n\r\n<ol>\r\n	<li style=\"text-align:justify\">Mahasiswa Non PNS penduduk Jawa Barat</li>\r\n	<li style=\"text-align:justify\">Mahasiswa berprestasi baik pada bidang akademik/kurikuler, ko-kurikuler maupun ekstra kurikuler.</li>\r\n	<li style=\"text-align:justify\">Mahasiswa dengan prestasi memadai yang orang tua/wali-nya tidak mampu membiayai pendidikannya.</li>\r\n	<li style=\"text-align:justify\">Berkelakuan baik.</li>\r\n	<li style=\"text-align:justify\">Paling rendah duduk pada semester I dan paling tinggi duduk pada semester V.</li>\r\n	<li style=\"text-align:justify\">Tidak sedang menerima beasiswa dari sumber lain;</li>\r\n</ol>\r\n\r\n<p style=\"text-align:justify\"><strong>&nbsp; &nbsp; &nbsp;</strong></p>\r\n\r\n<p style=\"text-align:justify\"><strong>&nbsp; &nbsp; &nbsp; Persyaratan Beasiswa&nbsp;</strong><strong>Bantuan Biaya Belajar S1</strong></p>\r\n\r\n<ol>\r\n	<li style=\"text-align:justify\">Surat Permohonan mahasiswa kepada Pimpinan Perguruan Tinggi</li>\r\n	<li style=\"text-align:justify\">Fotokopi Kartu Keluarga dan KTP Jawa Barat.</li>\r\n	<li style=\"text-align:justify\">Fotokopi Kartu Tanda Mahasiswa (KTM) dan Kartu Rencana Studi (KRS) atau yang sejenis sebagai bukti mahasiswa aktif.</li>\r\n	<li style=\"text-align:justify\">Pas photo warna terbaru ukuran 3x4 sebanyak 2 lembar</li>\r\n	<li style=\"text-align:justify\">Surat Keterangan Sehat dan Keterangan tidak buta warna bagi program studi tertentu dari Dokter Rumah Sakit/Puskesmas.</li>\r\n	<li style=\"text-align:justify\">Surat pernyataan tidak menerima beasiswa/bantuan biaya pendidikan lain dari sumber lain dan belum bekerja (khusus S1) yang diketahui oleh Pimpinan Perguruan Tinggi Bidang Kemahasiswaan.</li>\r\n	<li style=\"text-align:justify\">Rekomendasi dari pimpinan Fakultas/Jurusan berdasarkan pertimbangan dosen pembimbing/dosen wali.</li>\r\n	<li style=\"text-align:justify\">Surat Keterangan Berkelakuan Baik dari pimpinan Fakultas/Jurusan.</li>\r\n	<li style=\"text-align:justify\">Foto copy transkrip nilai semester sebelumnya (untuk mahasiswa semester III &amp; V) dengan Indeks Prestasi Kumulatif (IPK) paling rendah 2,75 yang disahkan oleh pimpinan perguruan tinggi.</li>\r\n	<li style=\"text-align:justify\">Foto copy SKHUN SMA/MA/SMK atau sederajat dengan nilai rata-rata minimal 7,0 (untuk mahasiswa semester I) yang disahkan oleh pimpinan perguruan tinggi.</li>\r\n	<li style=\"text-align:justify\">Foto copy piagam atau bukti prestasi lainnya (ko-kurikuler dan atau ekstra kurikuler) yang diselenggarakan oleh Kemdikbud dan atau organisasi lain baik pada tingkat Nasional, Regional, maupun Internasional.</li>\r\n	<li style=\"text-align:justify\">Surat keterangan penghasilan orangtua/wali pemohon yang disahkan oleh pihak yang berwenang (bagi pegawai negeri/swasta disahkan oleh Bagian Keuangan, dan yang bukan pegawai negeri/swasta disahkan oleh Ketua RT &amp; Ketua RW setempat).</li>\r\n</ol>\r\n\r\n<p style=\"text-align:justify\"><strong>&nbsp; </strong></p>\r\n\r\n<p style=\"text-align:justify\"><strong>&nbsp; &nbsp; &nbsp; &nbsp;Kriteria Beasiswa&nbsp;</strong><strong>Bantuan Tugas Akhir S1, S2 dan S3</strong></p>\r\n\r\n<ol>\r\n	<li style=\"text-align:justify\">Mahasiswa Non PNS Penduduk Jawa Barat, dibuktikan dengan Kartu Keluarga dan Kartu Tanda Penduduk (KTP);</li>\r\n	<li style=\"text-align:justify\">Mahasiswa Program S1, S2 dan S3 yang telah menyelesaikan proposal penelitian yang telah disetujui;</li>\r\n	<li style=\"text-align:justify\">Mahasiswa yang bersangkutan tidak/sedang menerima beasiswa lainnya;</li>\r\n	<li style=\"text-align:justify\">IPK minimal 3,00 untuk S1, 3,50 untuk S2 dan S3;</li>\r\n	<li style=\"text-align:justify\">Berkelakuan baik;</li>\r\n	<li style=\"text-align:justify\">Khusus untuk S1 batas usia maksimal pada saat didaftarkan adalah 25 tahun, untuk S2 35 tahun, untuk S3 45 tahun.</li>\r\n	<li style=\"text-align:justify\">Prioritas mahasiswa dari keluarga tidak mampu secara ekonomi atau dikategorikan layak mendapat bantuan menurut pertimbangan dosen pembimbing/dosen wali di perguruan tinggi yang bersangkutan;</li>\r\n	<li style=\"text-align:justify\">Bersedia menanggulangi kekurangan dana beasiswa tugas akhir dan sanggup menyelesaikan tugas akhir perkuliahan tepat waktu.</li>\r\n</ol>\r\n\r\n<p style=\"text-align:justify\"><strong>&nbsp; &nbsp;</strong></p>\r\n\r\n<p style=\"text-align:justify\"><strong>&nbsp; &nbsp; &nbsp; Persyaratan Beasiswa&nbsp;</strong><strong>Tugas Akhir S1, S2 dan S3</strong></p>\r\n\r\n<ol>\r\n	<li style=\"text-align:justify\">Surat Permohonan mahasiswa kepada Pimpinan Perguruan Tinggi</li>\r\n	<li style=\"text-align:justify\">Foto copy Kartu Keluarga dan KTP Jawa Barat.</li>\r\n	<li style=\"text-align:justify\">Foto copy Kartu Tanda Mahasiswa (KTM) dan Kartu Rencana Studi (KRS) atau yang sejenis sebagai bukti mahasiswa aktif.</li>\r\n	<li style=\"text-align:justify\">Foto copy Abstrak Proposal penelitian yang telah disetujui oleh pembimbing;</li>\r\n	<li style=\"text-align:justify\">Pas Foto warna terbaru ukuran 3x4 sebanyak 2 lembar;</li>\r\n	<li style=\"text-align:justify\">Surat pernyataan tidak menerima beasiswa/bantuan biaya pendidikan sejenis dari sumber lain.</li>\r\n	<li style=\"text-align:justify\">Rekomendasi dari pimpinan Fakultas/Jurusan berdasarkan pertimbangan dosen pembimbing/dosen wali.</li>\r\n	<li style=\"text-align:justify\">Surat Keterangan Berkelakuan Baik dari pimpinan Fakultas/Jurusan.</li>\r\n	<li style=\"text-align:justify\">Foto copy transkrip nilai dengan Indeks Prestasi Kumulatif (IPK) paling rendah 3,00 untuk S1, 3,50 untuk S2 dan S3;&nbsp;</li>\r\n</ol>\r\n', '2017-10-18', '', 'admin', 2, '07:37:58', 'Rabu'),
(7, 'Kerjasama', 'kerjasama', '<p>Dalam pelaksanaan kegiatan akademik, Universitas Singaperbangsa Karawang menjalin kerjasama dengan perguruan tinggi dan atau lembaga-lembaga lain baik di dalam maupun di luar negeri.<br />\r\nKerjasama dilakukan dalam bentuk :<br />\r\na. Kontrak manajemen.<br />\r\nb. Program kembaran.<br />\r\nc. Program pemindahan kredit.<br />\r\nd. Pertukaran dosen dan atau mahasiswa dalam penyelenggaraan kegiatan akademik.<br />\r\ne. Pemanfaatan bersama sumberdaya dalam pelaksanaan kegiatan akademik.<br />\r\nf. Penerbitan bersama karya ilmiah.<br />\r\ng. Penyelenggaraan bersama seminar atau kegiatan ilmiah lain.<br />\r\nh. Bentuk-bentuk lain yang dianggap perlu.<br />\r\n<br />\r\nKerjasama dalam bentuk kontrak manajemen, program kembaran, dan program pemindahan kredit dengan perguruan tinggi luar negeri hanya dapat dilaksanakan sepanjang Program Studi dari perguruan tinggi luar negeri yang telah terakreditasi dan diakui Pemerintah Republik Indonesia. Pelaksanaan ketentuan kerjasama dengan perguruan tinggi dan atau lembaga lain di luar negeri diatur oleh Menteri.<br />\r\n<br />\r\nKerjasama yang telah dilakukan adalah sebagai berikut :<br />\r\n<br />\r\n<strong>1. Dalam Negeri</strong><br />\r\n- Pemerintah Provinsi Jawa Barat<br />\r\n- Pemerintah Daerah Kabupaten Karawang<br />\r\n- Kementerian Pendidikan Nasional, Pemuda dan Olahraga Kabupaten Karawang<br />\r\n- Kementerian Agama Kabupaten Karawang<br />\r\n- PT. Pindo Delli Pulp and Paper<br />\r\n- PT. Toyota Motor Manufacturing Indonesia<br />\r\n- Bank Tabungan Negara (BTN) Kantor Cabang Karawang<br />\r\n- Universitas Pendidikan Indonesia (UPI) Bandung<br />\r\n- Yayasan Dana Mandiri Jakarta<br />\r\n- dan lainnya<br />\r\n<br />\r\n<strong>2. Luar Negeri</strong><br />\r\n- United States Agency for International Development (USAID)<br />\r\n- National Ilan University, Taiwan ROC<br />\r\n- Duksung&#39;s Women University, Seoul Korea Selatan</p>\r\n', '2017-10-18', '', 'admin', 2, '07:46:51', 'Rabu'),
(8, 'Senat Universitas', 'senat-universitas', '<div>\r\n<p style=\"text-align:justify\">Senat Universitas &nbsp;merupakan organ yang menjalankan fungsi penetapan dan pertimbangan pelaksanaan kebijakan akademik.</p>\r\n\r\n<p style=\"text-align:justify\">Dalam menjalankan fungsinya Senat Universitas mempunyai tugas dan wewenang sebagai berikut:</p>\r\n\r\n<p style=\"margin-left:0.25in; text-align:justify\">a.&nbsp;&nbsp;&nbsp; penetapan kebijakan, norma/etika, dan kode etik akademik;</p>\r\n\r\n<p style=\"margin-left:0.25in; text-align:justify\">b.&nbsp;&nbsp;&nbsp; melakukan pengawasan terhadap:</p>\r\n\r\n<p style=\"margin-left:0.25in; text-align:justify\">&nbsp; &nbsp; &nbsp; &nbsp;1. &nbsp; &nbsp;penerapan norma/etika akademik dan kode etik Sivitas Akademika;</p>\r\n\r\n<p style=\"margin-left:0.25in; text-align:justify\">&nbsp; &nbsp; &nbsp; &nbsp;2. &nbsp; &nbsp;penerapan ketentuan akademik;</p>\r\n\r\n<p style=\"margin-left:0.5in; text-align:justify\">3.&nbsp;&nbsp;&nbsp; pelaksanaan penjaminan mutu perguruan tinggi paling sedikit mengacu pada standar nasional pendidikan</p>\r\n\r\n<p style=\"margin-left:0.5in; text-align:justify\">&nbsp; &nbsp; &nbsp; &nbsp;tinggi;</p>\r\n\r\n<p style=\"margin-left:0.5in; text-align:justify\">4.&nbsp;&nbsp;&nbsp; pelaksanaan kebebasan akademik, kebebasan mimbar akademik, dan otonomi keilmuan;</p>\r\n\r\n<p style=\"margin-left:0.5in; text-align:justify\">5.&nbsp;&nbsp;&nbsp; pelaksanaan tata tertib akademik;</p>\r\n\r\n<p style=\"margin-left:0.5in; text-align:justify\">6.&nbsp;&nbsp;&nbsp; pelaksanaan kebijakan penilaian kinerja Dosen; dan</p>\r\n\r\n<p style=\"margin-left:0.5in; text-align:justify\">7.&nbsp;&nbsp;&nbsp; pelaksanaan proses pembelajaran, penelitian, dan pengabdian kepada masyarakat.</p>\r\n\r\n<p style=\"margin-left:0.25in; text-align:justify\">c.&nbsp;&nbsp;&nbsp; pemberian pertimbangan dan mengusulkan perbaikan proses pembelajaran, &nbsp;penelitian, dan pengabdian</p>\r\n\r\n<p style=\"margin-left:0.25in; text-align:justify\">&nbsp; &nbsp; &nbsp; &nbsp;kepada masyarakat kepada Rektor;</p>\r\n\r\n<p style=\"margin-left:0.25in; text-align:justify\">d.&nbsp;&nbsp;&nbsp; pemberian pertimbangan kepada Rektor dalam pembukaan dan penutupan program studi;</p>\r\n\r\n<p style=\"margin-left:0.25in; text-align:justify\">e.&nbsp;&nbsp;&nbsp; pemberian pertimbangan terhadap pemberian atau pencabutan gelar dan penghargaan akademik;</p>\r\n\r\n<p style=\"margin-left:0.25in; text-align:justify\">f.&nbsp;&nbsp;&nbsp;&nbsp; pemberian pertimbangan kepada Rektor dalam pengusulan lektor kepala dan profesor; dan</p>\r\n\r\n<p style=\"margin-left:0.25in; text-align:justify\">g.&nbsp;&nbsp;&nbsp; pemberian rekomendasi penjatuhan sanksi terhadap pelanggaran norma, etika, dan peraturan akademik</p>\r\n\r\n<p style=\"margin-left:0.25in; text-align:justify\">&nbsp; &nbsp; &nbsp; &nbsp;yang dilakukan oleh Sivitas Akademika kepada Rektor.</p>\r\n\r\n<p style=\"text-align:justify\">Dalam melaksanakan tugas dan wewenangnya Senat Universitas menyusun laporan hasil pengawasan dan menyampaikan kepada Rektor untuk ditindaklanjuti.</p>\r\n</div>\r\n\r\n<div>\r\n<p style=\"text-align:justify\">Senat dipimpin oleh seorang ketua dan dibantu seorang sekretaris.</p>\r\n\r\n<p style=\"text-align:justify\"><u><strong>Anggota Senat Universitas terdiri atas:</strong></u></p>\r\n\r\n<p style=\"text-align:justify\">a. &nbsp; 2 (dua) orang wakil Dosen dari setiap fakultas;</p>\r\n\r\n<p style=\"text-align:justify\">b. &nbsp; Rektor;</p>\r\n\r\n<p style=\"text-align:justify\">c. &nbsp; wakil rektor;</p>\r\n\r\n<p style=\"text-align:justify\">d. &nbsp; dekan; dan</p>\r\n\r\n<p style=\"text-align:justify\">e. &nbsp; ketua lembaga.</p>\r\n\r\n<p style=\"text-align:justify\">Anggota SenatUniversitas &nbsp;yang berasal dari wakil Dosen dari setiap fakultas dipilih dari Dosen setiap fakultas yang bersangkutan oleh senat fakultas dan diusulkan oleh dekan kepada Rektor.</p>\r\n\r\n<p style=\"text-align:justify\">Wakil Dosen dari setiap fakultas minimal menduduki jabatan akademik paling rendah asisten ahli.</p>\r\n\r\n<p style=\"text-align:justify\"><u><strong>Keanggotaan Senat Universitas terdiri atas:</strong></u></p>\r\n\r\n<p style=\"text-align:justify\">a.&nbsp;&nbsp;&nbsp; ketua merangkap anggota;</p>\r\n\r\n<p style=\"text-align:justify\">b.&nbsp;&nbsp;&nbsp; sekretaris merangkap anggota; dan</p>\r\n\r\n<p style=\"text-align:justify\">c.&nbsp;&nbsp;&nbsp; anggota.</p>\r\n\r\n<p style=\"text-align:justify\">Ketua dan sekretaris Senat Universitas &nbsp;dijabat oleh anggota Senat yang bukan Rektor.</p>\r\n\r\n<p style=\"text-align:justify\">Ketua, sekretaris, dan anggota Senat Universitas ditetapkan oleh Rektor.</p>\r\n\r\n<p style=\"text-align:justify\">Masa jabatan anggota Senat Universitas selama 4 (empat) tahun dan dapat diangkat kembali untuk 1 (satu) kali masa jabatan.</p>\r\n\r\n<p style=\"text-align:justify\">Senat Universitas dalam menjalankan fungsinya dapat membentuk komisi atau sebutan lain sesuai dengan kebutuhan.</p>\r\n</div>\r\n', '2017-10-18', '', 'admin', 5, '07:51:29', ''),
(9, 'Pimpinan Universitas', 'pimpinan-universitas', '<div class=\"content\">\r\n<div class=\"field field-label-hidden field-name-body field-type-text-with-summary\">\r\n<div class=\"field-items\">\r\n<div class=\"even field-item\">\r\n<p style=\"text-align:justify\"><span style=\"color:#000000\"><span style=\"font-family:arial,helvetica,sans-serif\"><span style=\"font-size:12px\">Pimpinan Universitas terdiri dari Rektor dan Wakil Rektor.&nbsp; Rektor dalam melaksanakan tugasnya dibantu oleh Wakil Rektor. Wakil Rektor terdiri atas :</span></span></span></p>\r\n\r\n<ol start=\"1\" style=\"list-style-type:lower-alpha\">\r\n	<li style=\"text-align:justify\"><span style=\"color:#000000\"><span style=\"font-family:arial,helvetica,sans-serif\"><span style=\"font-size:12px\">Wakil Rektor Bidang Akademik.</span></span></span></li>\r\n	<li style=\"text-align:justify\"><span style=\"color:#000000\"><span style=\"font-family:arial,helvetica,sans-serif\"><span style=\"font-size:12px\">Wakil Rektor Bidang Administrasi Umum, Keuangan dan Kepegawaian.</span></span></span></li>\r\n	<li style=\"text-align:justify\"><span style=\"color:#000000\"><span style=\"font-family:arial,helvetica,sans-serif\"><span style=\"font-size:12px\">Wakil Rektor Bidang Kemahasiswaan, Kerjasama&nbsp;dan Alumni.</span></span></span></li>\r\n</ol>\r\n\r\n<p style=\"text-align:justify\"><span style=\"color:#000000\"><span style=\"font-family:arial,helvetica,sans-serif\"><span style=\"font-size:12px\">Pimpinan Universitas sebagai penanggungjawab utama pada Universitas, di samping memberikan arahan serta kebijakan umum, juga menetapkan peraturan, norma dan tolak ukur penyelenggaraan Universitas atas dasar keputusan Senat Universitas.&nbsp;</span></span></span></p>\r\n\r\n<table border=\"0\" cellpadding=\"0\" cellspacing=\"0\" style=\"height:100px; width:550px\">\r\n	<tbody>\r\n		<tr>\r\n			<td style=\"background-color:#bbbbbb; border-color:#3399cc; height:20px; width:367px\"><span style=\"color:#000000\"><span style=\"font-family:arial,helvetica,sans-serif\"><span style=\"font-size:12px\">Rektor</span></span></span></td>\r\n			<td style=\"background-color:#bbbbbb; border-color:#3399cc; width:11px\"><span style=\"color:#000000\"><span style=\"font-family:arial,helvetica,sans-serif\"><span style=\"font-size:12px\">:</span></span></span></td>\r\n			<td style=\"background-color:#bbbbbb; border-color:#3399cc; width:187px\"><span style=\"color:#000000\">Prof. Dr. H. Moh. Wahyudin Zarkasyi, SE.,MS,Ak,CPA</span></td>\r\n		</tr>\r\n		<tr>\r\n			<td style=\"background-color:#bbbbbb; border-color:#3399cc; height:20px; width:367px\"><span style=\"color:#000000\"><span style=\"font-family:arial,helvetica,sans-serif\"><span style=\"font-size:12px\">Wakil Rektor Bidang Akademik</span></span></span></td>\r\n			<td style=\"background-color:#bbbbbb; border-color:#3399cc; width:11px\"><span style=\"color:#000000\"><span style=\"font-family:arial,helvetica,sans-serif\"><span style=\"font-size:12px\">:</span></span></span></td>\r\n			<td style=\"background-color:#bbbbbb; border-color:#3399cc; width:187px\"><span style=\"color:#000000\">Dr. Candra Hayatul Iman, SH., MH</span></td>\r\n		</tr>\r\n		<tr>\r\n			<td style=\"background-color:#bbbbbb; border-color:#3399cc; height:20px; width:367px\"><span style=\"color:#000000\"><span style=\"font-family:arial,helvetica,sans-serif\"><span style=\"font-size:12px\">Wakil Rektor Bidang Administrasi Umum, Keuangan</span></span> dan Kepegawaian</span></td>\r\n			<td style=\"background-color:#bbbbbb; border-color:#3399cc; width:11px\"><span style=\"color:#000000\"><span style=\"font-family:arial,helvetica,sans-serif\"><span style=\"font-size:12px\">:</span></span></span></td>\r\n			<td style=\"background-color:#bbbbbb; border-color:#3399cc; width:187px\"><span style=\"color:#000000\"><span style=\"font-family:arial,helvetica,sans-serif\"><span style=\"font-size:12px\">H. Briljan</span></span> Sudjana., Ir., MS., MBA</span></td>\r\n		</tr>\r\n		<tr>\r\n			<td style=\"background-color:#bbbbbb; border-color:#3399cc; height:20px; width:367px\"><span style=\"color:#000000\"><span style=\"font-family:arial,helvetica,sans-serif\"><span style=\"font-size:12px\">Wakil Rektor Bidang Kemahasiswaan,&nbsp;</span></span>Kerjasama dan Alumni</span></td>\r\n			<td style=\"background-color:#bbbbbb; border-color:#3399cc; width:11px\"><span style=\"color:#000000\"><span style=\"font-family:arial,helvetica,sans-serif\"><span style=\"font-size:12px\">:</span></span></span></td>\r\n			<td style=\"background-color:#bbbbbb; border-color:#3399cc; width:187px\"><span style=\"color:#000000\">Ade Momon S., ST., MT.</span></td>\r\n		</tr>\r\n	</tbody>\r\n</table>\r\n\r\n<p>&nbsp;</p>\r\n</div>\r\n</div>\r\n</div>\r\n</div>\r\n', '2017-10-18', '', 'admin', 9, '07:56:58', '');
INSERT INTO `halamanstatis` (`id_halaman`, `judul`, `judul_seo`, `isi_halaman`, `tgl_posting`, `gambar`, `username`, `dibaca`, `jam`, `hari`) VALUES
(10, 'Pimpinan Fakultas', 'pimpinan-fakultas', '<p style=\"text-align:justify\"><span style=\"color:#000000\"><span style=\"font-family:arial,helvetica,sans-serif\"><span style=\"font-size:12px\">Fakultas dipimpin oleh Dekan yang bertanggung jawab langsung kepada Rektor. Dekan memimpin perencanaan, pengorganisasian, pengkoordinasian dan pengendalian dalam menyelenggarakan pendidikan dan pengajaran, penelitian dan pengabdian pada masyarakat, pembinaan dosen, pembinaan tenaga kependidikan dan pembinaan kemahasiswaan di lingkungan Fakultasnya.</span></span></span></p>\r\n\r\n<p style=\"text-align:justify\"><span style=\"color:#000000\"><span style=\"font-family:arial,helvetica,sans-serif\"><span style=\"font-size:12px\">Pimpinan fakultas terdiri dari Dekan dan Wakil Dekan bagi fakultas yang memiliki jumlah mahasiswa&nbsp; minimal 350 orang. Wakil Dekan bertanggung jawab kepada Dekan. Apabila Dekan berhalangan tidak tetap, maka Wakil Dekan bertindak sebagai pelaksana harian Dekan.</span></span></span></p>\r\n\r\n<table align=\"center\" border=\"1\" cellpadding=\"0\" cellspacing=\"0\" style=\"width:100%\">\r\n	<thead>\r\n	</thead>\r\n	<tbody>\r\n		<tr>\r\n			<td colspan=\"3\" style=\"background-color:#ff0000; height:24px; text-align:center\"><strong><span style=\"color:#000000\"><span style=\"font-family:arial,helvetica,sans-serif\"><span style=\"font-size:12px\">Fakultas Hukum</span></span></span></strong></td>\r\n		</tr>\r\n		<tr>\r\n			<td style=\"background-color:#bbbbbb; height:24px\"><span style=\"color:#000000\"><span style=\"font-family:arial,helvetica,sans-serif\"><span style=\"font-size:12px\">Dekan</span></span></span></td>\r\n			<td style=\"background-color:#bbbbbb\"><span style=\"color:#000000\"><span style=\"font-family:arial,helvetica,sans-serif\"><span style=\"font-size:12px\">:</span></span></span></td>\r\n			<td style=\"background-color:#bbbbbb\"><span style=\"color:#000000\"><span style=\"font-family:arial,helvetica,sans-serif\"><span style=\"font-size:12px\">H. Suryana Martha, SH., MH.</span></span></span></td>\r\n		</tr>\r\n		<tr>\r\n			<td style=\"background-color:#bbbbbb; height:24px\"><span style=\"color:#000000\"><span style=\"font-family:arial,helvetica,sans-serif\"><span style=\"font-size:12px\">Wakil Dekan&nbsp;</span></span></span></td>\r\n			<td style=\"background-color:#bbbbbb\"><span style=\"color:#000000\"><span style=\"font-family:arial,helvetica,sans-serif\"><span style=\"font-size:12px\">:</span></span></span></td>\r\n			<td style=\"background-color:#bbbbbb\"><span style=\"color:#000000\"><span style=\"font-family:arial,helvetica,sans-serif\">Holyone N Singadimedja, SH., MH.</span></span></td>\r\n		</tr>\r\n		<tr>\r\n			<td style=\"background-color:#bbbbbb; height:24px\"><span style=\"color:#000000\"><span style=\"font-family:arial,helvetica,sans-serif\">Koordinator Prodi &nbsp;Magister Ilmu Hukum</span></span></td>\r\n			<td style=\"background-color:#bbbbbb\"><span style=\"color:#000000\"><span style=\"font-family:arial,helvetica,sans-serif\">:</span></span></td>\r\n			<td style=\"background-color:#bbbbbb\"><span style=\"color:#000000\"><span style=\"font-family:arial,helvetica,sans-serif\">Imam Budi Santoso, SH., MH.</span></span></td>\r\n		</tr>\r\n		<tr>\r\n			<td style=\"background-color:#bbbbbb; height:24px\"><span style=\"color:#000000\"><span style=\"font-family:arial,helvetica,sans-serif\"><span style=\"font-size:12px\">Koordinator Prodi S1 Ilmu Hukum</span></span></span></td>\r\n			<td style=\"background-color:#bbbbbb\"><span style=\"color:#000000\"><span style=\"font-family:arial,helvetica,sans-serif\"><span style=\"font-size:12px\">:</span></span></span></td>\r\n			<td style=\"background-color:#bbbbbb\"><span style=\"color:#000000\"><span style=\"font-family:arial,helvetica,sans-serif\">H.Deni Nuryadi, SH.,MH</span></span></td>\r\n		</tr>\r\n		<tr>\r\n			<td style=\"background-color:#bbbbbb; height:24px\"><span style=\"color:#000000\">Kabag. TU&nbsp;</span></td>\r\n			<td style=\"background-color:#bbbbbb\"><span style=\"color:#000000\">:</span></td>\r\n			<td style=\"background-color:#bbbbbb\"><span style=\"color:#000000\">H. M. Rudy Setiadi, SE.</span></td>\r\n		</tr>\r\n		<tr>\r\n			<td style=\"background-color:#bbbbbb; height:24px\"><span style=\"color:#000000\">Ka. Subag. Akademik dan Kemahasiswaan</span></td>\r\n			<td style=\"background-color:#bbbbbb\"><span style=\"color:#000000\">:</span></td>\r\n			<td style=\"background-color:#bbbbbb\"><span style=\"color:#000000\">Rizky Fauzi, SE.</span></td>\r\n		</tr>\r\n		<tr>\r\n			<td colspan=\"3\" style=\"height:24px\">&nbsp;</td>\r\n		</tr>\r\n		<tr>\r\n			<td colspan=\"3\" style=\"background-color:#ffff00; height:24px; text-align:center\"><strong><span style=\"color:#000000\"><span style=\"font-family:arial,helvetica,sans-serif\"><span style=\"font-size:12px\">Fakultas Ekonomi</span></span></span></strong></td>\r\n		</tr>\r\n		<tr>\r\n			<td style=\"background-color:#bbbbbb; height:24px\"><span style=\"color:#000000\"><span style=\"font-family:arial,helvetica,sans-serif\"><span style=\"font-size:12px\">Dekan</span></span></span></td>\r\n			<td style=\"background-color:#bbbbbb\"><span style=\"color:#000000\"><span style=\"font-family:arial,helvetica,sans-serif\"><span style=\"font-size:12px\">:</span></span></span></td>\r\n			<td style=\"background-color:#bbbbbb\"><span style=\"color:#000000\"><span style=\"font-family:arial,helvetica,sans-serif\"><span style=\"font-size:12px\">Dr. H. Sony Hersona GW, Drs., MM.</span></span></span></td>\r\n		</tr>\r\n		<tr>\r\n			<td style=\"background-color:#bbbbbb; height:24px\"><span style=\"color:#000000\"><span style=\"font-family:arial,helvetica,sans-serif\"><span style=\"font-size:12px\">Wakil Dekan</span></span></span></td>\r\n			<td style=\"background-color:#bbbbbb\"><span style=\"color:#000000\"><span style=\"font-family:arial,helvetica,sans-serif\"><span style=\"font-size:12px\">:</span></span></span></td>\r\n			<td style=\"background-color:#bbbbbb\"><span style=\"color:#000000\"><span style=\"font-family:arial,helvetica,sans-serif\"><span style=\"font-size:12px\">Eman Sulaeman, SE., MM.</span></span></span></td>\r\n		</tr>\r\n		<tr>\r\n			<td style=\"background-color:#bbbbbb; height:24px\"><span style=\"color:#000000\">Koordinator<span style=\"font-family:arial,helvetica,sans-serif\">&nbsp;Prodi Magister Manajemen</span></span></td>\r\n			<td style=\"background-color:#bbbbbb\"><span style=\"color:#000000\"><span style=\"font-family:arial,helvetica,sans-serif\">:</span></span></td>\r\n			<td style=\"background-color:#bbbbbb\"><span style=\"color:#000000\">Dr. Rahmat Hasbullah, SE., M.Pd.</span></td>\r\n		</tr>\r\n		<tr>\r\n			<td style=\"background-color:#bbbbbb; height:24px\"><span style=\"color:#000000\">Koordinator<span style=\"font-family:arial,helvetica,sans-serif\"><span style=\"font-size:12px\">&nbsp;Prodi S1 Manajemen</span></span></span></td>\r\n			<td style=\"background-color:#bbbbbb\"><span style=\"color:#000000\"><span style=\"font-family:arial,helvetica,sans-serif\"><span style=\"font-size:12px\">:</span></span></span></td>\r\n			<td style=\"background-color:#bbbbbb\"><span style=\"color:#000000\">Dr. H. Sony Hersona GW, Drs., MM. (Plt)</span></td>\r\n		</tr>\r\n		<tr>\r\n			<td style=\"background-color:#bbbbbb; height:24px\"><span style=\"color:#000000\">Koordinator<span style=\"font-family:arial,helvetica,sans-serif\"><span style=\"font-size:12px\">&nbsp;Prodi S1 Akuntansi</span></span></span></td>\r\n			<td style=\"background-color:#bbbbbb\"><span style=\"color:#000000\"><span style=\"font-family:arial,helvetica,sans-serif\"><span style=\"font-size:12px\">:</span></span></span></td>\r\n			<td style=\"background-color:#bbbbbb\"><span style=\"color:#000000\">Sri Suartini, SE., MM.</span></td>\r\n		</tr>\r\n		<tr>\r\n			<td style=\"background-color:#bbbbbb; height:24px\"><span style=\"color:#000000\">Koordinator<span style=\"font-family:arial,helvetica,sans-serif\"><span style=\"font-size:12px\">&nbsp;Prodi D3 Akuntansi</span></span></span></td>\r\n			<td style=\"background-color:#bbbbbb\"><span style=\"color:#000000\"><span style=\"font-family:arial,helvetica,sans-serif\"><span style=\"font-size:12px\">:</span></span></span></td>\r\n			<td style=\"background-color:#bbbbbb\"><span style=\"color:#000000\"><span style=\"font-family:arial,helvetica,sans-serif\"><span style=\"font-size:12px\">H. Ahmad Nawawi, SE.,M.Si.</span></span></span></td>\r\n		</tr>\r\n		<tr>\r\n			<td style=\"background-color:#bbbbbb; height:24px\"><span style=\"color:#000000\">Kabag. TU</span></td>\r\n			<td style=\"background-color:#bbbbbb\"><span style=\"color:#000000\">:</span></td>\r\n			<td style=\"background-color:#bbbbbb\"><span style=\"color:#000000\">Dadang Setiana, ST.</span></td>\r\n		</tr>\r\n		<tr>\r\n			<td style=\"background-color:#bbbbbb; height:24px\"><span style=\"color:#000000\">Ka. Subag. Akademik dan Kemahasiswaan</span></td>\r\n			<td style=\"background-color:#bbbbbb\"><span style=\"color:#000000\">:</span></td>\r\n			<td style=\"background-color:#bbbbbb\"><span style=\"color:#000000\">Ramdhan Siddiq, SE.</span></td>\r\n		</tr>\r\n		<tr>\r\n			<td colspan=\"3\" style=\"height:24px\">&nbsp;</td>\r\n		</tr>\r\n		<tr>\r\n			<td colspan=\"3\" style=\"background-color:#663300; height:24px; text-align:center\"><strong><span style=\"color:#000000\"><span style=\"font-family:arial,helvetica,sans-serif\"><span style=\"font-size:12px\">Fakultas Keguruan dan Ilmu Pendidikan</span></span></span></strong></td>\r\n		</tr>\r\n		<tr>\r\n			<td style=\"background-color:#bbbbbb; height:24px\"><span style=\"color:#000000\"><span style=\"font-family:arial,helvetica,sans-serif\"><span style=\"font-size:12px\">Dekan&nbsp;</span></span></span></td>\r\n			<td style=\"background-color:#bbbbbb\"><span style=\"color:#000000\"><span style=\"font-family:arial,helvetica,sans-serif\"><span style=\"font-size:12px\">:</span></span></span></td>\r\n			<td style=\"background-color:#bbbbbb\"><span style=\"color:#000000\"><span style=\"font-family:arial,helvetica,sans-serif\"><span style=\"font-size:12px\">Dr. Dayat Hidayat, S.Pd., M.Pd.</span></span></span></td>\r\n		</tr>\r\n		<tr>\r\n			<td style=\"background-color:#bbbbbb; height:24px\"><span style=\"color:#000000\"><span style=\"font-family:arial,helvetica,sans-serif\"><span style=\"font-size:12px\">Wakil Dekan</span></span></span></td>\r\n			<td style=\"background-color:#bbbbbb\"><span style=\"color:#000000\"><span style=\"font-family:arial,helvetica,sans-serif\"><span style=\"font-size:12px\">:</span></span></span></td>\r\n			<td style=\"background-color:#bbbbbb\"><span style=\"color:#000000\"><span style=\"font-family:arial,helvetica,sans-serif\"><span style=\"font-size:12px\">Tika Santika, S.Pd., M.Pd.</span></span></span></td>\r\n		</tr>\r\n		<tr>\r\n			<td style=\"background-color:#bbbbbb; height:24px\"><span style=\"color:#000000\">Koordinator<span style=\"font-family:arial,helvetica,sans-serif\"><span style=\"font-size:12px\">&nbsp;Prodi S1 Pendidikan Luar Sekolah</span></span></span></td>\r\n			<td style=\"background-color:#bbbbbb\"><span style=\"color:#000000\"><span style=\"font-family:arial,helvetica,sans-serif\"><span style=\"font-size:12px\">:</span></span></span></td>\r\n			<td style=\"background-color:#bbbbbb\"><span style=\"color:#000000\"><span style=\"font-family:arial,helvetica,sans-serif\"><span style=\"font-size:12px\">Nia Khoerniasih, S.Pd., M.Pd.</span></span></span></td>\r\n		</tr>\r\n		<tr>\r\n			<td style=\"background-color:#bbbbbb; height:24px\"><span style=\"color:#000000\">Koordinator<span style=\"font-family:arial,helvetica,sans-serif\"><span style=\"font-size:12px\">&nbsp;Prodi S1 Penddidikan Matematika</span></span></span></td>\r\n			<td style=\"background-color:#bbbbbb\"><span style=\"color:#000000\"><span style=\"font-family:arial,helvetica,sans-serif\"><span style=\"font-size:12px\">:</span></span></span></td>\r\n			<td style=\"background-color:#bbbbbb\"><span style=\"color:#000000\"><span style=\"font-family:arial,helvetica,sans-serif\"><span style=\"font-size:12px\">Ramlah M Zein, S.Pd., M.Pd.</span></span></span></td>\r\n		</tr>\r\n		<tr>\r\n			<td style=\"background-color:#bbbbbb; height:24px\"><span style=\"color:#000000\">Koordinator<span style=\"font-family:arial,helvetica,sans-serif\"><span style=\"font-size:12px\">&nbsp;Prodi S1 Pendididkan Bahasa Inggris</span></span></span></td>\r\n			<td style=\"background-color:#bbbbbb\"><span style=\"color:#000000\"><span style=\"font-family:arial,helvetica,sans-serif\"><span style=\"font-size:12px\">:</span></span></span></td>\r\n			<td style=\"background-color:#bbbbbb\"><span style=\"color:#000000\"><span style=\"font-family:arial,helvetica,sans-serif\"><span style=\"font-size:12px\">Nia Pujiawati, SS., M.Pd.</span></span></span></td>\r\n		</tr>\r\n		<tr>\r\n			<td style=\"background-color:#bbbbbb; height:24px\"><span style=\"color:#000000\">Koordinator<span style=\"font-family:arial,helvetica,sans-serif\"><span style=\"font-size:12px\">&nbsp;Prodi S1 Pendidikan Jasmani, Kesehatan dan Rekreasi</span></span></span></td>\r\n			<td style=\"background-color:#bbbbbb\"><span style=\"color:#000000\"><span style=\"font-family:arial,helvetica,sans-serif\"><span style=\"font-size:12px\">:</span></span></span></td>\r\n			<td style=\"background-color:#bbbbbb\"><span style=\"color:#000000\"><span style=\"font-family:arial,helvetica,sans-serif\">Nana Suryana Nasution, S.Pd., M.Pd.</span></span></td>\r\n		</tr>\r\n		<tr>\r\n			<td style=\"background-color:#bbbbbb; height:24px\"><span style=\"color:#000000\">Koordinator<span style=\"font-family:arial,helvetica,sans-serif\">&nbsp;Prodi S1 Pendidikan Bahasa dan Sastra Indonesia</span></span></td>\r\n			<td style=\"background-color:#bbbbbb\"><span style=\"color:#000000\"><span style=\"font-family:arial,helvetica,sans-serif\">:</span></span></td>\r\n			<td style=\"background-color:#bbbbbb\"><span style=\"color:#000000\"><span style=\"font-family:arial,helvetica,sans-serif\">Een Nurhasanah, SS., MA.</span></span></td>\r\n		</tr>\r\n		<tr>\r\n			<td style=\"background-color:#bbbbbb; height:24px\"><span style=\"color:#000000\">Kabag. TU</span></td>\r\n			<td style=\"background-color:#bbbbbb\"><span style=\"color:#000000\">:</span></td>\r\n			<td style=\"background-color:#bbbbbb\"><span style=\"color:#000000\">Syamsul Aripin, S.Ag.</span></td>\r\n		</tr>\r\n		<tr>\r\n			<td style=\"background-color:#bbbbbb; height:24px\"><span style=\"color:#000000\">Ka. Subag. Akademik dan Kemahasiswaan</span></td>\r\n			<td style=\"background-color:#bbbbbb\"><span style=\"color:#000000\">:</span></td>\r\n			<td style=\"background-color:#bbbbbb\"><span style=\"color:#000000\">Eli Laeli Zahara, S.Pd.</span></td>\r\n		</tr>\r\n		<tr>\r\n			<td colspan=\"3\" style=\"height:24px\">&nbsp;</td>\r\n		</tr>\r\n		<tr>\r\n			<td colspan=\"3\" style=\"background-color:#33cc00; height:24px; text-align:center\"><strong><span style=\"color:#000000\"><span style=\"font-family:arial,helvetica,sans-serif\"><span style=\"font-size:12px\">Fakultas Pertanian</span></span></span></strong></td>\r\n		</tr>\r\n		<tr>\r\n			<td style=\"background-color:#bbbbbb; height:24px\"><span style=\"color:#000000\"><span style=\"font-family:arial,helvetica,sans-serif\"><span style=\"font-size:12px\">Dekan</span></span></span></td>\r\n			<td style=\"background-color:#bbbbbb\"><span style=\"color:#000000\"><span style=\"font-family:arial,helvetica,sans-serif\"><span style=\"font-size:12px\">:</span></span></span></td>\r\n			<td style=\"background-color:#bbbbbb\"><span style=\"color:#000000\"><span style=\"font-family:arial,helvetica,sans-serif\"><span style=\"font-size:12px\">Dr. Sulistyo Sidik Purnomo, Ir., M.Si.</span></span></span></td>\r\n		</tr>\r\n		<tr>\r\n			<td style=\"background-color:#bbbbbb; height:24px\"><span style=\"color:#000000\"><span style=\"font-family:arial,helvetica,sans-serif\"><span style=\"font-size:12px\">Wakil Dekan&nbsp;</span></span></span></td>\r\n			<td style=\"background-color:#bbbbbb\"><span style=\"color:#000000\"><span style=\"font-family:arial,helvetica,sans-serif\"><span style=\"font-size:12px\">:</span></span></span></td>\r\n			<td style=\"background-color:#bbbbbb\"><span style=\"color:#000000\"><span style=\"font-family:arial,helvetica,sans-serif\">Muharam, Ir., MP.</span></span></td>\r\n		</tr>\r\n		<tr>\r\n			<td style=\"background-color:#bbbbbb; height:24px\"><span style=\"color:#000000\">Koordinator<span style=\"font-family:arial,helvetica,sans-serif\"><span style=\"font-size:12px\">&nbsp;Prodi S1 Agroteknologi</span></span></span></td>\r\n			<td style=\"background-color:#bbbbbb\"><span style=\"color:#000000\"><span style=\"font-family:arial,helvetica,sans-serif\"><span style=\"font-size:12px\">:</span></span></span></td>\r\n			<td style=\"background-color:#bbbbbb\"><span style=\"color:#000000\"><span style=\"font-family:arial,helvetica,sans-serif\">Drs. Slamet Abadi., M.Si</span></span></td>\r\n		</tr>\r\n		<tr>\r\n			<td style=\"background-color:#bbbbbb; height:24px\"><span style=\"color:#000000\">Ka. Subag. TU</span></td>\r\n			<td style=\"background-color:#bbbbbb\"><span style=\"color:#000000\">:</span></td>\r\n			<td style=\"background-color:#bbbbbb\"><span style=\"color:#000000\">Rahmat Ruhiyat, SE.</span></td>\r\n		</tr>\r\n		<tr>\r\n			<td colspan=\"3\" style=\"height:24px\">&nbsp;</td>\r\n		</tr>\r\n		<tr>\r\n			<td colspan=\"3\" style=\"background-color:#111111; height:24px; text-align:center\"><span style=\"color:#ffffff\"><strong><span style=\"font-family:arial,helvetica,sans-serif\"><span style=\"font-size:12px\">Fakultas Agama Islam</span></span></strong></span></td>\r\n		</tr>\r\n		<tr>\r\n			<td style=\"background-color:#bbbbbb; height:24px\"><span style=\"color:#000000\"><span style=\"font-family:arial,helvetica,sans-serif\"><span style=\"font-size:12px\">Dekan</span></span></span></td>\r\n			<td style=\"background-color:#bbbbbb\"><span style=\"color:#000000\"><span style=\"font-family:arial,helvetica,sans-serif\"><span style=\"font-size:12px\">:</span></span></span></td>\r\n			<td style=\"background-color:#bbbbbb\"><span style=\"color:#000000\"><span style=\"font-family:arial,helvetica,sans-serif\"><span style=\"font-size:12px\">Dr. H. Amirudin, Drs., M.Pd.I.</span></span></span></td>\r\n		</tr>\r\n		<tr>\r\n			<td style=\"background-color:#bbbbbb; height:24px\"><span style=\"color:#000000\"><span style=\"font-family:arial,helvetica,sans-serif\"><span style=\"font-size:12px\">Wakil Dekan</span></span></span></td>\r\n			<td style=\"background-color:#bbbbbb\"><span style=\"color:#000000\"><span style=\"font-family:arial,helvetica,sans-serif\"><span style=\"font-size:12px\">:</span></span></span></td>\r\n			<td style=\"background-color:#bbbbbb\"><span style=\"color:#000000\"><span style=\"font-family:arial,helvetica,sans-serif\"><span style=\"font-size:12px\">Dr. H. Tajudin Nur.,&nbsp; Drs., M.Pd.I.</span></span></span></td>\r\n		</tr>\r\n		<tr>\r\n			<td style=\"background-color:#bbbbbb; height:24px\"><span style=\"color:#000000\">Ketua Jurusan Pendidikan agama Islam</span></td>\r\n			<td style=\"background-color:#bbbbbb\"><span style=\"color:#000000\">:</span></td>\r\n			<td style=\"background-color:#bbbbbb\"><span style=\"color:#000000\">Dr. H. Zaenal Arifin R, S.Ag., M.Pd.I.</span></td>\r\n		</tr>\r\n		<tr>\r\n			<td style=\"background-color:#bbbbbb; height:24px\"><span style=\"color:#000000\">Koordinator Prodi Magister Pendidikan Agama Islam</span></td>\r\n			<td style=\"background-color:#bbbbbb\"><span style=\"color:#000000\">:</span></td>\r\n			<td style=\"background-color:#bbbbbb\"><span style=\"color:#000000\">Dr. H. Sutirna, S.Pd., M.Pd.</span></td>\r\n		</tr>\r\n		<tr>\r\n			<td style=\"background-color:#bbbbbb; height:24px\"><span style=\"color:#000000\">Koordinator<span style=\"font-family:arial,helvetica,sans-serif\"><span style=\"font-size:12px\">&nbsp;Prodi S1 Pendidikan Agama Islam</span></span></span></td>\r\n			<td style=\"background-color:#bbbbbb\"><span style=\"color:#000000\"><span style=\"font-family:arial,helvetica,sans-serif\"><span style=\"font-size:12px\">:</span></span></span></td>\r\n			<td style=\"background-color:#bbbbbb\"><span style=\"color:#000000\"><span style=\"font-family:arial,helvetica,sans-serif\"><span style=\"font-size:12px\">Iwan Hermawan, S.Ag., M.Pd.I.</span></span></span></td>\r\n		</tr>\r\n		<tr>\r\n			<td style=\"background-color:#bbbbbb; height:24px\"><span style=\"color:#000000\">Koordinator<span style=\"font-family:arial,helvetica,sans-serif\"><span style=\"font-size:12px\">&nbsp;Prodi S1 Manajemen Pendidikan Islam</span></span></span></td>\r\n			<td style=\"background-color:#bbbbbb\"><span style=\"color:#000000\"><span style=\"font-family:arial,helvetica,sans-serif\">:</span></span></td>\r\n			<td style=\"background-color:#bbbbbb\"><span style=\"color:#000000\"><span style=\"font-family:arial,helvetica,sans-serif\">Dr. H. Masykur H Mansur, MM</span></span></td>\r\n		</tr>\r\n		<tr>\r\n			<td style=\"background-color:#bbbbbb; height:24px\"><span style=\"color:#000000\">Koordinator<span style=\"font-family:arial,helvetica,sans-serif\"><span style=\"font-size:12px\">&nbsp;Prodi S1 Pendidikan Guru Raudhatul Athfal</span></span></span></td>\r\n			<td style=\"background-color:#bbbbbb\"><span style=\"color:#000000\"><span style=\"font-family:arial,helvetica,sans-serif\">:</span></span></td>\r\n			<td style=\"background-color:#bbbbbb\"><span style=\"color:#000000\"><span style=\"font-family:arial,helvetica,sans-serif\">Ine Nirmala, S.Pd., M.Pd.</span></span></td>\r\n		</tr>\r\n		<tr>\r\n			<td style=\"background-color:#bbbbbb; height:24px\"><span style=\"color:#000000\">Kabag. TU</span></td>\r\n			<td style=\"background-color:#bbbbbb\"><span style=\"color:#000000\">:</span></td>\r\n			<td style=\"background-color:#bbbbbb\"><span style=\"color:#000000\">Edi Priadi, S.Ip.</span></td>\r\n		</tr>\r\n		<tr>\r\n			<td style=\"background-color:#bbbbbb; height:24px\"><span style=\"color:#000000\">Ka. Subag. Akademik dan Kemahasiswaan</span></td>\r\n			<td style=\"background-color:#bbbbbb\"><span style=\"color:#000000\">:</span></td>\r\n			<td style=\"background-color:#bbbbbb\"><span style=\"color:#000000\">Rahmat Kustiawan, SE.</span></td>\r\n		</tr>\r\n		<tr>\r\n			<td colspan=\"3\" style=\"height:24px\">&nbsp;</td>\r\n		</tr>\r\n		<tr>\r\n			<td colspan=\"3\" style=\"background-color:#3333ff; height:24px; text-align:center\"><strong><span style=\"color:#000000\"><span style=\"font-family:arial,helvetica,sans-serif\"><span style=\"font-size:12px\">Fakultas Teknik</span></span></span></strong></td>\r\n		</tr>\r\n		<tr>\r\n			<td style=\"background-color:#bbbbbb; height:24px\"><span style=\"color:#000000\"><span style=\"font-family:arial,helvetica,sans-serif\"><span style=\"font-size:12px\">Dekan</span></span></span></td>\r\n			<td style=\"background-color:#bbbbbb\"><span style=\"color:#000000\"><span style=\"font-family:arial,helvetica,sans-serif\"><span style=\"font-size:12px\">:</span></span></span></td>\r\n			<td style=\"background-color:#bbbbbb\"><span style=\"color:#000000\"><span style=\"font-family:arial,helvetica,sans-serif\"><span style=\"font-size:12px\">Sukanta, ST., MT.</span></span></span></td>\r\n		</tr>\r\n		<tr>\r\n			<td style=\"background-color:#bbbbbb; height:24px\"><span style=\"color:#000000\"><span style=\"font-family:arial,helvetica,sans-serif\"><span style=\"font-size:12px\">Wakil Dekan</span></span></span></td>\r\n			<td style=\"background-color:#bbbbbb\"><span style=\"color:#000000\"><span style=\"font-family:arial,helvetica,sans-serif\"><span style=\"font-size:12px\">:</span></span></span></td>\r\n			<td style=\"background-color:#bbbbbb\"><span style=\"color:#000000\"><span style=\"font-family:arial,helvetica,sans-serif\">Ir. Ahmad Surahman, MM.</span></span></td>\r\n		</tr>\r\n		<tr>\r\n			<td style=\"background-color:#bbbbbb; height:24px\"><span style=\"color:#000000\">Koordinator<span style=\"font-family:arial,helvetica,sans-serif\"><span style=\"font-size:12px\">&nbsp;Prodi S1 Teknik Industri</span></span></span></td>\r\n			<td style=\"background-color:#bbbbbb\"><span style=\"color:#000000\"><span style=\"font-family:arial,helvetica,sans-serif\"><span style=\"font-size:12px\">:</span></span></span></td>\r\n			<td style=\"background-color:#bbbbbb\"><span style=\"color:#000000\"><span style=\"font-family:arial,helvetica,sans-serif\">Dene Herwanto, ST., MT.</span></span></td>\r\n		</tr>\r\n		<tr>\r\n			<td style=\"background-color:#bbbbbb; height:24px\"><span style=\"color:#000000\">Koordinator<span style=\"font-family:arial,helvetica,sans-serif\"><span style=\"font-size:12px\">&nbsp;Prodi S1 Teknik Mesin</span></span></span></td>\r\n			<td style=\"background-color:#bbbbbb\"><span style=\"color:#000000\"><span style=\"font-family:arial,helvetica,sans-serif\"><span style=\"font-size:12px\">:</span></span></span></td>\r\n			<td style=\"background-color:#bbbbbb\"><span style=\"color:#000000\"><span style=\"font-family:arial,helvetica,sans-serif\"><span style=\"font-size:12px\">Marno, ST., MT.</span></span></span></td>\r\n		</tr>\r\n		<tr>\r\n			<td style=\"background-color:#bbbbbb; height:24px\"><span style=\"color:#000000\">Koordinator<span style=\"font-family:arial,helvetica,sans-serif\"><span style=\"font-size:12px\">&nbsp;Prodi D3 Teknik Mesin</span></span></span></td>\r\n			<td style=\"background-color:#bbbbbb\"><span style=\"color:#000000\"><span style=\"font-family:arial,helvetica,sans-serif\"><span style=\"font-size:12px\">:</span></span></span></td>\r\n			<td style=\"background-color:#bbbbbb\"><span style=\"color:#000000\"><span style=\"font-family:arial,helvetica,sans-serif\"><span style=\"font-size:12px\">Arifin, ST.</span></span></span></td>\r\n		</tr>\r\n		<tr>\r\n			<td style=\"background-color:#bbbbbb; height:24px\"><span style=\"color:#000000\">Koordinator<span style=\"font-family:arial,helvetica,sans-serif\">&nbsp;Prodi S1 Teknik Elektro</span></span></td>\r\n			<td style=\"background-color:#bbbbbb\"><span style=\"color:#000000\"><span style=\"font-family:arial,helvetica,sans-serif\">:</span></span></td>\r\n			<td style=\"background-color:#bbbbbb\"><span style=\"color:#000000\"><span style=\"font-family:arial,helvetica,sans-serif\">Arnisa Stefanie, ST., MT.</span></span></td>\r\n		</tr>\r\n		<tr>\r\n			<td style=\"background-color:#bbbbbb; height:24px\"><span style=\"color:#000000\">Kabag. TU</span></td>\r\n			<td style=\"background-color:#bbbbbb\"><span style=\"color:#000000\">:</span></td>\r\n			<td style=\"background-color:#bbbbbb\"><span style=\"color:#000000\">Yan yan Ardiana, ST.</span></td>\r\n		</tr>\r\n		<tr>\r\n			<td style=\"background-color:#bbbbbb; height:24px\"><span style=\"color:#000000\">Ka. Subag. Akademik dan Kemahasiswaan</span></td>\r\n			<td style=\"background-color:#bbbbbb\"><span style=\"color:#000000\">:</span></td>\r\n			<td style=\"background-color:#bbbbbb\"><span style=\"color:#000000\">Jarkasih, SE.</span></td>\r\n		</tr>\r\n		<tr>\r\n			<td colspan=\"3\" style=\"height:24px\">&nbsp;</td>\r\n		</tr>\r\n		<tr>\r\n			<td colspan=\"3\" style=\"height:24px; text-align:center\"><strong><span style=\"color:#000000\"><span style=\"font-family:arial,helvetica,sans-serif\"><span style=\"font-size:12px\">Fakultas Ilmu Kesehatan</span></span></span></strong></td>\r\n		</tr>\r\n		<tr>\r\n			<td style=\"background-color:#bbbbbb; height:24px\"><span style=\"color:#000000\">Dekan</span></td>\r\n			<td style=\"background-color:#bbbbbb\"><span style=\"color:#000000\">:</span></td>\r\n			<td style=\"background-color:#bbbbbb\"><span style=\"color:#000000\">Sri Rahayu, S.Si.T., MARS.</span></td>\r\n		</tr>\r\n		<tr>\r\n			<td style=\"background-color:#bbbbbb; height:24px\"><span style=\"color:#000000\">Koordinator<span style=\"font-family:arial,helvetica,sans-serif\"><span style=\"font-size:12px\">&nbsp;Program Studi D3 Kebidanan</span></span></span></td>\r\n			<td style=\"background-color:#bbbbbb\"><span style=\"color:#000000\"><span style=\"font-family:arial,helvetica,sans-serif\"><span style=\"font-size:12px\">:</span></span></span></td>\r\n			<td style=\"background-color:#bbbbbb\"><span style=\"color:#000000\"><span style=\"font-family:arial,helvetica,sans-serif\">Nelly Apriningrum, S.Si.T., M.KM.</span></span></td>\r\n		</tr>\r\n		<tr>\r\n			<td style=\"background-color:#bbbbbb; height:24px\"><span style=\"color:#000000\">Ka. Subag. TU</span></td>\r\n			<td style=\"background-color:#bbbbbb\"><span style=\"color:#000000\">:</span></td>\r\n			<td style=\"background-color:#bbbbbb\"><span style=\"color:#000000\">Asep Rahmat Kurnia, S.Pd.</span></td>\r\n		</tr>\r\n		<tr>\r\n			<td colspan=\"3\" style=\"height:24px\">&nbsp;</td>\r\n		</tr>\r\n		<tr>\r\n			<td colspan=\"3\" style=\"background-color:#888888; height:24px; text-align:center\"><strong><span style=\"color:#000000\"><span style=\"font-family:arial,helvetica,sans-serif\"><span style=\"font-size:12px\">Fakultas Ilmu Komputer</span></span></span></strong></td>\r\n		</tr>\r\n		<tr>\r\n			<td style=\"background-color:#bbbbbb; height:24px\"><span style=\"color:#000000\"><span style=\"font-family:arial,helvetica,sans-serif\"><span style=\"font-size:12px\">Dekan</span></span></span></td>\r\n			<td style=\"background-color:#bbbbbb\"><span style=\"color:#000000\"><span style=\"font-family:arial,helvetica,sans-serif\"><span style=\"font-size:12px\">:</span></span></span></td>\r\n			<td style=\"background-color:#bbbbbb\"><span style=\"color:#000000\"><span style=\"font-family:arial,helvetica,sans-serif\">Oman Komarudin, S.Si., M.Kom.</span></span></td>\r\n		</tr>\r\n		<tr>\r\n			<td style=\"background-color:#bbbbbb; height:24px\"><span style=\"color:#000000\"><span style=\"font-family:arial,helvetica,sans-serif\"><span style=\"font-size:12px\">Wakil Dekan</span></span></span></td>\r\n			<td style=\"background-color:#bbbbbb\"><span style=\"color:#000000\"><span style=\"font-family:arial,helvetica,sans-serif\"><span style=\"font-size:12px\">:</span></span></span></td>\r\n			<td style=\"background-color:#bbbbbb\"><span style=\"color:#000000\"><span style=\"font-family:arial,helvetica,sans-serif\">Ade Andri Hendriadi, S.Si., M.Kom.</span></span></td>\r\n		</tr>\r\n		<tr>\r\n			<td style=\"background-color:#bbbbbb; height:24px\"><span style=\"color:#000000\">Koordinator<span style=\"font-family:arial,helvetica,sans-serif\"><span style=\"font-size:12px\">&nbsp;Prodi S1 Teknik Informatika</span></span></span></td>\r\n			<td style=\"background-color:#bbbbbb\"><span style=\"color:#000000\"><span style=\"font-family:arial,helvetica,sans-serif\"><span style=\"font-size:12px\">:</span></span></span></td>\r\n			<td style=\"background-color:#bbbbbb\"><span style=\"color:#000000\"><span style=\"font-family:arial,helvetica,sans-serif\">Aries Suharso, S.Si., M.Kom.</span></span></td>\r\n		</tr>\r\n		<tr>\r\n			<td style=\"background-color:#bbbbbb; height:24px\"><span style=\"color:#000000\">Kabag. TU</span></td>\r\n			<td style=\"background-color:#bbbbbb\">&nbsp;</td>\r\n			<td style=\"background-color:#bbbbbb\"><span style=\"color:#000000\">Adnan Malik Hashemi, SE.</span></td>\r\n		</tr>\r\n		<tr>\r\n			<td style=\"background-color:#bbbbbb; height:24px\"><span style=\"color:#000000\">Ka. Subag. Akademik dan Kemahasiswaan</span></td>\r\n			<td style=\"background-color:#bbbbbb\">&nbsp;</td>\r\n			<td style=\"background-color:#bbbbbb\"><span style=\"color:#000000\">Ade Mulyadi, S.Pd.</span></td>\r\n		</tr>\r\n		<tr>\r\n			<td colspan=\"3\" style=\"height:24px\">&nbsp;</td>\r\n		</tr>\r\n		<tr>\r\n			<td colspan=\"3\" style=\"background-color:#660099; height:24px; text-align:center\"><strong><span style=\"color:#000000\"><span style=\"font-family:arial,helvetica,sans-serif\"><span style=\"font-size:12px\">Fakultas Ilmu Sosial dan Ilmu Politik</span></span></span></strong></td>\r\n		</tr>\r\n		<tr>\r\n			<td style=\"background-color:#bbbbbb; height:24px\"><span style=\"color:#000000\"><span style=\"font-family:arial,helvetica,sans-serif\"><span style=\"font-size:12px\">Dekan</span></span></span></td>\r\n			<td style=\"background-color:#bbbbbb\"><span style=\"color:#000000\"><span style=\"font-family:arial,helvetica,sans-serif\"><span style=\"font-size:12px\">:</span></span></span></td>\r\n			<td style=\"background-color:#bbbbbb\"><span style=\"color:#000000\"><span style=\"font-family:arial,helvetica,sans-serif\"><span style=\"font-size:12px\">H. Dadang Fakhrudin, Drs., MM.</span></span></span></td>\r\n		</tr>\r\n		<tr>\r\n			<td style=\"background-color:#bbbbbb; height:24px\"><span style=\"color:#000000\"><span style=\"font-family:arial,helvetica,sans-serif\"><span style=\"font-size:12px\">Wakil Dekan</span></span></span></td>\r\n			<td style=\"background-color:#bbbbbb\"><span style=\"color:#000000\"><span style=\"font-family:arial,helvetica,sans-serif\"><span style=\"font-size:12px\">:</span></span></span></td>\r\n			<td style=\"background-color:#bbbbbb\"><span style=\"color:#000000\"><span style=\"font-family:arial,helvetica,sans-serif\"><span style=\"font-size:12px\">H. Lukmanul Hakim, S.Ag., M.Si.</span></span></span></td>\r\n		</tr>\r\n		<tr>\r\n			<td style=\"background-color:#bbbbbb; height:24px\"><span style=\"color:#000000\">Koordinator<span style=\"font-family:arial,helvetica,sans-serif\"><span style=\"font-size:12px\">&nbsp;Prodi S1 Ilmu Komunikasi</span></span></span></td>\r\n			<td style=\"background-color:#bbbbbb\"><span style=\"color:#000000\"><span style=\"font-family:arial,helvetica,sans-serif\"><span style=\"font-size:12px\">:</span></span></span></td>\r\n			<td style=\"background-color:#bbbbbb\"><span style=\"color:#000000\"><span style=\"font-family:arial,helvetica,sans-serif\"><span style=\"font-size:12px\">Fajar Hariyanto, S.I.Kom., M.I.Kom.</span></span></span></td>\r\n		</tr>\r\n		<tr>\r\n			<td style=\"background-color:#bbbbbb; height:24px\"><span style=\"color:#000000\">Koordinator<span style=\"font-family:arial,helvetica,sans-serif\"><span style=\"font-size:12px\">&nbsp;Prodi S1 Ilmu Pemerintahan</span></span></span></td>\r\n			<td style=\"background-color:#bbbbbb\"><span style=\"color:#000000\"><span style=\"font-family:arial,helvetica,sans-serif\"><span style=\"font-size:12px\">:</span></span></span></td>\r\n			<td style=\"background-color:#bbbbbb\"><span style=\"color:#000000\"><span style=\"font-family:arial,helvetica,sans-serif\"><span style=\"font-size:12px\">Indra Aditya, S.IP., M.I.Pol.</span></span></span></td>\r\n		</tr>\r\n		<tr>\r\n			<td style=\"background-color:#bbbbbb; height:24px\"><span style=\"color:#000000\">Kabag. TU</span></td>\r\n			<td style=\"background-color:#bbbbbb\"><span style=\"color:#000000\">:</span></td>\r\n			<td style=\"background-color:#bbbbbb\"><span style=\"color:#000000\">Agan, SH.</span></td>\r\n		</tr>\r\n		<tr>\r\n			<td style=\"background-color:#bbbbbb; height:24px\"><span style=\"color:#000000\">Ka. Subag. Akademik dan Kemahasiswaan</span></td>\r\n			<td style=\"background-color:#bbbbbb\"><span style=\"color:#000000\">:</span></td>\r\n			<td style=\"background-color:#bbbbbb\"><span style=\"color:#000000\">Tiar Novitasari, SE.</span></td>\r\n		</tr>\r\n	</tbody>\r\n</table>\r\n', '2017-10-18', '', 'admin', 17, '08:15:14', ''),
(11, 'Pimpinan Lembaga dan Unit Pelaksana Teknis', 'pimpinan-lembaga-dan-unit-pelaksana-teknis', '<table align=\"center\" border=\"\" cellpadding=\"1\" cellspacing=\"1\" style=\"width:100%\">\r\n	<tbody>\r\n		<tr>\r\n			<td colspan=\"3\" style=\"background-color:#ff0066; text-align:center\"><strong><span style=\"color:#000000\">Struktur LPPM</span></strong></td>\r\n		</tr>\r\n		<tr>\r\n			<td style=\"background-color:#bbbbbb\"><span style=\"color:#000000\">Ketua</span></td>\r\n			<td style=\"background-color:#bbbbbb\"><span style=\"color:#000000\">:</span></td>\r\n			<td style=\"background-color:#bbbbbb\"><span style=\"color:#000000\">Nelly Martini, SE.,MM</span></td>\r\n		</tr>\r\n		<tr>\r\n			<td style=\"background-color:#bbbbbb\"><span style=\"color:#000000\">Sekretaris</span></td>\r\n			<td style=\"background-color:#bbbbbb\"><span style=\"color:#000000\">:</span></td>\r\n			<td style=\"background-color:#bbbbbb\">&nbsp;</td>\r\n		</tr>\r\n		<tr>\r\n			<td style=\"background-color:#bbbbbb\"><span style=\"color:#000000\">Koordinator Pusat Penelitian</span></td>\r\n			<td style=\"background-color:#bbbbbb\"><span style=\"color:#000000\">:</span></td>\r\n			<td style=\"background-color:#bbbbbb\"><span style=\"color:#000000\">Mohamad Jajuli, M.Si</span></td>\r\n		</tr>\r\n		<tr>\r\n			<td style=\"background-color:#bbbbbb\"><span style=\"color:#000000\">Koordinator Pusat Pengabdian Masyarakat</span></td>\r\n			<td style=\"background-color:#bbbbbb\"><span style=\"color:#000000\">:</span></td>\r\n			<td style=\"background-color:#bbbbbb\"><span style=\"color:#000000\">Dr. Sutarjo, M.M.Pd</span></td>\r\n		</tr>\r\n		<tr>\r\n			<td style=\"background-color:#bbbbbb\"><span style=\"color:#000000\">Ka. Subag. TU</span></td>\r\n			<td style=\"background-color:#bbbbbb\"><span style=\"color:#000000\">:</span></td>\r\n			<td style=\"background-color:#bbbbbb\"><span style=\"color:#000000\">Maryani, S.Pd.</span></td>\r\n		</tr>\r\n	</tbody>\r\n</table>\r\n\r\n<p style=\"text-align:justify\"><u><strong><span style=\"color:#000000\">1. Lembaga Penelitian dan Pengabdian pada Masyarakat (LPPM) </span></strong></u></p>\r\n\r\n<p style=\"text-align:justify\"><span style=\"color:#000000\">adalah unsur pelaksana akademik Universitas dalam bidang Penelitian dan Pengabdian pada Masyarakat. LPPM dipimpin oleh Ketua LPPM yang diangkat dan diberhentikan oleh Rektor. Untuk menjalankan tugas dan fungsinya, LPPM&nbsp; terdiri dari dari Ketua, Sekretaris, Sub Bgaian Tata Usaha, Pusat dan kelompok Jabatan Fungsional.</span></p>\r\n\r\n<p style=\"text-align:justify\"><span style=\"color:#000000\">Jenis penelitian mencakup penelitian interdisipliner, transdisipliner dan multidisipliner keilmuan. Hasil penelitian yang merupakan hak atas kekayaan intelektual didaftar, didokumentasikan dan dipublikasikan.<br />\r\n<br />\r\nPengabdian pada masyarakat diselenggarakan untuk mengamalkan ilmu, teknologi dan seni bagi kepentingan masyarakat.Pengabdian pada masyarakat bersifat interdisipliner, transdisipliner dan multidisipliner. Pengabdian pada masyarakat harus terprogram secara efisien, sehingga memberikan kontribusi terhadap pengembangan wilayah dan pemberdayaan masyarakat melalui kerjasama Universitas dengan pihak lain. Hasil pengabdian pada masyarakat didokumentasikan dan dipublikasikan.</span></p>\r\n\r\n<p style=\"text-align:justify\"><br />\r\n<span style=\"color:#000000\">LPPM mempunyai tugas melaksanakan koordinasi, pelaksanaan, pemantauan, dan evaluasi kegiatan penelitian dan pengabdian kepada masyarakat. Dalam melaksanakan tugas tersebut LPPM menyelenggarakan fungsi sebagai berikut :</span></p>\r\n\r\n<ol start=\"1\" style=\"list-style-type:lower-alpha\">\r\n	<li><span style=\"color:#000000\">Penyusunan rencana, program dan anggaran Lembaga;</span></li>\r\n	<li style=\"text-align:justify\"><span style=\"color:#000000\">Pelaksanaan penelitian ilmiah murni dan terapan;</span></li>\r\n	<li style=\"text-align:justify\"><span style=\"color:#000000\">Pelaksanaan pengabdian kepada masyarakat;</span></li>\r\n	<li style=\"text-align:justify\"><span style=\"color:#000000\">Koordinasi pelaksanaan kegiatan penelitian dan pengabdian kepada masyarakat;</span></li>\r\n	<li style=\"text-align:justify\"><span style=\"color:#000000\">Pelaksanaan publikasi hasil penelitian dan pengabdian kepada masyarakat;</span></li>\r\n	<li style=\"text-align:justify\"><span style=\"color:#000000\">Pelaksanaan kerjasama di bidang penelitian dan pengabdian kepada masyarakat dengan perguruan tinggi dan / atau institusi lain baik di dalam negeri maupun di luar negeri;</span></li>\r\n	<li style=\"text-align:justify\"><span style=\"color:#000000\">Pemantauan dan evaluasi pelaksanaan kegiatan penelitian dan pengabdian kepada masyarakat; dan</span></li>\r\n	<li style=\"text-align:justify\"><span style=\"color:#000000\">Pelaksanaan urusan administrasi Lembaga.</span></li>\r\n</ol>\r\n\r\n<table border=\"\" cellpadding=\"1\" cellspacing=\"1\" style=\"width:100%\">\r\n	<tbody>\r\n		<tr>\r\n			<td colspan=\"3\" style=\"background-color:#ff0066; text-align:center\"><strong><span style=\"color:#000000\">Struktur LP3M (Lembaga Pengembangan Pendidikan dan Penjaminan Mutu)</span></strong></td>\r\n		</tr>\r\n		<tr>\r\n			<td style=\"background-color:#bbbbbb\"><span style=\"color:#000000\">Ketua</span></td>\r\n			<td style=\"background-color:#bbbbbb\"><span style=\"color:#000000\">:</span></td>\r\n			<td style=\"background-color:#bbbbbb\"><span style=\"color:#000000\">Eva Theresna Ruchjana, SE.,M.Si.</span></td>\r\n		</tr>\r\n		<tr>\r\n			<td style=\"background-color:#bbbbbb\"><span style=\"color:#000000\">Sekretaris&nbsp;</span></td>\r\n			<td style=\"background-color:#bbbbbb\"><span style=\"color:#000000\">:</span></td>\r\n			<td style=\"background-color:#bbbbbb\"><span style=\"color:#000000\">Oyoh Bariyah., S.Ag., M.Ag.</span></td>\r\n		</tr>\r\n		<tr>\r\n			<td style=\"background-color:#bbbbbb\"><span style=\"color:#000000\">Koordinator Pusat Pengembangan Pembelajaran</span></td>\r\n			<td style=\"background-color:#bbbbbb\"><span style=\"color:#000000\">:</span></td>\r\n			<td style=\"background-color:#bbbbbb\"><span style=\"color:#000000\">Dori Lukman Hakim, S.Pd., M.Pd.</span></td>\r\n		</tr>\r\n		<tr>\r\n			<td style=\"background-color:#bbbbbb\"><span style=\"color:#000000\">Koordinator Pusat Penjaminan Mutu Akademik</span></td>\r\n			<td style=\"background-color:#bbbbbb\"><span style=\"color:#000000\">:</span></td>\r\n			<td style=\"background-color:#bbbbbb\"><span style=\"color:#000000\">Sofi Deviyanti, S.Kom., M.Kom.</span></td>\r\n		</tr>\r\n		<tr>\r\n			<td style=\"background-color:#bbbbbb\"><span style=\"color:#000000\">Ka. Subag. TU</span></td>\r\n			<td style=\"background-color:#bbbbbb\">&nbsp;</td>\r\n			<td style=\"background-color:#bbbbbb\"><span style=\"color:#000000\">Ummi Kalsum, SH.</span></td>\r\n		</tr>\r\n	</tbody>\r\n</table>\r\n\r\n<p style=\"text-align:justify\"><strong><span style=\"color:#000000\">2. Lembaga Pengembangan Pendidikan dan Penjaminan Mutu&nbsp;(LP3M) </span></strong></p>\r\n\r\n<p style=\"text-align:justify\"><span style=\"color:#000000\">adalah salah satu organisasi universitas dipimpin oleh seorang Ketua yang diangkat dan diberhentikan oleh Rektor. Untuk menjalankan tugas dan fungsinya, organisasi LP3M &nbsp;terdiri dari Ketua LP3M, Ketua, Sekretaris, Sub Bgaian Tata Usaha, Pusat dan kelompok Jabatan Fungsional.</span></p>\r\n\r\n<p style=\"text-align:justify\"><span style=\"color:#000000\">LP3M mempunyai tugas melaksanakan koordinasi, pelaksanaan, pemantauan, dan evaluasi kegiatan pengembangan pembelajaran dan penjaminan mutu akademik.Dalam melaksanakan tugas tersebut LP3M menyelenggarakan fungsi sebagai berikut :</span></p>\r\n\r\n<ol start=\"1\" style=\"list-style-type:lower-alpha\">\r\n	<li style=\"text-align:justify\"><span style=\"color:#000000\">Penyusunan rencana program dan anggaran lembaga;</span></li>\r\n	<li style=\"text-align:justify\"><span style=\"color:#000000\">Pelaksanaan peningkatan dan pengembangan pembelajaran serta mutu akademik;</span></li>\r\n	<li style=\"text-align:justify\"><span style=\"color:#000000\">Pelaksanaan pengembangan sistem penjaminan mutu akademik;</span></li>\r\n	<li style=\"text-align:justify\"><span style=\"color:#000000\">Koordinasi pelaksanaan kegiatan peningkatan dan pengembangan pelajaran serta penjaminan mutu akademik;</span></li>\r\n	<li style=\"text-align:justify\"><span style=\"color:#000000\">Pemantauan dan evaluasi peningkatan dan pengembangan pembelajaran serta penjaminan mutu akademik; dan</span></li>\r\n	<li style=\"text-align:justify\"><span style=\"color:#000000\">Pelaksanaan urusan administrasi lembaga.</span></li>\r\n</ol>\r\n\r\n<p style=\"text-align:justify\"><span style=\"color:#000000\">3. Unit Pelaksana Teknis merupakan unsur penunjang akademik/sumber belajar unsika. UPT di Unsika terdiri atas :</span></p>\r\n\r\n<p style=\"text-align:justify\"><strong><span style=\"color:#000000\">a. UPT. Perpustakaan</span></strong></p>\r\n\r\n<p style=\"text-align:justify\"><span style=\"color:#000000\">Bertugas melaksanakan pengelolaan perpustakaan</span></p>\r\n\r\n<table border=\"\" cellpadding=\"1\" cellspacing=\"1\" style=\"width:100%\">\r\n	<tbody>\r\n		<tr>\r\n			<td colspan=\"3\" style=\"background-color:#ff0066; text-align:center\"><strong><span style=\"color:#000000\">Struktur UPT Perpustakaan</span></strong></td>\r\n		</tr>\r\n		<tr>\r\n			<td style=\"background-color:#bbbbbb\"><span style=\"color:#000000\">Kepala</span></td>\r\n			<td style=\"background-color:#bbbbbb\"><span style=\"color:#000000\">:</span></td>\r\n			<td style=\"background-color:#bbbbbb\"><span style=\"color:#000000\">Kosasih, SE., M.Si.</span></td>\r\n		</tr>\r\n	</tbody>\r\n</table>\r\n\r\n<p style=\"text-align:justify\"><strong><span style=\"color:#000000\">b. UPT. Teknologi Informasi dan Komunikasi</span></strong></p>\r\n\r\n<p style=\"text-align:justify\"><span style=\"color:#000000\">Bertugas melaksanakan pengembangan, pengelolaan, dan pemberian layanan teknologi informasi dan komunikasi serta pengelolaan sistem informasi dan jaringan.</span></p>\r\n\r\n<table border=\"\" cellpadding=\"1\" cellspacing=\"1\" style=\"width:100%\">\r\n	<tbody>\r\n		<tr>\r\n			<td colspan=\"3\" style=\"background-color:#ff0066; text-align:center\"><strong><span style=\"color:#000000\">Struktur UPT Teknologi Informasi dan Komunikasi</span></strong></td>\r\n		</tr>\r\n		<tr>\r\n			<td style=\"background-color:#bbbbbb\"><span style=\"color:#000000\">Kepala</span></td>\r\n			<td style=\"background-color:#bbbbbb\"><span style=\"color:#000000\">:</span></td>\r\n			<td style=\"background-color:#bbbbbb\"><span style=\"color:#000000\">Oman Komarudin, S.Si., M.Kom. (Plt)</span></td>\r\n		</tr>\r\n	</tbody>\r\n</table>\r\n\r\n<p style=\"text-align:justify\"><strong><span style=\"color:#000000\">c. UPT. Bahasa</span></strong></p>\r\n\r\n<p style=\"text-align:justify\"><span style=\"color:#000000\">Bertugas melaksanakan pengembangan pembelajaran, peningkatan kemampuan, dan uji kemampuan bahasa bagi dosen, mahasiswa dan tenaga kependidikan.</span></p>\r\n\r\n<table border=\"\" cellpadding=\"1\" cellspacing=\"1\" style=\"width:100%\">\r\n	<tbody>\r\n		<tr>\r\n			<td colspan=\"3\" style=\"background-color:#ff0066; text-align:center\"><strong><span style=\"color:#000000\">Struktur UPT Bahasa</span></strong></td>\r\n		</tr>\r\n		<tr>\r\n			<td style=\"background-color:#bbbbbb\"><span style=\"color:#000000\">Kepala</span></td>\r\n			<td style=\"background-color:#bbbbbb\"><span style=\"color:#000000\">:</span></td>\r\n			<td style=\"background-color:#bbbbbb\"><span style=\"color:#000000\">Made Panji Teguh Santoso, S.Ip., MM.</span></td>\r\n		</tr>\r\n	</tbody>\r\n</table>\r\n\r\n<p style=\"text-align:justify\"><strong><span style=\"color:#000000\">d. UPT. Laboratorium Dasar</span></strong></p>\r\n\r\n<p style=\"text-align:justify\"><span style=\"color:#000000\">Bertugas melaksanakan layanan laboratorium untuk program pendidikan, penelitian, dan pengabdian kepada masyarakat.</span></p>\r\n\r\n<table border=\"\" cellpadding=\"1\" cellspacing=\"1\" style=\"width:100%\">\r\n	<tbody>\r\n		<tr>\r\n			<td colspan=\"3\" style=\"background-color:#ff0066; text-align:center\"><strong><span style=\"color:#000000\">Struktur UPT Laboratorium Dasar</span></strong></td>\r\n		</tr>\r\n		<tr>\r\n			<td style=\"background-color:#bbbbbb\"><span style=\"color:#000000\">Kepala</span></td>\r\n			<td style=\"background-color:#bbbbbb\"><span style=\"color:#000000\">:</span></td>\r\n			<td style=\"background-color:#bbbbbb\"><span style=\"color:#000000\">Dr. Mohammad Syafii, SP., MP.</span></td>\r\n		</tr>\r\n	</tbody>\r\n</table>\r\n', '2017-10-18', '', 'admin', 2, '08:34:04', 'Rabu');
INSERT INTO `halamanstatis` (`id_halaman`, `judul`, `judul_seo`, `isi_halaman`, `tgl_posting`, `gambar`, `username`, `dibaca`, `jam`, `hari`) VALUES
(12, 'Pelaksana Administrasi Universitas', 'pelaksana-administrasi-universitas', '<p style=\"text-align:justify\">Dalam&nbsp; melaksanakan kegiatan administrasi dan pelayanan teknis pada tingkat Universitas dibentuk unsur pelaksana administrasi berbentuk Biro yang meliputi :<br />\r\na. &nbsp; Biro akademik, Kemahasiswaan, Perencanaan, Kerjasama, dan Hubungan Masyarakat; dan&nbsp;</p>\r\n\r\n<p style=\"text-align:justify\">b. &nbsp; Biro Umum dan Keuangan<br />\r\n&nbsp;</p>\r\n\r\n<p style=\"text-align:justify\">Biro dipimpin oleh Kepala Biro yang bertanggung jawab langsung kepada Rektor. Kepala Biro diangkat dan diberhentikan oleh Rektor. Biro menyelenggarakan tugas&nbsp; untuk kepentingan pelayanan sesuai dengan tugas pokok dan fungsi masing-masing.</p>\r\n\r\n<p style=\"text-align:justify\">Biro terdiri atas bagian - bagian yang masing-masing dipimpin oleh Kepala Bagian yang diangkat dan diberhentikan oleh Rektor. Bagian terdiri dari sub bagian-sub bagian yang formasinya disesuaikan dengan OTK dan diangkat oleh Rektor.</p>\r\n\r\n<table border=\"0\" cellpadding=\"2\" cellspacing=\"2\" style=\"width:100%\">\r\n	<tbody>\r\n		<tr>\r\n			<td style=\"background-color:#ff0066; height:20px; text-align:center; width:264px\"><strong>Jabatan</strong></td>\r\n			<td style=\"background-color:#ff0066; text-align:center; width:11px\">&nbsp;</td>\r\n			<td style=\"background-color:#ff0066; text-align:center; width:184px\"><strong>Nama</strong></td>\r\n		</tr>\r\n		<tr>\r\n			<td style=\"background-color:#bbbbbb; height:20px; width:264px\">Kepala Biro Akademik, Kemahasiswaan, Perencanaan, Kerjasama, dan Hubungan Masyarakat</td>\r\n			<td style=\"background-color:#bbbbbb; width:11px\">:</td>\r\n			<td style=\"background-color:#bbbbbb; width:184px\">&nbsp;</td>\r\n		</tr>\r\n		<tr>\r\n			<td style=\"background-color:#bbbbbb; height:20px; width:264px\">Kepala Bagian Akademik dan Kemahasiswaan</td>\r\n			<td style=\"background-color:#bbbbbb; width:11px\">:</td>\r\n			<td style=\"background-color:#bbbbbb; width:184px\">H. Cecep Hermana, SE., MM. (Plt.)</td>\r\n		</tr>\r\n		<tr>\r\n			<td style=\"background-color:#bbbbbb; height:20px; width:264px\">Ka. Sub. Bag. Pendidikan dan Evaluasi</td>\r\n			<td style=\"background-color:#bbbbbb; width:11px\">:</td>\r\n			<td style=\"background-color:#bbbbbb; width:184px\">Isak Utama, S.Kom.</td>\r\n		</tr>\r\n		<tr>\r\n			<td style=\"background-color:#bbbbbb; height:20px; width:264px\">Ka. Sub. Bag. Registrasi dan Kemahasiswaan</td>\r\n			<td style=\"background-color:#bbbbbb; width:11px\">:</td>\r\n			<td style=\"background-color:#bbbbbb; width:184px\">Taufik Paribo Pane, ST.</td>\r\n		</tr>\r\n		<tr>\r\n			<td style=\"background-color:#bbbbbb; height:20px; width:264px\">Kepala Bagian Perencanaan, Kerjasama dan Hubungan Masyarakat</td>\r\n			<td style=\"background-color:#bbbbbb; width:11px\">:</td>\r\n			<td style=\"background-color:#bbbbbb; width:184px\">Bunbun Hasbullah, S.Pd.</td>\r\n		</tr>\r\n		<tr>\r\n			<td style=\"background-color:#bbbbbb; height:20px; width:264px\">Ka. Sub. Bag. Perencanaan</td>\r\n			<td style=\"background-color:#bbbbbb; width:11px\">:</td>\r\n			<td style=\"background-color:#bbbbbb; width:184px\">Nuzul Barrok, S.Ds.</td>\r\n		</tr>\r\n		<tr>\r\n			<td style=\"background-color:#bbbbbb; height:20px; width:264px\">Ka. Sub. Bag. Kerjasama dan Hubungan Masyarakat</td>\r\n			<td style=\"background-color:#bbbbbb; width:11px\">:</td>\r\n			<td style=\"background-color:#bbbbbb; width:184px\">M. Riva Arifin, SP.</td>\r\n		</tr>\r\n		<tr>\r\n			<td style=\"background-color:#bbbbbb; height:20px\">Kepala Biro Umum dan Keuangan</td>\r\n			<td style=\"background-color:#bbbbbb\">:</td>\r\n			<td style=\"background-color:#bbbbbb\">&nbsp;</td>\r\n		</tr>\r\n		<tr>\r\n			<td style=\"background-color:#bbbbbb; height:20px\">Kepala Bagian Umum</td>\r\n			<td style=\"background-color:#bbbbbb\">:</td>\r\n			<td style=\"background-color:#bbbbbb\">Drs. H. Toto Suharto</td>\r\n		</tr>\r\n		<tr>\r\n			<td style=\"background-color:#bbbbbb; height:20px\">Kepala Bagian Keuangan</td>\r\n			<td style=\"background-color:#bbbbbb\">:</td>\r\n			<td style=\"background-color:#bbbbbb\">Dedi, S.Pd., M.Pd.</td>\r\n		</tr>\r\n		<tr>\r\n			<td style=\"background-color:#bbbbbb; height:20px\">Ka.Sub. Bag. Anggaran</td>\r\n			<td style=\"background-color:#bbbbbb\">:</td>\r\n			<td style=\"background-color:#bbbbbb\">Kasto, SE., MM.</td>\r\n		</tr>\r\n	</tbody>\r\n</table>\r\n', '2017-10-18', '', 'admin', 2, '08:40:29', 'Rabu'),
(13, 'Fakultas Agama Islam', 'fakultas-agama-islam', '<p style=\"text-align: center;\"><img alt=\"\" src=\"/portal/asset/kcfinder/upload/files/FAI.jpg\" style=\"width: 250px; height: 108px;\" /></p>\r\n\r\n<p style=\"text-align: justify;\">Fakultas Agama Islam semula bernama Fakultas Tarbiyah, berdasarkan Surat ijin operasional dari Koordinator Kopertais Wilayah II Jawa Barat, No. 13 tahun 1987, tanggal 21 Desember 1987. Berdasarkan Keputusan Menteri Agama Republik Indonesia no. 93 tahun 1996, tanggal 1 Maret 1996, Fakultas Tarbiyah diganti menjadi Fakultas Agama Islam dengan Program Studi Pendidikan Agama Islam. Dalam perkembangannya, Fakultas Agama Islam Universitas Singaperbangsa Karawang tidak terlepas dari peranan para pengelola yang telah mengabdi bagi kemajuan Fakultas Agama Islam Universitas Singaperbangsa Karawang khususnya dan dunia pendidikan tinggi pada umumnya, sehingga Fakultas Agama Islam pada tahun 2001 memiliki empat program studi :</p>\r\n\r\n<ol>\r\n	<li style=\"text-align: justify;\">Program Studi Pendidikan Agama Islam (PAI) S.1,</li>\r\n	<li style=\"text-align: justify;\">Program Studi Pendidikan Guru Taman Kanak-kanak Islam (PGTKI) D.2,</li>\r\n	<li style=\"text-align: justify;\">Program StudI Pendidikan Guru Sekolah Dasar Islam/ Madrasah Ibtidaiyah (PGSDI/ MI) D.2,</li>\r\n	<li style=\"text-align: justify;\">Program Studi Tadris Bahasa Inggris (Tadris) D.2.</li>\r\n</ol>\r\n\r\n<p style=\"text-align: justify;\">&nbsp;</p>\r\n\r\n<p style=\"text-align: justify;\">Berdasarkan Undang-undang guru dan dosen bahwa guru minimal harus berpendidikan strata satu (S.1), maka program studi PGTKI, PGSDI/MI dan Tadris bahasa inggris, pada tahun 2005 tidak menerima mahasiswa baru, dan yang masih berjalan sampai saat ini adalah Program Studi Pendidikan Agama Islam (PAI).</p>\r\n\r\n<p style=\"text-align: justify;\">Pada tanggal 23 Juni 2000 Program Studi Pendidikan Agama Islam memperoleh status Akreditasi dari Badan Akreditasi Nasional Perguruan Tinggi (BAN-PT) dengan nilai C berdasarkan Surat Keputusan Nomor 013/BAN-PT/Ak-IV/VI/2000.</p>\r\n\r\n<p style=\"text-align: justify;\">Pada tanggal 03 Oktober 2003 Program Studi Pendidikan Agama Islam memperoleh status Akreditasi dari Badan Akreditasi Nasional Perguruan Tinggi (BAN-PT) dengan nilai C berdasarkan Surat Keputusan Nomor 034/BAN-PT/Ak-VII/S1/X/2003.</p>\r\n\r\n<p style=\"text-align: justify;\">Pada tanggal 08 Desember 2006 Program Studi Pendidikan Agama Islam memperoleh kembali status Akreditasi dari Badan Akreditasi Nasional Perguruan Tinggi (BAN-PT) dengan nilai A berdasarkan Surat Keputusan Nomor 019/BAN-PT/Ak-VX/S1/XII/2006.</p>\r\n\r\n<p style=\"text-align: justify;\">Kemudian, pada tahun 2011 Program Studi Pendidikan Agama Islam Fakultas Agama Islam Universitas Singaperbangsa Karawang di Visitasi pada tanggal 05-07 Desember 2011.</p>\r\n\r\n<p style=\"text-align: justify;\">Dua orang Visitor yang di datangkan oleh BAN-PT, yaitu Prof. Dr. H. Munzir Hitami dari UIN Riau dan Dr. H. Abdul Majid Khon, M.Ag dari UIN Jakarta, melakukan visitasi dengan sangat objektif dan alhamdulillah pada tanggal 20 Januari 2012 program studi Pendidikan Agama Islam mendapatkan nilai B yang tertuang dalam SK BAN PT No : 050/BAN-PT/AK-XIV/S1/I/2012.</p>\r\n\r\n<p style=\"text-align: justify;\">&nbsp;</p>\r\n\r\n<p style=\"text-align: justify;\"><strong>VISI</strong></p>\r\n\r\n<p style=\"text-align: justify;\">&nbsp;</p>\r\n\r\n<p style=\"text-align: justify;\">Menjadi Program Studi Yang menghasilkan &nbsp;SDM Unggul dan Kompeten untuk memenuhi kebutuhan guru PAI pada tahun 2014.</p>\r\n\r\n<p style=\"text-align: justify;\">&nbsp;</p>\r\n\r\n<p style=\"text-align: justify;\"><strong>MISI</strong></p>\r\n\r\n<p style=\"text-align: justify;\">&nbsp;</p>\r\n\r\n<ol start=\"1\">\r\n	<li style=\"text-align: justify;\">Menyelenggarakan kegiatan pendidikan akademik yang profesional di bidang bidang Pendidikan Agama Islam terutama memenuhi kebutuhan guru PAI secara nasional pada tahun 2014</li>\r\n	<li style=\"text-align: justify;\">Memberdayakan Sumber Daya Manusia yang dimiliki sesuai kompetensinya di bidang Pendidikan Agama Islam</li>\r\n	<li style=\"text-align: justify;\">Mengembangkan keilmuan bidang Pendidikan Agama Islam melalui kegiatan Penelitian dan Pengabdian kepada Masyarakat.</li>\r\n	<li style=\"text-align: justify;\">Menyebarluaskan hasil kajian keilmuan bidang Pendidikan Agama Islam, melalui program pelatihan yang relevan.</li>\r\n</ol>\r\n\r\n<p style=\"text-align: justify;\">&nbsp;</p>\r\n\r\n<p style=\"text-align: justify;\"><strong>TUJUAN</strong></p>\r\n\r\n<p style=\"text-align: justify;\">&nbsp;</p>\r\n\r\n<ol start=\"1\">\r\n	<li style=\"text-align: justify;\">Tersedianya sarana dan prasarana akademik yang memadai serta suasana akademik atmosfir yang mendukung berjalannya proses pendidikan dan pengembangan ilmu pendidikan agama Islam.</li>\r\n	<li style=\"text-align: justify;\">Menghasilkan lulusan yang cakap, terampil mandiri dan tanggap terhadap perkembangan ilmu pengetahuan dan tehnologi dalam bidang Pendidikan Agama Islam.</li>\r\n	<li style=\"text-align: justify;\">Menghasilkan lulusan yang berjiwa penuh pengabdian serta memiliki rasa tanggungjawab terhadap pembangunan agama Islam dalam bidang Pendidikan Agama Islam.</li>\r\n	<li style=\"text-align: justify;\">Menghasilkan produk-produk penelitian dan temuan ilmiah dalam bidang Pendidikan Agama Islam.</li>\r\n	<li style=\"text-align: justify;\">Menyebarkan inovasi yang dihasilkan dalam bidang Pendidikan Agama islam.</li>\r\n</ol>\r\n', '2018-06-29', '', 'admin', 1, '21:25:56', ''),
(14, 'Fakultas Hukum', 'fakultas-hukum', '<p style=\"text-align: center;\"><img alt=\"\" src=\"/portal/asset/kcfinder/upload/files/Fasilkom-250%20-%20Copy.jpg\" style=\"width: 250px; height: 108px;\" /></p>\r\n\r\n<p>&nbsp;</p>\r\n\r\n<p>&nbsp;</p>\r\n\r\n<h1>&nbsp;</h1>\r\n\r\n<h1>Visi, Misi &amp; Tujuan</h1>\r\n\r\n<p>&nbsp;<strong>Visi</strong></p>\r\n\r\n<table cellpadding=\"1\" cellspacing=\"1\" class=\"table table-bordered\" width=\"200\">\r\n	<tbody>\r\n		<tr>\r\n			<td>&ldquo;Menjadi&nbsp; Program Studi Ilmu Hukum Yang Berdaya Saing&nbsp; di Bidang Hukum Bisnis Pada Tingkat Nasional Tahun 2020&rdquo;.</td>\r\n		</tr>\r\n	</tbody>\r\n</table>\r\n\r\n<p>&nbsp;<strong>Misi</strong></p>\r\n\r\n<table cellpadding=\"1\" cellspacing=\"1\" class=\"table table-bordered\" width=\"200\">\r\n	<tbody>\r\n		<tr>\r\n			<td>\r\n			<ol>\r\n				<li>Menyiapkan sumberdaya manusia yang ahli di bidang ilmu hukum dan berakhlak mulia.</li>\r\n				<li>Meningkatkan sumber daya manusia dalam menunjang peningkatan mutu akademik.</li>\r\n				<li>Menciptakan, menerapkan dan mengembangkan suasana akademik yang kondusif.</li>\r\n				<li>Melaksanakan penelitian dan pengabdian kepada masyarakat secara aktif untuk pengembangan ilmu hukum dan kemajuan masyarakat.</li>\r\n				<li>Meningkatkan kerjasama dan kemitraan dengan lembaga-lembaga lain di tingkat daerah dan nasional.</li>\r\n			</ol>\r\n			</td>\r\n		</tr>\r\n	</tbody>\r\n</table>\r\n\r\n<p>&nbsp;<strong>Tujuan</strong></p>\r\n\r\n<table cellpadding=\"1\" cellspacing=\"1\" class=\"table table-bordered\" width=\"200\">\r\n	<tbody>\r\n		<tr>\r\n			<td>\r\n			<ol>\r\n				<li>Menghasilkan lulusan yang mampu menyerap mengaplikasikan dan mengembangkan ilmu hukum serta memiliki keunggulan dan daya saing, sikap kemandirian dan integritas yang tinggi dengan menjunjung moral dan etika.</li>\r\n				<li>Berperan aktif dalam kegiatan pendidikan dan penelitian di bidang ilmu hukum yang berbasis kompetensi kemahiran hukum sesuai dengan perkembangan ilmu pengetahuan dan teknologi serta diamika sosial masyarakat.</li>\r\n				<li>Melaksanakan kegiatan pengabdian pada masyarakat sebagai perwujudan tri darma Perguruan Tinggi.</li>\r\n				<li>Terwujudnya kerjasama dan kemitraan yang lebih intensif dan ekstensif dengan lembaga lain dalam rangka pengembangan kemampuan dan kompetensi program studi ilmu hukum untuk menyelenggarakan proses pendidikan yang berkualitas.</li>\r\n			</ol>\r\n			</td>\r\n		</tr>\r\n	</tbody>\r\n</table>\r\n\r\n<p>&nbsp;</p>\r\n', '2018-06-29', 'Fasilkom-250_-_Copy.jpg', 'admin', 1, '21:24:43', ''),
(15, 'Fakultas Ekonomi', 'fakultas-ekonomi', '<p style=\"text-align: center;\"><img alt=\"\" src=\"/portal/asset/kcfinder/upload/files/feb.jpg\" style=\"width: 250px; height: 108px;\" /></p>\r\n\r\n<p style=\"text-align: justify;\">Perkembangan Fakultas Ekonomi tidak terlepas dari perkembangan Universitas Singaperbangsa Karawang (Unsika). Unsika dahulu dikenal dengan Sekolah Tinggi Pangkal Perjuangan (STHPP) dibina oleh Yayasan Pembina Perguruan Tinggi Pangkal Perjuangan (YPPTPP) yang berdiri pada tanggal 14 Juni 1965 berdasarkan akte notaris R. Ateng Sachri Nomor 1 tanggal 14 Juni 1965 di Purwakarta. Pada awal perjalanannya Unsika terdiri dari 2 fakultas yaitu Fakultas Hukum dan Fakultas Ekonomi yang didirikan pada tanggal 5 September 1965. Seiring dengan perkembangan waktu dan bertambahnya jumlah mahasiswa, maka pada tanggal 2 Pebruari 1982 STHPP berubah nama menjadi Universitas Singaperbangsa Karawang.<br />\r\nFakultas Ekonomi Unsika memiliki program studi Manajemen jenjang S1 dan Akuntansi jenjang D3, serta Akuntansi jenjang S1. Program studi Manajemen-S1 dan Akuntansi-D3 sesuai ijin Dikti nomor 616/DIKTI/1993 tanggal 23 Nopember 1993. Akreditasi BAN-PT sudah diraih selama 2 kali yaitu pada tahun 2003 dan 2008 dengan predikat &quot;B&quot;. Program studi Akuntansi-S1 adalah program studi termuda sesuai ijin Dikti nomor 4678/D/T/2008 tanggal 31 Desember 2008.</p>\r\n\r\n<p style=\"text-align: justify;\"><strong>A.&nbsp;Visi</strong><br />\r\nMenjadi Fakultas Ekonomi yang berdaya saing di tingkat nasional tahun 2020.</p>\r\n\r\n<p style=\"text-align: justify;\"><strong>B.&nbsp;Misi :</strong></p>\r\n\r\n<ol>\r\n	<li style=\"text-align: justify;\">Meningkatkan kemampuan intelektual di bidang manajemen dan akuntansi yang memiliki jiwa kewirausahaan serta menciptakan keseimbangan emosional dan spiritual.&nbsp;</li>\r\n	<li style=\"text-align: justify;\">Menciptakan, menerapkan dan mengembangkan IPTEKS yang berdaya guna dan berhasil guna.&nbsp;</li>\r\n	<li style=\"text-align: justify;\">Melaksanakan pengabdian pada masyarakat secara aktif. 4) Meningkatkan kesejahteraan tenaga akademik, non akademik dan&nbsp; mahasiswa</li>\r\n</ol>\r\n\r\n<p style=\"text-align: justify;\"><strong>C. Tujuan</strong></p>\r\n\r\n<ol>\r\n	<li style=\"text-align: justify;\">Menghasilkan lulusan berkualitas, memiliki keseimbangan emosional dan spiritual, yang dapat mengembangkan dan menerapkan ilmu pengetahuan dibidang manajemen dan akuntansi serta memiliki jiwa kewirausahaan.</li>\r\n	<li style=\"text-align: justify;\">Mewujudkan tenaga akademik berkualitas dan profesional, memiliki keseimbangan emosional dan spiritual, mampu membelajarkan diri, berwawasan luas, memiliki disiplin dan etos kerja, serta memiliki tanggung jawab atas kemajuan bangsa.</li>\r\n	<li style=\"text-align: justify;\">Menghasilkan, menerapkan dan mengembangkan IPTEKS untuk pemberdayaan masyarakat serta dapat menghasilkan perubahan pengetahuan, keterampilan dan sikap dari kelompok masyarakat.</li>\r\n	<li style=\"text-align: justify;\">Berperan serta dalam meningkatkan program kesejahteraan masyarakat.</li>\r\n	<li style=\"text-align: justify;\">Mewujudkan kesejahteraan tenaga akademik, non akademik dan mahasiswa.</li>\r\n</ol>\r\n\r\n<p style=\"text-align: justify;\"><strong>D. Program Studi</strong></p>\r\n\r\n<p style=\"text-align: justify;\"><strong>1. Program Studi Manajemen</strong></p>\r\n\r\n<p style=\"text-align: justify;\"><strong>Visi :</strong><br />\r\nMenjadi program studi&nbsp; S1 Manajemen yang berdaya ditingkat nasional&nbsp; tahun 2020</p>\r\n\r\n<p style=\"text-align: justify;\"><strong>Misi :</strong></p>\r\n\r\n<ol>\r\n	<li style=\"text-align: justify;\">Meningkatkan kemampuan intelektual di bidang manajemen dan akuntansi yang memiliki jiwa kewirausahaan serta menciptakan keseimbangan emosional dan spiritual.</li>\r\n	<li style=\"text-align: justify;\">Menciptakan, menerapkan dan mengembangkan IPTEKS yang berdaya guna dan berhasil guna.</li>\r\n	<li style=\"text-align: justify;\">Melaksanakan pengabdian pada masyarakat secara aktif.</li>\r\n	<li style=\"text-align: justify;\">Meningkatkan kesejahteraan tenaga akademik, non akademik dan mahasiswa</li>\r\n</ol>\r\n\r\n<p style=\"text-align: justify;\">&nbsp;</p>\r\n\r\n<p style=\"text-align: justify;\"><strong>2. Program Studi Akuntansi - D3</strong></p>\r\n\r\n<p style=\"text-align: justify;\"><strong>Visi :</strong><br />\r\nMengembangkan program studi Diploma 3 Akuntansi menjadi lembaga pendidikan yang terdepan dalam bidang akuntansi dan perpajakan ditingkat nasional tahun 2018.</p>\r\n\r\n<p style=\"text-align: justify;\"><strong>Misi :</strong></p>\r\n\r\n<ol start=\"1\">\r\n	<li style=\"text-align: justify;\">Meningkatkan kemampuan intelektual dibidang akuntansi dan perpajakan yang memiliki jiwa kewirausahaan serta menciptakan keseimbangan emosional dan spiritual.</li>\r\n	<li style=\"text-align: justify;\">Menerapkan teknologi informasi akuntansi dan perpajakan yang berdaya guna dan berhasil guna.</li>\r\n	<li style=\"text-align: justify;\">Melaksanakan pengabdian pada masyarakat secara aktif.</li>\r\n	<li style=\"text-align: justify;\">Meningkatkan kesejahteraan tenaga akademik, non akademik dan mahasiswa</li>\r\n</ol>\r\n\r\n<p style=\"text-align: justify;\"><strong>3. Program Studi Akuntansi - S1</strong></p>\r\n\r\n<p style=\"text-align: justify;\"><strong>Visi :</strong><br />\r\nMenjadi&nbsp; Program Studi&nbsp; S1 Akuntansi yang berdaya saing ditingkat Nasional&nbsp; tahun 2018</p>\r\n\r\n<p style=\"text-align: justify;\"><strong>Misi :</strong></p>\r\n\r\n<ol start=\"1\">\r\n	<li style=\"text-align: justify;\">Meningkatkan kemampuan intelektual dibidang akuntansi yang memiliki jiwa kewirausahaan serta menciptakan keseimbangan emosional dan spiritual.</li>\r\n	<li style=\"text-align: justify;\">Menciptakan, menerapkan dan mengembangkan IPTEKS&nbsp; bidang Akuntansi yang berdaya guna dan berhasil guna.</li>\r\n	<li style=\"text-align: justify;\">Melaksanakan pengabdian pada masyarakat secara aktif.</li>\r\n	<li style=\"text-align: justify;\">Meningkatkan kesejahteraan tenaga akademik, Non akademik dan mahasiswa.</li>\r\n</ol>\r\n', '2018-06-29', '', 'admin', 1, '21:27:03', ''),
(16, 'Fakultas Ilmu Komputer', 'fakultas-ilmu-komputer', '<p style=\"text-align: center;\"><img alt=\"\" src=\"/portal/asset/kcfinder/upload/files/Fasilkom-250.jpg\" style=\"width: 250px; height: 108px;\" /></p>\r\n\r\n<p style=\"text-align: justify;\"><strong>Fakultas Ilmu Komputer</strong>&nbsp;semula bernama&nbsp;<strong>Fakultas Teknologi Informasi dan Komunikasi</strong>&nbsp;Didirikan pada tanggal 18 Juli 2008&nbsp; berdasarkan Surat Keputusan&nbsp; Yayasan Pembina Perguruan Tinggi Pangkal Perjuangan Nomor 019/SK/YPPTPP/USK/VII/2008 tentang Pembentukan Fakultas Teknologi Informasi dan Komunikasi Universitas Singperbangsa Karawang. Selanjutnya berdasarkan Surat Keputusan&nbsp; Yayasan Pembina Perguruan Tinggi Pangkal Perjuangan Nomor 017/SK/YPPTPP/USK/VI/2010 tentang perubahan nama Fakultas Teknologi Informasi dan Komunikasi Universitas Singperbangsa Karawang, maka sejak&nbsp; tanggal 21 Juni 2010 berubah nama menjadi Fakultas Ilmu Komputer disingkat Fasilkom.</p>\r\n\r\n<p style=\"text-align: justify;\">Fakultas Ilmu Komputer didirikan dengan tujuan untuk memajukan dan memperkembangkan ilmu pengetahuan pada umumnya dan ilmu komputer pada khususnya, serta membentuk manusia susila yang cakap dan bertanggung jawab&nbsp; serta&nbsp; mempersiapkan&nbsp; tunas-tunas muda guna menjadi ahli-ahli komputer yang berguna bagi nusa dan bangsa.</p>\r\n\r\n<p style=\"text-align: justify;\"><strong>A.&nbsp;&nbsp; Visi</strong></p>\r\n\r\n<p style=\"text-align: justify;\">Menjadi Pusat Pendidikan Teknologi Informasi yang berdaya saing di tingkat nasional pada tahun 2018</p>\r\n\r\n<p style=\"text-align: justify;\"><strong>B.&nbsp;&nbsp; Misi</strong></p>\r\n\r\n<ol>\r\n	<li style=\"text-align: justify;\">Menyelenggarakan pendidikan berkualitas tinggi di bidang teknologi informasi.</li>\r\n	<li style=\"text-align: justify;\">Menciptakan, menerapkan dan mengembangkan teknologi informasi yang berdaya guna dan berhasil guna.</li>\r\n	<li style=\"text-align: justify;\">Melaksanakan pengabdian kepada masyarakat secara aktif di bidang teknologi informasi</li>\r\n	<li style=\"text-align: justify;\">Menciptakan komunitas teknologi informasi yang berjiwa wirausaha dan berdaya saing</li>\r\n</ol>\r\n\r\n<p style=\"text-align: justify;\"><strong>C.&nbsp;&nbsp; Tujuan</strong></p>\r\n\r\n<ol>\r\n	<li style=\"text-align: justify;\">Mewujudkan pendidik dan tenaga kependidikan yang memiliki kualifikasi dan kompetensi.</li>\r\n	<li style=\"text-align: justify;\">Menghasilkan lulusan yang memiliki kompetensi di bidang informatika serta berakhlak mulia.</li>\r\n	<li style=\"text-align: justify;\">Menghasilkan inovasi teknologi informasi untuk pembangunan berkelanjutan melalui penelitian dan studi lainnya.</li>\r\n	<li style=\"text-align: justify;\">Menyediakan sarana dan prasarana akademik yang memadai.</li>\r\n	<li style=\"text-align: justify;\">Mengaplikasikan inovasi teknologi informasi dalam bentuk pengabdian pada masyarakat untuk peningkatan kesejahteraan masyarakat yang berkelanjutan.</li>\r\n	<li style=\"text-align: justify;\">Menciptakan komunitas teknologi informasi yang berjiwa wirausaha dan berdaya saing</li>\r\n</ol>\r\n\r\n<p style=\"text-align: justify;\"><strong>D.&nbsp;&nbsp; Program Studi</strong></p>\r\n\r\n<p style=\"text-align: justify;\">Program studi yang dimiliki Fakultas Ilmu Komputer adalah Teknik Informatika jenjang S1 yang mendapatkan izin penyelenggaraan dari Direktorat Jenderal Pendidikan Tinggi pada tanggal 25 Juni 2008 berdasarkan Surat Keputusan Dirjen Dikti Nomor 2007/DT/2008. Perpanjangan izin program Studi Teknik Informatika jenjang S1 terbit pada tanggal, 3 April 2011 berdasarkan surat Koordiantor Perguruan Tinggi&nbsp; Swasta Wilayah IV dengan Nomor 6144/D/T/K-IV/2011.&nbsp;<strong>Peringkat Akreditasi B dengan nilai 321</strong>&nbsp;sesuai dengan keputusan Badan Akreditasi Nasional Perguruan Tinggi (BAN-PT)&nbsp;<strong>SK nomor : 051/SK/BAN-PT/Ak-XV/S/II/2013</strong>&nbsp;Tanggal : 14 Februari 2013. NIlai dan Peringkat Akreditasi Berlaku Sejak 14 Februari 2013 sampai 14 Februari 2018.</p>\r\n\r\n<p style=\"text-align: justify;\"><strong>Visi :</strong></p>\r\n\r\n<p style=\"text-align: justify;\"><strong>Menjadi Program Studi Teknik Informatika yang berdaya saing di tingkat nasional pada tahun 20</strong><strong>18</strong></p>\r\n\r\n<p style=\"text-align: justify;\"><strong>Misi :</strong></p>\r\n\r\n<ol>\r\n	<li style=\"text-align: justify;\">Menyiapkan Sumber Daya Manusia yang ahli dibidang informatika berjiwa wirausaha dan berakhlak mulia.</li>\r\n	<li style=\"text-align: justify;\">Menciptakan, menerapkan dan mengembangkan teknologi informasi yang berdaya guna dan berhasil guna secara berkelanjutan.</li>\r\n	<li style=\"text-align: justify;\">Melaksanakan pengabdian pada masyarakat secara aktif untuk meningkatkan kesejahteraan masyarakat.</li>\r\n</ol>\r\n', '2018-06-29', '', 'admin', 1, '21:28:05', ''),
(17, 'Fakultas Ilmu Sosial & Ilmu Politik', 'fakultas-ilmu-sosial--ilmu-politik', '<p style=\"text-align: center;\"><img alt=\"\" src=\"/portal/asset/kcfinder/upload/files/fisip.jpg\" style=\"width: 250px; height: 108px;\" /></p>\r\n\r\n<p style=\"text-align: center;\">&nbsp;</p>\r\n\r\n<p style=\"text-align: justify;\"><strong>A.</strong><strong>Visi</strong></p>\r\n\r\n<p style=\"text-align: justify;\">Terwujudnya Fakultas yang Berdaya Saing di Tingkat &nbsp;Nasional Tahun 2018</p>\r\n\r\n<p style=\"text-align: justify;\"><strong>B.</strong><strong>Misi</strong></p>\r\n\r\n<ol start=\"1\">\r\n	<li style=\"text-align: justify;\">Menyelenggarakan pendidikan dan pengajaran yang berkualitas dalam bidang ilmu komunikasi dan ilmu pemerintahan</li>\r\n	<li style=\"text-align: justify;\">Melaksanakan penelitian-penelitian bagi dosen dan mahasiswa.</li>\r\n	<li style=\"text-align: justify;\">Melaksanakan pengabdian masyarakat yang terprogram dan berkelanjutan</li>\r\n</ol>\r\n\r\n<p style=\"text-align: justify;\"><strong>C.</strong><strong>Tujuan</strong></p>\r\n\r\n<ol start=\"1\">\r\n	<li>\r\n	<p style=\"text-align: justify;\">Untuk menghasilkan sarjana ilmu komunikasi dan ilmu pemerintahan yang memiliki kompetensi di bidangnya.</p>\r\n	</li>\r\n	<li>\r\n	<p style=\"text-align: justify;\">Menghasilkan karya-karya penelitian di bidang komunikasi dan pemerintahan, yang dapat dimanfaatkan untuk pengembangan ilmu komunikasi dan ilmu pemerintahan.</p>\r\n	</li>\r\n	<li>\r\n	<p style=\"text-align: justify;\">Menghasilkan lulusan yang berjiwa pantang menyerah, berjiwa enterpreuneur, inovatif dan berakhlak mulia.</p>\r\n	</li>\r\n</ol>\r\n\r\n<p style=\"text-align: justify;\">&nbsp;</p>\r\n\r\n<p style=\"text-align: justify;\"><strong>D.</strong><strong>Program Studi</strong></p>\r\n\r\n<p style=\"text-align: justify;\"><strong>1.</strong><strong>Program Studi Ilmu Pemerintahan</strong></p>\r\n\r\n<p style=\"text-align: justify;\"><strong>Visi&nbsp;</strong></p>\r\n\r\n<p style=\"text-align: justify;\">Terwujudnya program studi S1 ilmu Pemerintahan dengan lulusan yang kompeten dan berdaya saing yang tinggi di tingkat nasional 2023.</p>\r\n\r\n<p style=\"text-align: justify;\"><strong>&nbsp;Misi</strong></p>\r\n\r\n<ol start=\"1\">\r\n	<li style=\"text-align: justify;\">Menyelenggarakan pendidikan dan pengajaran yang berkualitas.</li>\r\n	<li style=\"text-align: justify;\">Melaksanakan penelitian-penelitian bagi dosen dan mahasiswa.</li>\r\n	<li style=\"text-align: justify;\">Melaksanakan pengabdian masyarakat yang terprogram dan berkelanjutan.</li>\r\n</ol>\r\n\r\n<p style=\"text-align: justify;\"><strong>Tujuan</strong></p>\r\n\r\n<ol start=\"1\">\r\n	<li style=\"text-align: justify;\">Untuk menghasilkan sarjana yang memiliki kemampuan akdemis, analisis dan teknis di bidang ilmu pemerintahan</li>\r\n	<li style=\"text-align: justify;\">Menghasilkan karya-karya penelitian yang produktif, mengacu pada tuntutan pengembangan ilmu pemerintahan</li>\r\n	<li style=\"text-align: justify;\">Menghasilkan karya-karya pengabdian atas dasar penelitian, tuntutan-tuntutan lingkungan pemerintahan dan kebutuhan masyarakat.</li>\r\n</ol>\r\n\r\n<p style=\"text-align: justify;\">&nbsp;</p>\r\n\r\n<p style=\"text-align: justify;\"><strong>2.</strong><strong>Program Studi&nbsp;</strong><strong>Ilmu Komunikasi</strong></p>\r\n\r\n<p style=\"text-align: justify;\"><strong>visi</strong></p>\r\n\r\n<p style=\"text-align: justify;\">Terwujudnya program studi S1 ilmu komunikasi dengan lulusan yang kompeten dan berdaya saing yang tinggi di tingkat nasional 2023.</p>\r\n\r\n<p style=\"text-align: justify;\"><strong>Misi</strong></p>\r\n\r\n<ol start=\"1\">\r\n	<li style=\"text-align: justify;\">Menyelenggarakan pendidikan ilmu komunikasi yang unggul.</li>\r\n	<li style=\"text-align: justify;\">Melaksanakan penelitian yang produktif, efisien untuk mengembangkan ilmu komunikasi dan pendayaguanaan teknologi komunikasi</li>\r\n	<li style=\"text-align: justify;\">Menyelenggarakan kegiatan untuk memberdayakan masyarakat melalui pendekatan ilmu komunikasi</li>\r\n</ol>\r\n\r\n<p style=\"text-align: justify;\"><strong>Tujuan</strong></p>\r\n\r\n<ol start=\"1\">\r\n	<li style=\"text-align: justify;\">Menghasilkan lulusan yang kompeten, terampil, mandiri dan tanggap terhadap perkembangan ilomu komunikasi dan berahlak mulia.</li>\r\n	<li style=\"text-align: justify;\">Menghasilkan karya-karya penelitian yang produktif, efisien, dan bermanfaat bagi masyarakat dan pengembangan.</li>\r\n	<li style=\"text-align: justify;\">Menghasilkan karya0karya pengabdian masyarakat yang baik, memiliki tanggung jawab sosial terhadap perkembangan ilmu komunikasi dan memenuhi kebutuhan stakeholder.</li>\r\n</ol>\r\n', '2017-10-23', '', 'admin', 3, '06:05:54', 'Senin'),
(18, 'Fakultas Keguruan & Ilmu Pendidikan', 'fakultas-keguruan--ilmu-pendidikan', '<p style=\"text-align: center;\"><img alt=\"\" src=\"/portal/asset/kcfinder/upload/files/fkip.jpg\" style=\"width: 250px; height: 108px;\" /></p>\r\n\r\n<p style=\"text-align: justify;\">&nbsp;</p>\r\n\r\n<p style=\"text-align: justify;\">Fakultas Keguruan dan llmu Pendidikan Universitas Singaperbangsa Karawang pada mulanya memiliki dua Program Studi, yaitu: 1) Pendidikan Luar Sekolah dan 2) Kurikulum dan Teknologi Pendidikan. Berdasarkan kebijakan pemerintah pada tahun 1988 Program Studi Kurikulum dan Teknologi Pendidikan yang diselenggarakan Perguruan Tinggi Swasta dicabut pelaksanaannya, dan hanya dilaksanakan bagi Perguruan Tinggi Negeri.&nbsp;Pada tanggal 18 Maret 2002 Program Studi Pendidikan Luar Sekolah memperoleh status Akreditasi dari Badan Akreditasi Nasional Perguruan Tinggi (BAN-PT) dengan nilai C berdasarkan Surat Keputusan Nomor 002/BAN-PT/Ak-V/S1/lll/2002.&nbsp;Pada tanggal 25 Agustus 2005 Program Studi Pendidikan Luar Sekolah memperoleh status Akreditasi dari Badan Akreditasi Nasional Perguruan Tinggi (BAN-PT) dengan nilai B berdasarkan Surat Keputusan Nomor 015/BAN-PT/Ak-IX/S1/VIll/2005.&nbsp;Pada tanggal 7 Januari 2011 Program Studi Pendidikan Luar Sekolah memperoleh status Akreditasi dari Badan Akreditasi Nasional Perguruan Tinggi (BAN-PT) dengan nilai B berdasarkan Surat Keputusan Nomor 036/BAN-PT/Ak-XIII/S1/I/2011.&nbsp;</p>\r\n\r\n<p style=\"text-align: justify;\">Dalam perkembangannya, Fakultas Keguruan dan llmu Pendidikan Universitas Singaperbangsa Karawang tidak terlepas dari peranan para pengelola yang telah mengabdi bagi kemajuan Fakultas Keguruan dan Ilmu Pendidikan Universitas Singaperbangsa Karawang khususnya dan dunia pendidikan tinggi pada umumnya. Pada tahun 2009 Fakultas Keguruan dan Ilmu Pendidikan membuka dan memiliki dua Program Studi Baru, yaitu 1) Pendidikan Bahasa Inggris dan 2) Pendidikan Matematika. Untuk Program Studi Pendidikan Bahasa Inggris dan Pendidikan Matematika sesuai dengan ijin DIKTI Nomor 1704/D/T/2009 pada tanggal 17 September 2009. Program Studi Pendidikan Matematika memperoleh perpanjangan ijin operasional dengan Nomor 9727/D/T/K-IV/2011 pada tanggal 30 Nopember&nbsp; 2011. Sedangkan Program Studi Pendidikan Bahasa inggris memperoleh perpanjangan ijin operasional dengan Nomor 9728/D/T/K-IV/2011 pada tanggal 30 Nopember 2011.&nbsp;Pada tahun 2010 FKIP memperoleh ini penyelenggaraan program Studi baru sehingga memiliki 4 (empat) program studi, yaitu Program Studi Pendidikan Jasmani Kesehatan dan Rekreasi, dengan ijin penyelenggaraan nomor : 37/D/O/2010 pada tanggal 25 Maret 2010.</p>\r\n\r\n<p style=\"text-align: justify;\"><strong>A.&nbsp; Visi</strong></p>\r\n\r\n<p style=\"text-align: justify;\">Menjadi Fakultas yang Unggul dalam Pengembangan Ilmu Pendidikan serta Menghasilkan Pendidik dan Tenaga Kependidikan yang Profesional.</p>\r\n\r\n<p style=\"text-align: justify;\"><strong>B.&nbsp; Misi :</strong></p>\r\n\r\n<ol>\r\n	<li style=\"text-align: justify;\">Mengembangkan ilmu pendidikan baik secara teoretik maupun praktik.</li>\r\n	<li style=\"text-align: justify;\">Menyiapkan pendidik dan tenaga kependidikan yang memiliki keunggulan komparatif dan kompetitif.</li>\r\n	<li style=\"text-align: justify;\">Menyiapkan sarana dan prasarana pendidikan melalui suasana akademik yang kondusif.</li>\r\n	<li style=\"text-align: justify;\">Berperan aktif dalam penelitian, pengembangan, dan penerapan ilmu pendidikan.</li>\r\n</ol>\r\n\r\n<p style=\"text-align: justify;\"><strong>C. Tujuan</strong></p>\r\n\r\n<ol>\r\n	<li style=\"text-align: justify;\">Menghasilkan lulusan yang memiliki kompetensi sebagai pendidik dan tenaga kependidikan</li>\r\n	<li style=\"text-align: justify;\">Menghasilkan lulusan yang profesional sebagai pendidik dan tenaga kependidikan melalui peningkatan sarana dan prasarana pendidikan, program yang sesuai dengan kebutuhan masyarakat, dan suasana akademik yang kondusif</li>\r\n	<li style=\"text-align: justify;\">Menghasilkan lulusan yang mampu mengembangkan, mengelola, dan melaksanakan pendidikan di lembaga pendidikan maupun non pendidikan</li>\r\n	<li style=\"text-align: justify;\">Menghasilkan karya penelitian dan pengembangan ilmu pendidikan yang sesuai dengan kebutuhan</li>\r\n	<li style=\"text-align: justify;\">Menerapkan hasil penelitian dan pengembangan ilmu pendidikan untuk keperluan pendidikan, industri, dan kebijakan</li>\r\n</ol>\r\n\r\n<p style=\"text-align: justify;\"><strong>C. Program Studi</strong></p>\r\n\r\n<p style=\"text-align: justify;\"><strong>1. Program Studi Pendidikan Luar Sekolah</strong></p>\r\n\r\n<p style=\"text-align: justify;\"><strong>2. Program Studi Pendidikan Bahasa Inggris</strong></p>\r\n\r\n<p style=\"text-align: justify;\"><strong>Visi :</strong></p>\r\n\r\n<p style=\"text-align: justify;\">Menjadi program studi yang menghasilkan pendidik Bahasa Inggris yang unggul, mandiri, professional dan berakhlak mulia pada tahun 2018</p>\r\n\r\n<p style=\"text-align: justify;\"><strong>Misi :</strong></p>\r\n\r\n<ol start=\"1\">\r\n	<li style=\"text-align: justify;\">Menciptakan pendidik yang berkualitas, berakhlak mulia, dan profesional sesuai dengan tuntutan dan kebutuhan dunia pendidikan.</li>\r\n	<li style=\"text-align: justify;\">Menciptakan budaya akademik dan kewirausahaan yang kondusif untuk dapat bersaing secara kompetitif.</li>\r\n	<li style=\"text-align: justify;\">Mampu mengembangkan diri terhadap perubahan dan kemajuan jaman serta mengikuti perkembangan sains dan teknologi.</li>\r\n	<li style=\"text-align: justify;\">Berperan aktif dalam penelitian dan pengabdian pada masyarakat sebagai upaya penerapan dan pengembangan ilmu pendidikan bahasa inggris.</li>\r\n</ol>\r\n\r\n<p style=\"text-align: justify;\"><strong>3. Program Studi Pendidikan Matematika</strong></p>\r\n\r\n<p style=\"text-align: justify;\"><strong>Visi :</strong></p>\r\n\r\n<p style=\"text-align: justify;\">Menjadi program studi yang unggul untuk menghasilkan sarjana pendidikan matematika&nbsp; yang mampu bersaing secara profesional di bidang matematika pada tahun 2018.</p>\r\n\r\n<p style=\"text-align: justify;\"><strong>Misi :</strong></p>\r\n\r\n<ol start=\"1\">\r\n	<li style=\"text-align: justify;\">Menyelenggarakan dan mengembangkan pendidikan akademik yang professional dan berkualitas di bidang Pendidikan Matematika</li>\r\n	<li style=\"text-align: justify;\">Mengembangkan dan meningkatkan penelitian di bidang pendidikan matematika serta ilmu matematika</li>\r\n	<li style=\"text-align: justify;\">Menyelenggarakan pengabdian kepada masyarakat dalam pengimplementasian keilmuan di bidang pendidikan matematika dan ilmu matematika</li>\r\n	<li style=\"text-align: justify;\">Mengembangkan jaringan kerjasama dengan lembaga lain untuk mengembangkan IPTEKS dan keilmuan di bidang matematika</li>\r\n	<li style=\"text-align: justify;\">Mengembangkan kuantitas dan kualitas sumberdaya manusia (pendidik dan tenaga kependidikan) untuk memberikan pelayanan yang prima.</li>\r\n	<li style=\"text-align: justify;\">Meningkatan kuantitas dan kualitas sarana/fasilitas pendidikan</li>\r\n	<li style=\"text-align: justify;\">Menumbuhkan jiwa kewirausahaan melalui budaya akademik yang kondusif dan kompetitif.</li>\r\n</ol>\r\n\r\n<p style=\"text-align: justify;\"><strong>4. Program Studi Pendidikan Jasmani Kesehatan dan Rekreasi</strong></p>\r\n\r\n<p style=\"text-align: justify;\"><strong>Visi :</strong></p>\r\n\r\n<p style=\"text-align: justify;\">Menjadi Program Studi yang menghasilkan pendidik yang unggul, profesional dan kompetitif dalam bidang pendidikan jasmani, kesehatan dan rekreasi</p>\r\n\r\n<p style=\"text-align: justify;\"><strong>Misi :</strong></p>\r\n\r\n<ol start=\"1\">\r\n	<li style=\"text-align: justify;\">Meningkatkan pengetahuan dan keterampilan dalam menyiapkan pendidik yang unggul, profesional yang mampu bersaing dalam bidang pendidikan jasmani kesehatan dan rekreasi serta mengembangkan kreatifitas mahasiswa yang berakhlak mulia.</li>\r\n	<li style=\"text-align: justify;\">Melaksanakan penelitian dan pengembangan keilmuan pendidikan jasmani kesehatan dan rekreasi yang inovatif dan konstruktif sesuai dengan perkembangan IPTEK.</li>\r\n	<li style=\"text-align: justify;\">Menyelenggarakan pengabdian pada masyarakat secara profesional sebagai implementasi keilmuan pendidikan jasmani kesehatan dan rekreasi.</li>\r\n	<li style=\"text-align: justify;\">Mengembangkan pengelolaan dan pelayanan pendidikan bagi civitas akademika dalam mendukung pembelajaran yang kondusif.</li>\r\n</ol>\r\n', '2017-10-23', '', 'admin', 2, '06:08:02', 'Senin'),
(19, 'Fakultas Pertanian', 'fakultas-pertanian', '<p style=\"text-align: center;\"><img alt=\"\" src=\"/portal/asset/kcfinder/upload/files/faperta.jpg\" style=\"width: 250px; height: 108px;\" /></p>\r\n\r\n<p style=\"text-align: justify;\">&nbsp;</p>\r\n\r\n<p style=\"text-align: justify;\">Fakultas pertanian Universitas Singaperbangsa Karawang (Faperta Unsika) mulai diselenggarakan sejak tahun 1984 dengan 2 (dua) Program Studi yaitu Program Studi Agronomi dan Program Studi Peternakan yang dibina oleh Fakultas Pertanian dan Fakultas Peternakan UNPAD Bandung.</p>\r\n\r\n<p style=\"text-align: justify;\">Pada tahun 1986 Program Studi Agronomi memperoleh status terdaftar, dan program studi ini menghasilkan lulusan pertama. Pada&nbsp; tahun 1989 mengingat jumlah peminat Program Studi Peternakan relatif rendah Program Studi ini hanya memiliki 2 angkatan, maka pada tahun 1990 setelah seluruh mahasiswa Program Studi Peternakan lulus, Program Studi ini menjadi tidak aktif.</p>\r\n\r\n<p style=\"text-align: justify;\">Pada tahun 1999, Fakultas Pertanian juga membuka Progam Studi baru yaitu D3 Manajemen Sistem Industri Pertanian. Program Studi inipun hanya memiliki 2 angkatan, maka pada tahun 2003 Program Studi ini dalam kondisi tidak aktif. Dengan demikian saat ini Fakultas Pertanian Universitas Singaperbangsa Karawang hanya memiliki satu Program Studi yaitu Program Studi Agronomi.</p>\r\n\r\n<p style=\"text-align: justify;\">Pada tahun 2000 Program Studi terakreditasi BAN-PT melalui SK Nomor 033/BAN-PT/Ak-IV/XI/2000.dengan Peringkat B. Oleh Karena itu keberadaaan Fakultas Pertanian Universitas Singaperbangsa Karawang diharapkan dapat membantu meningkatkan sumberdaya manusia dan produktivitas bidang pertanian, apalagi Kabupaten Karawang dkenal sebagai salah satu lumbung padi di Jawa Barat.</p>\r\n\r\n<p style=\"text-align: justify;\">Harapan ini tidak sesuai dengan kenyataan, mengingat calon mahasiswa yang berminat kuliah di Fakultas Pertanian tidak sebanyak peminat di fakultas eksakta lainnya yaitu Fakultas Teknik. Hal ini disebabkan berubahnya kebijakan pemerintah dari sektor pertanian ke sektor industri dan Karawang pun dijadikan sebagai kawasan industri dengan luas area kurang lebih 16.000 Ha dan terluas di Asia Tenggara.</p>\r\n\r\n<p style=\"text-align: justify;\">Kondisi tersebut merupakan salah satu pertimbangan Pemda Karawang untuk meningkatkan kepeduliannya terhadap perkembangan Unsika khususnya Fakultas Pertanian. Oleh karena itu sejak tahun 2001/2002, Pemerintah Kabupaten Karawang memberikan beasiswa kepada mahasiswa Fakultas Pertanian Universitas Singaperbangsa Karawang sebanyak rata-rata 17 orang setiap Tahun akademik. Hal ini diharapkan agar Karawang memiliki ahli-ahli pertanian yang dapat mendorong peningkatan pembangunan pertanian di Kabupaten Karawang.&nbsp;</p>\r\n\r\n<p style=\"text-align: justify;\">Pada tahun 2006 Program Studi Agronomi, melakukan Reakreditasi dan mampu mempertahankan peringkat akreditasi B dengan SK Nomor 017/BAN-PT/Ak-X/S1/X/2006.&nbsp;&nbsp; Sejak tahun 2006 sampai dengan sekarang, perkembangan jumlah mahasiswa program studi terus meningkat.&nbsp; Pada bulan Oktober 2008 sesuai dengan nama prodi dalam perpanjangan ijin penyelenggaraan Prodi Agronomi tahun 2008 dari Dirjen Dikti Nomor : 2630/D/T/2008, .dalam ijin operasional, nama prodi Agronomi berubah menjadi Agroteknologi sesuai SK nomor 163/DIKTI/Kep/2007 tentang Penataan dan Kodifikasi Program Studi pada Perguruan Tinggi.&nbsp;Pada tahun 2012 Program Studi Agronomi, melakukan kembali Reakreditasi dan mampu mempertahankan peringkat akreditasi B dengan SK Nomor 022/BAN-PT/Ak-X/S1/X/2012 dengan masa berlaku sampai dengan 27 Juli 2017.</p>\r\n\r\n<p style=\"text-align: justify;\">Dalam perkembangannya, Fakultas Pertanian Universitas Singaperbangsa tidak terlepas dari peranan pengelolaannya yang telah mengabdi untuk kemajuan Fakultas Pertanian Unsika.&nbsp; Sejak didirikannya Fakultas Pertanian telah mengalami delapan masa kepemimpinan Dekan yang terdiri dari lima nama Dekan sebagai berikut :</p>\r\n\r\n<ol>\r\n	<li style=\"text-align: justify;\">Dr. Maman P. Rukmana, Ir. Periode (1984-1988)</li>\r\n	<li style=\"text-align: justify;\">Marma Jaya, Ir.,&nbsp; Periode (1989-1993) dan (1993-1996)</li>\r\n	<li style=\"text-align: justify;\">Asep S. Abdi, Ir., M.Sc.,&nbsp; (1996-1999) dan (1999-2003)</li>\r\n	<li style=\"text-align: justify;\">Sugiarto, Ir., MM., (2003-2006) dan (2006-2010)</li>\r\n	<li style=\"text-align: justify;\">Dr. Sulistyo Sidik Purnomo, Ir., M.Si. (2010-2014)</li>\r\n</ol>\r\n\r\n<p style=\"text-align: justify;\">&nbsp;</p>\r\n\r\n<p style=\"text-align: justify;\"><strong>A. Visi</strong></p>\r\n\r\n<p style=\"text-align: justify;\">Menjadi Fakultas Pertanian Universitas Singaperbangsa Karawang sebagai lembaga pendidikan tinggi yang berdaya saing di tingkat nasional dalam mengaplikasikan dan mengembangkan sistem pertanian berkelanjutan (<em>sustainable agricultural system</em>).</p>\r\n\r\n<p style=\"text-align: justify;\"><strong>B. Misi</strong></p>\r\n\r\n<ol>\r\n	<li style=\"text-align: justify;\">menyelenggarakan pendidikan bidang pertanian untuk menghasilkan sumberdaya manusia yang handal dalam ilmu pengetahuan dan teknologi bidang pertanian, serta mampu bersaing dalam bidang akademik maupun dunia kerja</li>\r\n	<li style=\"text-align: justify;\">Mengembangkan ilmu pengetahuan dan teknologi melalui kegiatan penelitian dalam bidang pertanian dalam membantu memecahkan masalah-masalah pertanian nasional.</li>\r\n	<li style=\"text-align: justify;\">Menyebarluaskan ilmu pengetahuan dan teknologi bidang pertanian melalui kegiatan pengabdian masyarakat dalam menunjang pembangunan pertanian berkelanjutan</li>\r\n</ol>\r\n\r\n<p style=\"text-align: justify;\">&nbsp;</p>\r\n\r\n<p style=\"text-align: justify;\"><strong>C. Tujuan</strong></p>\r\n\r\n<ol>\r\n	<li style=\"text-align: justify;\">Menghasilkan lulusan yang cakap, terampil, mandiri dan tanggap terhadap perkembangan ilmu pengetahuan dan teknologi bidang pertanian.</li>\r\n	<li style=\"text-align: justify;\">Menghasilkan lulusan yang berjiwa penuh pengabdian serta memiliki rasa tanggung jawab terhadap pembangunan pertanian.</li>\r\n	<li style=\"text-align: justify;\">Menghasilkan produk-produk penelitian dan temuan ilmiah dalam bidang pertanian khususnya untuk mendukung pertanian di Kabupaten Karawang dan sekitarnya sebagai salah satu daerah lumbung padi Nasional secara berkelanjutan.</li>\r\n	<li style=\"text-align: justify;\">Menyebarkan inovasi yang dihasilkan dalam bidang pertanian.</li>\r\n</ol>\r\n\r\n<p style=\"text-align: justify;\">&nbsp;</p>\r\n\r\n<p style=\"text-align: justify;\"><strong>D. Visi, Misi dan Tujuan Program Studi Agroteknologi</strong></p>\r\n\r\n<ol>\r\n	<li style=\"text-align: justify;\">Visi</li>\r\n</ol>\r\n\r\n<p style=\"text-align: justify;\">Menjadi Program Studi Agroteknologi yang berdaya saing di tingkat nasional dalam mengaplikasikan dan mengembangkan sistem pertanian berkelanjutan (<em>sustainable agricultural system</em>).</p>\r\n\r\n<ol start=\"2\">\r\n	<li style=\"text-align: justify;\">Misi</li>\r\n</ol>\r\n\r\n<ol start=\"1\">\r\n	<li style=\"text-align: justify;\">Menyelenggarakan pendidikan bidang Agroteknologi untuk menghasilkan sumberdaya manusia yang handal dalam ilmu pengetahuan dan teknologi pertanian</li>\r\n	<li style=\"text-align: justify;\">Mengembangkan ilmu pengetahuan dan teknologi melalui kegiatan penelitian Agroteknologi dalam membantu memecahkan masalah-masalah pertanian nasional.</li>\r\n	<li style=\"text-align: justify;\">Menyebarluaskan ilmu pengetahuan dan teknologi bidang pertanian melalui kegiatan pengabdian masyarakat dalam menunjang pembangunan pertanian berkelanjutan</li>\r\n</ol>\r\n\r\n<ol start=\"3\">\r\n	<li style=\"text-align: justify;\">Tujuan</li>\r\n</ol>\r\n\r\n<ol start=\"1\">\r\n	<li style=\"text-align: justify;\">Menghasilkan lulusan yang cakap, trampil, mandiri dan tanggap terhadap perkembangan ilmu pengetahuan dan teknologi pertanian.</li>\r\n	<li style=\"text-align: justify;\">Menghasilkan lulusan yang berjiwa penuh pengabdian serta memiliki rasa tanggung jawab terhadap pembangunan pertanian nasional.</li>\r\n	<li style=\"text-align: justify;\">Menghasilkan produk-produk penelitian dan temuan ilmiah dalam bidang pertanian khususnya untuk mendukung Karawang sebagai salah satu daerah lumbung padi nasional.</li>\r\n	<li style=\"text-align: justify;\">Menyebarkan inovasi yang dihasilkan dalam bidang pertanian</li>\r\n</ol>\r\n', '2017-10-23', '', 'admin', 3, '06:09:35', 'Senin');
INSERT INTO `halamanstatis` (`id_halaman`, `judul`, `judul_seo`, `isi_halaman`, `tgl_posting`, `gambar`, `username`, `dibaca`, `jam`, `hari`) VALUES
(20, 'Fakultas Teknik', 'fakultas-teknik', '<p style=\"text-align: center;\"><img alt=\"\" src=\"/portal/asset/kcfinder/upload/files/teknik.jpg\" style=\"width: 250px; height: 108px;\" /></p>\r\n\r\n<p style=\"text-align: justify;\">&nbsp;</p>\r\n\r\n<p style=\"text-align: justify;\">Fakultas Teknik Universitas Singaperbangsa Karawang (FT-Unsika) mulai diselenggarakan sejak tahun 1995 dengan 1 (satu) jurusan/program studi, yaitu Program Studi Teknik Industri (Jenjang S1), yang mendapatkan status &ldquo;Terdaftar&rdquo; dari Dirjen Dikti dengan Surat Keputusan Direktur Jenderal Pendidikan Tinggi Departemen Pendidikan dan Kebudayaan Republik Indonesia No. 36/DIKTI/Kep/1996 tertanggal 5 Pebruari 1996. Pada tahun 2002, Prodi Teknik Industri FT-Unsika mendapatkan status &ldquo;Terakreditasi&rdquo; berdasarkan Surat Keputusan BAN-PT (Badan Akreditasi Nasional Perguruan Tinggi) No.015/BAN-PT/Ak-V/S1/VIII/2002 tertanggal 5 Agustus 2002.</p>\r\n\r\n<p style=\"text-align: justify;\">Pada tahun 1998 Fakultas Teknik Unsika kembali membuka 1 (satu) program studi baru, yaitu Program Studi Teknik Mesin (Diploma III), yang mendapatkan izin pendirian dengan Nomor 33/DIKTI/Kep/1998, selanjutnya pada tahun 2002 program D3 Mesin mendapatkan, status &ldquo;Terakreditasi&rdquo; berdasarkan Surat Keputusan BAN-PT (Badan Akreditasi Nasional Perguruan Tinggi) No.015/BAN-PT/Ak-V/S1/VIII/2002 tertanggal 5 Agustus 2002.</p>\r\n\r\n<p style=\"text-align: justify;\">Menyusul tingginya permintaan terhadap ahli keteknikan terutama yang berkaitan dengan sektor permesinan akhirnya pada tahun 2008 Fakultas Teknik kembali membuka program studi S-1 Teknik Mesin dengan ketetapan surat izin operasional Nomor : 2007/D/T/2008 tertanggal 25 Juni 2008.</p>\r\n\r\n<p style=\"text-align: justify;\"><strong>A.&nbsp; Visi</strong></p>\r\n\r\n<p style=\"text-align: justify;\">Terwujudnya Fakultas Teknik Sebagai Institusi Yang Berdaya Saing Tinggi Dibidang Keteknikan, Pusat Pendidikan Dan Kajian Ilmu Keteknikan Yang Unggul Serta Terjalinnya Sinergi Institusional Yang Proaktif</p>\r\n\r\n<p style=\"text-align: justify;\">&nbsp;</p>\r\n\r\n<p style=\"text-align: justify;\"><strong>B.&nbsp; Misi :</strong></p>\r\n\r\n<ol>\r\n	<li style=\"text-align: justify;\">Meningkatkan dan menyelenggarakan kegiatan pendidikan, penelitian dan pengabdian kepada masyarakat dibidang keteknikan secara efektif dan efisien.</li>\r\n	<li style=\"text-align: justify;\">Mengembangkan dan menerapkan Iptek dalam lingkup keteknikan untuk menunjang pembangunan nasional dengan mempertimbangkan perubahan sosial, ekonomi dan teknologi secara terus menerus.</li>\r\n	<li style=\"text-align: justify;\">Membangun suasana keilmuan dan masyarakat intelektual dalam berbagai aspek keteknikan.</li>\r\n	<li style=\"text-align: justify;\">Membangun sistem sinergi institusional pada internal fakultas dan universitas serta dengan institusi lingkungan eksternal baik institusi pendidikan, pemerintahan, maupun&nbsp; institusi masyarakat&nbsp; lainya</li>\r\n</ol>\r\n\r\n<p style=\"text-align: justify;\">&nbsp;</p>\r\n\r\n<p style=\"text-align: justify;\"><strong>C. Tujuan</strong></p>\r\n\r\n<ol start=\"1\">\r\n	<li style=\"text-align: justify;\">Menghasilkan lulusan yang berkemampuan akademik tinggi, berperilaku luhur dan berjiwa wirausaha.</li>\r\n	<li style=\"text-align: justify;\">Menghasilkan lulusan yang berkualifikasi sebagai berikut:\r\n	<ol start=\"1\">\r\n		<li>Berjiwa Pancasila dan memiliki integritas kepribadian yang tinggi.</li>\r\n		<li>Bersifat terbuka, tanggap terhadap perubahan dan kemajuan ilmu dan teknologi serta dinamika perubahan sosial dan kemasyarakatan, khususnya yang berkaitan dengan bidang keteknikan.</li>\r\n		<li>Menguasai dasar-dasar ilmiah dan pengetahuan serta metodologi keteknikan sehingga mampu menemukan, memahami, menjelaskan dan merumuskan cara penyelesaian masalah keteknikan. Serta&nbsp; mampu berpikir, bersikap dan bertindak sebagai ilmuan serta berjiwa wirausaha</li>\r\n		<li>Mampu mengikuti perkembangan ilmu pengetahuan dan ketrampilan dalam bidang keteknikan.</li>\r\n	</ol>\r\n	</li>\r\n	<li style=\"text-align: justify;\">Memadukan IPTEK hasil penelitian dengan program pendidikan keteknikan di lingkungan Fakultas Teknik</li>\r\n	<li style=\"text-align: justify;\">Menerapkan IPTEK&nbsp; bidang keteknikan sesuai dengan kebutuhan masyarakat dalam bidang pendidikan, sosial budaya maupun ekonomi</li>\r\n	<li style=\"text-align: justify;\">Mendirikan pusat tenaga-tenaga yang profesional, pusat penelitian dan pengembangan bidang-bidang ilmu yang berkaitan dengan keahlian keteknikan.</li>\r\n	<li style=\"text-align: justify;\">Mewujudkan kerjasama lintas fakultas dan lintas institusional dalam rangka melaksanakan tri darma perguruan tinggi.</li>\r\n</ol>\r\n\r\n<p style=\"text-align: justify;\">&nbsp;</p>\r\n\r\n<p style=\"text-align: justify;\"><strong>D. Program Studi</strong></p>\r\n\r\n<p style=\"text-align: justify;\"><strong>1. Program Studi Teknik Industri</strong></p>\r\n\r\n<p style=\"text-align: justify;\"><strong>Visi :</strong></p>\r\n\r\n<p style=\"text-align: justify;\">Menjadi Program Studi Teknik Industri yang berdaya saing di tingkat nasional tahun 2016</p>\r\n\r\n<p style=\"text-align: justify;\"><strong>Misi :</strong></p>\r\n\r\n<ol>\r\n	<li style=\"text-align: justify;\">Melaksanakan pendidikan tinggi yang mendukung kemajuan dan perkembangan sains dan teknologi, terutama di bidang teknik industri.</li>\r\n	<li style=\"text-align: justify;\">Mengembangkan kemampuan penelitian untuk memecahkan permasalahan melalui penguasaan sistem integral dalam merancang, mengimplementasikan, mengevaluasi, dan menyelesaikan permasalahan-permasalahan yang berkaitan dengan keteknik-industrian.</li>\r\n	<li style=\"text-align: justify;\">Mengaplikasikan hasil-hasil penelitian keteknik-industrian dalam mendukung peningkatkan kesejahteraan masyarakat secara berkelanjutan.</li>\r\n</ol>\r\n\r\n<p style=\"text-align: justify;\"><strong>2. Program Studi Teknik Mesin - D3</strong></p>\r\n\r\n<p style=\"text-align: justify;\"><strong>Visi :</strong></p>\r\n\r\n<p style=\"text-align: justify;\">Menjadikan Program &nbsp;Diploma III &nbsp;Teknik Mesin berkualitas sehingga menghasilkan Ahli Madya Teknik Mesin yang Professional dan mampu melaksanakan Tugasnya dalam bidang Teknologi untuk kepentingan masyarakat dan bangsa</p>\r\n\r\n<p style=\"text-align: justify;\"><strong>Misi :</strong></p>\r\n\r\n<ol>\r\n	<li style=\"text-align: justify;\">Menyiapkan Peserta Didik menjadi Manusia yang beriman dan bertakwa kepada Tuhan Yang Maha Esa dan berbudi pekerti Luhur, berkepribadian mantap dan mandiri serta mempunyai rasa tanggung jawab kepada masyarakat dan bangsa.</li>\r\n	<li style=\"text-align: justify;\">Menyiapkan Peserta Didik menjadi anggota masyarakat yang memiliki keahlian dan ketrampilan dalam bidang Teknik Mesin yang disesuaikan dengan Tuntutan kemajuan di bidang Teknologi.</li>\r\n	<li style=\"text-align: justify;\">Menyiapkan Peserta Didik menjadi Tenaga Ahli dan mampu berkarya sesuai bidangnya serta dapat menyumbangkan darma baktinya untuk kepentingan masyarakat.</li>\r\n</ol>\r\n\r\n<p style=\"text-align: justify;\"><strong>3. Program Studi Teknik Mesin - S1</strong></p>\r\n\r\n<p style=\"text-align: justify;\"><strong>Visi :</strong></p>\r\n\r\n<p style=\"text-align: justify;\">Menjadi Program studi yang mampu menghasilkan lulusan berkualitas di bidang Teknik Mesin untuk memenuhi kebutuhan industri dan masyarakat yang bersaing ditingkat nasional tahun 2018.</p>\r\n\r\n<p style=\"text-align: justify;\"><strong>Misi :</strong></p>\r\n\r\n<ol>\r\n	<li style=\"text-align: justify;\">Menyelenggarakan pendidikan tinggi bidang Teknik Mesin, yang berkualitas sesuai dengan perkembangan industri di Indonesia, yang didukung oleh kurikulum yang berbasis industri, Sumber Daya Manusia, Sarana dan Prasarana yang berkualitas.</li>\r\n	<li style=\"text-align: justify;\">Mendidik peserta didik sehingga memiliki wawasan yang berdasarkan pada sains dan teknologi yang mengarah pada terbentuknya jiwa inovatif dan profesional dalam menopang pembangunan nasional secara global.</li>\r\n	<li style=\"text-align: justify;\">Merealisasikan hasil-hasil penelitian dalam bidang ilmu Teknik Mesin yang mendukung peningkatkan dunia industri dan kesejahteraan masyarakat secara berkelanjutan.</li>\r\n</ol>\r\n', '2017-10-23', '', 'admin', 0, '06:10:53', 'Senin'),
(21, 'Fakultas Ilmu Kesehatan', 'fakultas-ilmu-kesehatan', '<p style=\"text-align: center;\"><img alt=\"\" src=\"/portal/asset/kcfinder/upload/files/ikesehatan.jpg\" style=\"width: 250px; height: 108px;\" /></p>\r\n\r\n<p style=\"text-align: justify;\">&nbsp;</p>\r\n\r\n<p style=\"text-align: justify;\"><strong>Sejarah Program Studi Kebidanan Unsika</strong></p>\r\n\r\n<p style=\"text-align: justify;\">Program Studi (Prodi) Kebidanan Universitas Singaperbangsa Karawang (Unsika) mulai diselenggarakan pada tahun akademik 2005/2006 dan merupakan salah satu prodi yang ada di Unsika. Program studi lainnya di Unsika adalah S-1 Ilmu Hukum, S-1 Manajemen, S-1 Akuntansi, D-3 Akuntansi, S-1 Pendidikan Luar Sekolah, S-1 Pendidikan Bahasa Inggris, S-1 Pendidikan Matematika, S-1 Pendidikan Jasmani, Kesehatan &amp; Rekreasi, S-1 Agroindustri, S-1 Pendidikan Agama Islam, S-1 Teknik Industri, S-1 Teknik Mesin, D-3 Teknik Mesin, S-1 Teknik Informatika, S-1 Ilmu Pemerintahan, S-1 Ilmu Komunikasi, dan S-2 Magister Manajemen.<br />\r\n<br />\r\nProdi Kebidanan Unsika didirikan berdasarkan :</p>\r\n\r\n<ol>\r\n	<li style=\"text-align: justify;\">Ijin Dirjen Dikti Depdiknas : 2967/D/T/2005 tanggal 29 Agustus 2005 tentang Ijin Penyelenggaraan Program Studi Kebidanan (DIII) pada Universitas Singaperbangsa Karawang</li>\r\n	<li style=\"text-align: justify;\">Rekomendasi Kepala Badan PPSDM Depkes RI Nomor : HK.03.2.4.1.02131 tanggal 7 Juni 2005 tentang Rekomendasi/pertimbangan tertulis bagi pembukaan Program Studi DIII Kebidanan pada Universitas Singaperbangsa Karawang.</li>\r\n	<li style=\"text-align: justify;\">Akreditasi Badan Akreditasi Nasional Perguruan Tinggi No. 028/BAN-PT/Ak-X/Dpl-III/I/2011 tanggal 7 Januari 2011.</li>\r\n</ol>\r\n\r\n<p style=\"text-align: justify;\"><strong>Visi&nbsp;</strong></p>\r\n\r\n<p>Menjadi Program Studi Kebidanan yang memiliki daya saing tinggi di tingkat nasional dalam bidang kebidanan pada tahun 2017.</p>\r\n\r\n<p><br />\r\n<strong>Misi&nbsp;</strong></p>\r\n\r\n<p>Menyelenggarakan pendidikan yang bermutu tinggi sesuai dengan perkembangan ilmu kebidanan;<br />\r\nMenyelenggarakan penelitian dalam bidang kebidanan;<br />\r\nMenyelenggarakan pengabdian pada masyarakat;<br />\r\nMenyelenggarakan kerjasama di tingkat nasional dan internasional;<br />\r\nMengimplementasikan manajemen mutu secara terus menerus dalam peningkatan kualitas.</p>\r\n\r\n<blockquote>\r\n<p><strong>Hymne&nbsp;</strong></p>\r\n\r\n<p>MELANGKAH DI BUMI UNSIKA<br />\r\nARUNGI BATAS SATU MASA<br />\r\nMENGABDIKAN SEGENAP JIWA RAGA<br />\r\nMENJADI INSAN YANG BERGUNA<br />\r\n<br />\r\nKEBIDANAN UNSIKA<br />\r\nAWALI HIDUP TUNAS BANGSA<br />\r\nMENJALANKAN SATU TUGAS MULIA<br />\r\nDEMI KEBAHAGIAAN TERCIPTA<br />\r\n<br />\r\nBULATKAN TEKAD UNTUK PENUHI<br />\r\nHARAPAN TERTINGGI<br />\r\nDAN SELALU BERDIRI UNTUK BERBAKTI<br />\r\nDI KEBIDANAN UNSIKA</p>\r\n<br />\r\n<strong>Mars&nbsp;</strong>\r\n\r\n<p>PRODI KEBIDANAN SINGAPERBANGSA<br />\r\nSELALU SIAP BERSAING BUKTIKAN DIRI<br />\r\n<br />\r\nMEWUJUDKAN BERSAMA<br />\r\nSEGALA CITA-CITA<br />\r\nKEINGINAN MENGHARUMKAN<br />\r\nCITRA KEBIDANAN<br />\r\n<br />\r\nKAMI SIAP BERJANJI DI DASAR HATI<br />\r\nTINGKATKAN MUTU DIRI UNTUKMU NEGERI<br />\r\n<br />\r\nANAK SEHAT SENTOSA<br />\r\nMASA DEPA BANGSA<br />\r\nMASYARAKAT SEJAHTERA<br />\r\nBIMBINGLAH KAMI, LINDUNGI KAMI, KUATKAN KAMI TUHAN</p>\r\n</blockquote>\r\n', '2017-10-23', '', 'admin', 2, '06:14:19', 'Senin'),
(22, 'Akreditasi Program Studi', 'akreditasi-program-studi', '<h1 style=\"text-align: center;\"><u><b><span style=\"font-size:16px;\">Akreditasi Program Studi</span></b></u></h1>\r\n\r\n<table cellpadding=\"0\" cellspacing=\"0\" class=\"table table-striped\" width=\"100%\">\r\n	<colgroup>\r\n		<col />\r\n		<col />\r\n		<col />\r\n		<col />\r\n		<col />\r\n		<col />\r\n	</colgroup>\r\n	<tbody>\r\n		<tr height=\"23\">\r\n			<td height=\"44\" rowspan=\"2\"><strong>NO.</strong></td>\r\n			<td rowspan=\"2\"><strong>PROGRAM STUDI</strong></td>\r\n			<td rowspan=\"2\"><strong>JENJANG</strong></td>\r\n			<td rowspan=\"2\"><strong>KODE DIKTI</strong></td>\r\n			<td colspan=\"3\"><strong>AKREDITASI BAN-PT</strong></td>\r\n		</tr>\r\n		<tr height=\"21\">\r\n			<td height=\"21\"><strong>No. SK BAN-PT</strong></td>\r\n			<td height=\"21\"><strong>Masa Berlaku</strong></td>\r\n			<td><strong>Peringkat</strong></td>\r\n		</tr>\r\n		<tr height=\"21\">\r\n			<td height=\"21\">1</td>\r\n			<td>Ilmu Hukum</td>\r\n			<td>S1</td>\r\n			<td>74201</td>\r\n			<td>1122/SK/BAN-PT/Akred/S/X/2015</td>\r\n			<td>31 Oktober 2020</td>\r\n			<td>B</td>\r\n		</tr>\r\n		<tr height=\"21\">\r\n			<td height=\"21\">2</td>\r\n			<td>Akuntansi&nbsp;</td>\r\n			<td>D3</td>\r\n			<td>62401</td>\r\n			<td>225/SK/BAN-PT/Ak-XIII/Dpl-III/XI/2013</td>\r\n			<td>09 November 2018</td>\r\n			<td>B</td>\r\n		</tr>\r\n		<tr height=\"21\">\r\n			<td height=\"21\">3</td>\r\n			<td>Manajemen&nbsp;</td>\r\n			<td>S1</td>\r\n			<td>61201</td>\r\n			<td>192/SK/BAN-PT/Ak-XVI/S/IX/2013</td>\r\n			<td>21 September 2018</td>\r\n			<td>B</td>\r\n		</tr>\r\n		<tr height=\"21\">\r\n			<td height=\"21\">4</td>\r\n			<td>Pend Luar Sekolah</td>\r\n			<td>S1</td>\r\n			<td>86205</td>\r\n			<td>965/SK/BAN-PT/Akred/S/VIII/2015</td>\r\n			<td>29 Agustus 2020</td>\r\n			<td>B</td>\r\n		</tr>\r\n		<tr height=\"21\">\r\n			<td height=\"21\">5</td>\r\n			<td>Agroteknologi</td>\r\n			<td>S1</td>\r\n			<td>54211</td>\r\n			<td>022/BAN-PT/Ak-XV/S1/VII/2012</td>\r\n			<td>27 Juli 2017</td>\r\n			<td>B</td>\r\n		</tr>\r\n		<tr height=\"21\">\r\n			<td height=\"21\">6</td>\r\n			<td>Pend Agama Islam</td>\r\n			<td>S1</td>\r\n			<td>86208</td>\r\n			<td>0643/SK/BAN-PT/Akred/S/III/2017</td>\r\n			<td>15 Maret 2022</td>\r\n			<td>B</td>\r\n		</tr>\r\n		<tr height=\"21\">\r\n			<td height=\"21\">7</td>\r\n			<td>Magister Manajemen</td>\r\n			<td>S2</td>\r\n			<td>61101</td>\r\n			<td>010/BAN-PT/Ak-X/S2/VII/2012</td>\r\n			<td>27 Juli 2017</td>\r\n			<td>B</td>\r\n		</tr>\r\n		<tr height=\"21\">\r\n			<td height=\"21\">8</td>\r\n			<td>Kebidanan&nbsp;</td>\r\n			<td>D3</td>\r\n			<td>15401</td>\r\n			<td>0115/LAM-PTKes/Akr/Dip/III/2017</td>\r\n			<td>04 Maret 2022</td>\r\n			<td>B</td>\r\n		</tr>\r\n		<tr height=\"21\">\r\n			<td height=\"21\">9</td>\r\n			<td>Teknik Mesin&nbsp;</td>\r\n			<td>D3</td>\r\n			<td>21401</td>\r\n			<td>962/SK/BAN-PT/Akred/Dipl-III/IV/2017</td>\r\n			<td>04 April 2022</td>\r\n			<td>C</td>\r\n		</tr>\r\n		<tr height=\"21\">\r\n			<td height=\"21\">10</td>\r\n			<td>Teknik Industri</td>\r\n			<td>S1</td>\r\n			<td>26201</td>\r\n			<td>0723/SK/BAN-PT/Akred/S/III/2017</td>\r\n			<td>21 Maret 2022</td>\r\n			<td>B</td>\r\n		</tr>\r\n		<tr height=\"21\">\r\n			<td height=\"21\">11</td>\r\n			<td>Teknik Informatika</td>\r\n			<td>S1</td>\r\n			<td>55201</td>\r\n			<td>051/SK/BAN-PT/Ak-XV/S/II/2013</td>\r\n			<td>14 Februari 2018</td>\r\n			<td>B</td>\r\n		</tr>\r\n		<tr height=\"21\">\r\n			<td height=\"21\">12</td>\r\n			<td>Pend Bhs Inggris</td>\r\n			<td>S1</td>\r\n			<td>88203</td>\r\n			<td>0900/SK/BAN-PT/Akred/S/III/2017</td>\r\n			<td>29 Maret 2022</td>\r\n			<td>B</td>\r\n		</tr>\r\n		<tr height=\"21\">\r\n			<td height=\"21\">13</td>\r\n			<td>Pend Matematika</td>\r\n			<td>S1</td>\r\n			<td>84202</td>\r\n			<td>0899/SK/BAN-PT/Akred/S/III/2017</td>\r\n			<td>29 Maret 2022</td>\r\n			<td>B</td>\r\n		</tr>\r\n		<tr height=\"21\">\r\n			<td height=\"21\">14</td>\r\n			<td>Pend Jaskes dan Rekreasi</td>\r\n			<td>S1</td>\r\n			<td>85201</td>\r\n			<td>1115/SK/BAN-PT/Akred/S/IV/2017</td>\r\n			<td>18 April 2022</td>\r\n			<td>B</td>\r\n		</tr>\r\n		<tr>\r\n			<td height=\"21\">15</td>\r\n			<td>Pend Bahasa dan Sastra Indonesia</td>\r\n			<td>S1</td>\r\n			<td>-</td>\r\n			<td>029/SK/BAN-PT/Akred/S/I/2015</td>\r\n			<td>&nbsp;</td>\r\n			<td>C</td>\r\n		</tr>\r\n		<tr height=\"21\">\r\n			<td height=\"21\">16</td>\r\n			<td>Ilmu Komunikasi</td>\r\n			<td>S1</td>\r\n			<td>70201</td>\r\n			<td>157/SK/BAN-PT/Ak-XVI/S/VII/2013</td>\r\n			<td>20 Juli 2018</td>\r\n			<td>C</td>\r\n		</tr>\r\n		<tr height=\"21\">\r\n			<td height=\"21\">17</td>\r\n			<td>Ilmu Pemerintahan&shy;</td>\r\n			<td>S1</td>\r\n			<td>65201</td>\r\n			<td>151/SK/BAN-PT/Ak-XVI/S/VI/2013</td>\r\n			<td>29 Juni 2018</td>\r\n			<td>B</td>\r\n		</tr>\r\n		<tr height=\"21\">\r\n			<td height=\"21\">18</td>\r\n			<td>Akuntansi&nbsp;</td>\r\n			<td>S1</td>\r\n			<td>62201</td>\r\n			<td>2960/SK/BAN-PT/Akred/S/XII/2016</td>\r\n			<td>01 Desember 2021</td>\r\n			<td>B</td>\r\n		</tr>\r\n		<tr height=\"21\">\r\n			<td height=\"21\">19</td>\r\n			<td>Teknik Mesin&nbsp;</td>\r\n			<td>S1</td>\r\n			<td>21201</td>\r\n			<td>091/SK/BAN-PT/Ak-XV/S/II/2013</td>\r\n			<td>21 Februari 2018</td>\r\n			<td>C</td>\r\n		</tr>\r\n		<tr>\r\n			<td height=\"21\">20</td>\r\n			<td>Manajemen Pend Islam</td>\r\n			<td>S1</td>\r\n			<td>-</td>\r\n			<td>194/SK/BAN-PT/Akred/S/VII/2014</td>\r\n			<td>04 Juli 2019</td>\r\n			<td>C</td>\r\n		</tr>\r\n		<tr>\r\n			<td height=\"21\">21</td>\r\n			<td>Pendidikan GuruRaudhatul Athfal</td>\r\n			<td>S1</td>\r\n			<td>-</td>\r\n			<td>468/SK/BAN-PT/Akred/S/XII/2014</td>\r\n			<td>14 Desember 2019</td>\r\n			<td>C</td>\r\n		</tr>\r\n		<tr>\r\n			<td height=\"21\">22</td>\r\n			<td>Ilmu Hukum</td>\r\n			<td>S2</td>\r\n			<td>-</td>\r\n			<td>Dalam Proses</td>\r\n			<td>&nbsp;</td>\r\n			<td>C</td>\r\n		</tr>\r\n		<tr>\r\n			<td height=\"21\">23</td>\r\n			<td>Teknik Elektro</td>\r\n			<td>S1</td>\r\n			<td>-</td>\r\n			<td>251/SK/BAN-PT/Akred/S/IV/2015</td>\r\n			<td>10 April 2020</td>\r\n			<td>C</td>\r\n		</tr>\r\n	</tbody>\r\n</table>\r\n\r\n<p>&nbsp;</p>\r\n', '2017-10-23', '', 'admin', 2, '06:19:12', ''),
(23, 'Kalender Akademik', 'kalender-akademik', '<p style=\"text-align: center;\"><img alt=\"\" src=\"/portal/asset/kcfinder/upload/files/fix_16_17_ganjil.jpg\" style=\"width: 100%\" /></p>\r\n\r\n<p style=\"text-align: justify;\"><img alt=\"\" src=\"/portal/asset/kcfinder/upload/files/fix_16_17_genap.jpg\" style=\"width: 100%\" /></p>\r\n', '2017-10-23', '', 'admin', 1, '06:22:14', 'Senin'),
(24, 'Pengantar', 'pengantar', '<p style=\"text-align: justify;\">Universitas Singaperbangsa Karawang (UNSIKA) yang mempunyai kesempatan untuk berperan penting dalam menempatkan bangsa dan negara Indonesia dalam konteks percaturan dan peradaban dunia. Masyarakat Indonesia masa kini menghadapi berbagai tantangan internal maupun eksternal di era globalisasi yang ditandai oleh keterbukaan, kompetisi, futurisasi dan IT.</p>\r\n\r\n<p style=\"text-align: justify;\">Menghadapi tantangan tersebut di atas, UNSIKA sepatutnya mampu mewujudkan suatu institusi perguruan tinggi yang tangguh dan unggul dalam kegiatan belajar mengajar, penelitian dan pelayanan masyarakat. UNSIKA harus dapat menghasilkan manusia-manusia Indonesia yang cerdas, berakhlak dan bermoral tinggi, serta kreatif dan inovatif dalam menghadapi berbagai tantangan hidup.</p>\r\n\r\n<p style=\"text-align: justify;\">Kegiatan Program Penelitian dan Pengabdian Masyarakat merupakan kegiatan penting bagi UNSIKA, penelitian dan pengabdian masyarakat merupakan salah satu komponen dalam Tridarma Perguruan Tinggi. Karena itu, selain mengajar, dosen wajib pula melakukan penelitian baik untuk mengembangkan maupun menerapkan ilmu pengetahuan, teknologi dan seni (ipteks). Maka UNSIKA perlu meningkatkan mutu kegiatan penelitiannya untuk bisa mendukung visi dan misinya tersebut. Kegiatan penelitian dalam suatu perguruan tinggi merupakan salah satu ukuran yang menentukan mutu suatu pendidikan tinggi. UNSIKA harus mengembangkan kegiatan penelitian ilmiah secara lebih produktif, lebih terstruktur dan dengan hasil yang lebih bermutu.</p>\r\n\r\n<p style=\"text-align: justify;\"><strong>Ada tiga jenis penelitian yang dapat dilakukan:</strong></p>\r\n\r\n<p style=\"text-align: justify;\"><strong>1.&nbsp; Penelitian Fundamental</strong></p>\r\n\r\n<p style=\"text-align: justify;\">Penelitian ini ditujukan sebagai salah satu jenis penelitian yang mengarahkan peneliti untuk memperoleh model ilmiah. Model ilmiah ini diharapkan dapat dikembangkan menjadi landasan (dasar) bagi penelitian terapan (aplikatif). Penelitian ini berorientasi pada suatu gejala, kaidah, teori, metode, model atau postulat baru yang menjadi landasan berpikir atau pendukung suatu proses, teknologi, dan lain-lain, dimana ukuran keberhasilannya tidak berupa produk dalam waktu singkat, melainkan berupa model ilmiah yang melandasi penelitian terapan. Jadi penelitian ini diarahkan untuk kepeloporan penemuan dan pengembangan IPTEKS yang mengandung unsur kebaharuan.</p>\r\n\r\n<p style=\"text-align: justify;\"><strong>2.&nbsp; Penelitian Aplikatif-Kreatif</strong></p>\r\n\r\n<p style=\"text-align: justify;\">Penelitian ini memberikan kesempatan kepada peneliti untuk melakukan penelitian yang merupakan penerapan IPTEK dan pengembangan seni budaya, sehingga dapat memicu perkembangan (inovasi) teknologi dan industri, perkembangan seni dan budaya, dan bermanfaat untuk menyelesaikan masalah-masalah publik yang kontekstual. Penelitian ini juga bisa diarahkan untuk menyempurnakan hasil-hasil penelitian sebelumnya untuk disiapkan menjadi produk teknologi yang memiliki nilai komersial.</p>\r\n\r\n<p style=\"text-align: justify;\"><strong>3.&nbsp; Penelitian Pemberdayaan Masyarakat (PPM)</strong></p>\r\n\r\n<p style=\"text-align: justify;\">Penelitian ini diarahkan untuk pemberdayaan masyarakat yang mengarah pada penyejahteraan masyarakat. Hasil penelitian ini dapat berupa peralatan/alat bantu, prototype suatu alat/mesin, software, sistem, atau sarana dan prasarana. Penelitian ini dilakukan sebagai perwujudan kepedulian UNSIKA terhadap masyarakat.</p>\r\n', '2017-10-23', '', 'admin', 0, '06:24:43', 'Senin'),
(25, 'Sarana Olahraga', 'sarana-olahraga', '<p>Sarana yang dimiliki untuk olahraga bagi pegawai, dosen, tenaga pendidikan, dan mahasiswa adalah meliputi :</p>\r\n\r\n<ol>\r\n	<li>Lapangan Bola Basket</li>\r\n	<li>Lapangan Bola Voli</li>\r\n	<li>Panjat Tebing</li>\r\n	<li>Atletik</li>\r\n	<li>Lintasan Lari</li>\r\n	<li>Serta sarana lainnya yang terus dikembangkan</li>\r\n</ol>\r\n', '2017-10-23', '', 'admin', 0, '06:25:28', 'Senin'),
(26, 'Sarana Ibadah', 'sarana-ibadah', '<p>Sarana yang dimiliki untuk Ibadah pegawai, dosen, tenaga pendidikan, dan mahasiswa adalah meliputi :</p>\r\n\r\n<p>1. &nbsp; Mesjid Al Khoir, mesjid utama pada Universitas Singaperbangsa Karawang terdiri atas 2 lantai</p>\r\n\r\n<p>2.&nbsp;&nbsp; Mushalla pada fakultas</p>\r\n\r\n<p>3.&nbsp;&nbsp; Serta sarana lainnya yang terus dikembangkan</p>\r\n', '2017-10-23', '', 'admin', 0, '06:25:55', 'Senin'),
(27, 'Poliklinik', 'poliklinik', '<p>Sarana yang dimiliki untuk konsultasi kesehatan bagi pegawai, dosen, tenaga pendidikan, dan mahasiswa adalah Klinik kesehatan Unsika. Klinik dapat juga memberikan rujukan untuk penyakit yang harus dirujuk ke rumah sakit.</p>\r\n', '2017-10-23', '', 'admin', 0, '06:26:27', 'Senin'),
(28, 'Transportasi', 'transportasi', '<p>Kendaraan yang digunakan sebagai sarana transportasi dalam menunjang kegiatan operasional Universitas Singaperbangsa Karawang adalah :</p>\r\n\r\n<p>1. &nbsp; Bus universitas 2 buah</p>\r\n\r\n<p>2. &nbsp; Mini bus (tiga perempat) 4 buah</p>\r\n\r\n<p>3.&nbsp;&nbsp; Mobil Honda CRV 1 buah</p>\r\n\r\n<p>4. &nbsp;&nbsp;Mobil Nisan Grand Livina 4 buah</p>\r\n\r\n<p>5. &nbsp;&nbsp;Mobil Honda Mobilio 13 buah</p>\r\n\r\n<p>6.&nbsp;&nbsp; Mobil Kijang Kapsul 1 buah</p>\r\n\r\n<p>7. &nbsp; Mobil Bak terbuka 1 buah</p>\r\n\r\n<p>8. &nbsp; Mobil Ambulance &nbsp;1 buah</p>\r\n\r\n<p>9.&nbsp;&nbsp; Becak Motor (cator) untuk logistik 2 buah</p>\r\n\r\n<p>10. Sepeda motor 15 buah</p>\r\n', '2017-10-23', '', 'admin', 0, '06:27:05', 'Senin'),
(29, 'Teknologi Informasi', 'teknologi-informasi', '<p>Mengikuti proses bisnis Universitas Singaperbangsa Karawang, teknologi informasi berperan dalam peningkatan layanan bagi sivitas akademika dan tenaga kependidikan. Layanan didukung dengan perangkat lunak, perangkat keras yang memadai dan akan terus ditingkatkan sesuai dengan peningkatan layanan Universitas. Teknologi informasi mensuport sistem informasi yang dikembangkan untuk memudahkan kebutuhan informasi bagi internal dan eksternal.</p>\r\n\r\n<p>Layanan yang berbasis teknologi informasi adalah :</p>\r\n\r\n<ol>\r\n	<li>Informasi profile kampus berupa website kepada publik</li>\r\n	<li>Informasi akademik bagi sivitas akademika berupa Sistem Informasi Akademik. Informasi hasil studi dan perkuliahan dapat diakses oleh mahasiswa melalui Anjungan Akademik Mandiri dan Web Intranet.</li>\r\n	<li>Layanan pendukung pembelajaran untuk meningkatkan kemandirian dan kreativitas sivitas akademika berupa e-learning Unsika.</li>\r\n	<li>Layanan diskusi bersama seluruh sivitas akademik melalui Forum Unsika.</li>\r\n	<li>Layanan referensi ebook, ejournal, dan artikel lainnya melalui Digital Library Unsika</li>\r\n	<li>Informasi kegiatan Unsika dalam bentuk foto dalam Gallery Unsika</li>\r\n	<li>Akun email unsika.ac.id bagi sivitas akademika dan tenaga kependidikan</li>\r\n	<li>Layanan informasi non akademik yaitu keuangan, pendaftaran mahasiswa baru, penelitian dan pengabdian masyarakat, surat menyurat/pengarsipan, dan lain-lain.</li>\r\n	<li>Serta layanan lainnya yang terus dikembangkan</li>\r\n</ol>\r\n\r\n<p>&nbsp;</p>\r\n\r\n<p>Infrastruktur yang dikembangkan adalah :</p>\r\n\r\n<ol>\r\n	<li>Server Akademik, Server Web, Server Mail</li>\r\n	<li>Kampus Area Network dengan kabel dan tanpa kabel</li>\r\n	<li>Serta infrastruktur lainnya yang terus dikembangkan.</li>\r\n</ol>\r\n', '2017-10-23', '', 'admin', 0, '06:28:04', 'Senin'),
(30, 'Asuransi', 'asuransi', '<p style=\"border: 0px; margin: 0px 0px 1em 18pt; padding: 0px; -webkit-text-stroke-width: 0px; text-align: justify;\"><span style=\"font-size:12px\"><span style=\"font-family:Lora, \'Helvetica Nue\', Arial, Helvetica, sans-serif\"><span style=\"font-style:normal\"><span style=\"font-weight:normal\"><span style=\"outline:0px\"><span style=\"vertical-align:baseline\"><span style=\"color:#333333\"><span style=\"font-variant:normal\"><span style=\"letter-spacing:normal\"><span style=\"line-height:19.2000007629395px\"><span style=\"orphans:auto\"><span style=\"text-transform:none\"><span style=\"white-space:normal\"><span style=\"widows:1\"><span style=\"word-spacing:0px\"><span style=\"background-color:#ffffff\"><span style=\"border:0px; font-size:12px; margin:0px; padding:0px\"><span style=\"font-family:inherit\"><span style=\"font-style:inherit\"><span style=\"font-weight:inherit\"><span style=\"outline:0px\"><span style=\"vertical-align:baseline\"><span style=\"border:0px; font-size:12px; margin:0px; padding:0px\"><span style=\"font-family:arial, helvetica, sans-serif\"><span style=\"font-style:inherit\"><span style=\"font-weight:inherit\"><span style=\"outline:0px\"><span style=\"vertical-align:baseline\">Asuransi yang telah bekerja sama dengan Unsika bagi kepentingan sivitas akademika adalah :</span></span></span></span></span></span></span></span></span></span></span></span></span></span></span></span></span></span></span></span></span></span></span></span></span></span></span></span></p>\r\n\r\n<ol style=\"border:0px; font-family:Lora, \'Helvetica Nue\', Arial, Helvetica, sans-serif; font-size:12px; font-style:normal; font-weight:normal; margin:0px 0px 0px 40px; outline:0px; padding:0px 0px 0px 20px; vertical-align:baseline; color:#333333; font-variant:normal; letter-spacing:normal; line-height:19.2000007629395px; orphans:auto; text-align:start; text-transform:none; white-space:normal; widows:1; word-spacing:0px; -webkit-text-stroke-width:0px; background-color:#ffffff\">\r\n	<li style=\"border: 0px; font-family: inherit; font-size: 12px; font-style: inherit; font-weight: inherit; margin: 0px; outline: 0px; padding: 0px; vertical-align: baseline; text-align: justify;\"><span style=\"border:0px; font-size:12px; margin:0px; padding:0px\"><span style=\"font-family:inherit\"><span style=\"font-style:inherit\"><span style=\"font-weight:inherit\"><span style=\"outline:0px\"><span style=\"vertical-align:baseline\"><span style=\"border:0px; font-size:12px; margin:0px; padding:0px\"><span style=\"font-family:arial, helvetica, sans-serif\"><span style=\"font-style:inherit\"><span style=\"font-weight:inherit\"><span style=\"outline:0px\"><span style=\"vertical-align:baseline\">Asuransi Bumida Bumi Putera</span></span></span></span></span></span></span></span></span></span></span></span></li>\r\n	<li style=\"border: 0px; font-family: inherit; font-size: 12px; font-style: inherit; font-weight: inherit; margin: 0px; outline: 0px; padding: 0px; vertical-align: baseline; text-align: justify;\"><font face=\"arial, helvetica, sans-serif\"><font style=\"border: 0px; font-family: inherit; font-size: 12px; font-style: inherit; font-weight: inherit; margin: 0px; outline: 0px; padding: 0px; vertical-align: baseline;\">BPJS Kesehatan</font></font></li>\r\n</ol>\r\n\r\n<p style=\"border: 0px; margin: 0px 0px 1em 18pt; padding: 0px; -webkit-text-stroke-width: 0px; text-align: justify;\"><span style=\"font-size:12px\"><span style=\"font-family:Lora, \'Helvetica Nue\', Arial, Helvetica, sans-serif\"><span style=\"font-style:normal\"><span style=\"font-weight:normal\"><span style=\"outline:0px\"><span style=\"vertical-align:baseline\"><span style=\"color:#333333\"><span style=\"font-variant:normal\"><span style=\"letter-spacing:normal\"><span style=\"line-height:19.2000007629395px\"><span style=\"orphans:auto\"><span style=\"text-transform:none\"><span style=\"white-space:normal\"><span style=\"widows:1\"><span style=\"word-spacing:0px\"><span style=\"background-color:#ffffff\"><span style=\"border:0px; font-size:12px; margin:0px; padding:0px\"><span style=\"font-family:inherit\"><span style=\"font-style:inherit\"><span style=\"font-weight:inherit\"><span style=\"outline:0px\"><span style=\"vertical-align:baseline\"><span style=\"border:0px; font-size:12px; margin:0px; padding:0px\"><span style=\"font-family:arial, helvetica, sans-serif\"><span style=\"font-style:inherit\"><span style=\"font-weight:inherit\"><span style=\"outline:0px\"><span style=\"vertical-align:baseline\">Ketentuan-ketentuan dalam pengajuan&nbsp;</span></span></span></span></span></span><span style=\"border:0px; font-size:12px; margin:0px; padding:0px\"><span style=\"font-family:arial, helvetica, sans-serif\"><span style=\"font-style:inherit\"><span style=\"font-weight:inherit\"><span style=\"outline:0px\"><span style=\"vertical-align:baseline\">Asuransi Bumida Bumi Putra adalah sebagai berikut</span></span></span></span></span></span>&nbsp;:</span></span></span></span></span></span></span></span></span></span></span></span></span></span></span></span></span></span></span></span></span></span></p>\r\n\r\n<ol style=\"border:0px; font-family:Lora, \'Helvetica Nue\', Arial, Helvetica, sans-serif; font-size:12px; font-style:normal; font-weight:normal; margin:0px 0px 0px 40px; outline:0px; padding:0px 0px 0px 20px; vertical-align:baseline; color:#333333; font-variant:normal; letter-spacing:normal; line-height:19.2000007629395px; orphans:auto; text-align:start; text-transform:none; white-space:normal; widows:1; word-spacing:0px; -webkit-text-stroke-width:0px; background-color:#ffffff\">\r\n	<li style=\"border: 0px; font-family: inherit; font-size: 12px; font-style: inherit; font-weight: inherit; margin: 0px; outline: 0px; padding: 0px; vertical-align: baseline; text-align: justify;\"><span style=\"border:0px; font-size:12px; margin:0px; padding:0px\"><span style=\"font-family:inherit\"><span style=\"font-style:inherit\"><span style=\"font-weight:inherit\"><span style=\"outline:0px\"><span style=\"vertical-align:baseline\"><span style=\"border:0px; font-size:12px; margin:0px; padding:0px\"><span style=\"font-family:arial, helvetica, sans-serif\"><span style=\"font-style:inherit\"><span style=\"font-weight:inherit\"><span style=\"outline:0px\"><span style=\"vertical-align:baseline\">Kecelakaaan yang termasuk dalam pertanggungjawaban asuransi adalah kecelakaan yang terjadi dan dialami oleh seluruh civitas akademika dimanapun dan kapanpun.</span></span></span></span></span></span></span></span></span></span></span></span></li>\r\n	<li style=\"border: 0px; font-family: inherit; font-size: 12px; font-style: inherit; font-weight: inherit; margin: 0px; outline: 0px; padding: 0px; vertical-align: baseline; text-align: justify;\"><span style=\"border:0px; font-size:12px; margin:0px; padding:0px\"><span style=\"font-family:inherit\"><span style=\"font-style:inherit\"><span style=\"font-weight:inherit\"><span style=\"outline:0px\"><span style=\"vertical-align:baseline\"><span style=\"border:0px; font-size:12px; margin:0px; padding:0px\"><span style=\"font-family:arial, helvetica, sans-serif\"><span style=\"font-style:inherit\"><span style=\"font-weight:inherit\"><span style=\"outline:0px\"><span style=\"vertical-align:baseline\">Jaminan pertanggungan akibat kecelakaan yang diderita oleh mahasiswa/i, dosen dan karyawan, berlaku bagi yang telah memiliki kartu asuransi.</span></span></span></span></span></span></span></span></span></span></span></span></li>\r\n	<li style=\"border: 0px; font-family: inherit; font-size: 12px; font-style: inherit; font-weight: inherit; margin: 0px; outline: 0px; padding: 0px; vertical-align: baseline; text-align: justify;\"><span style=\"border:0px; font-size:12px; margin:0px; padding:0px\"><span style=\"font-family:inherit\"><span style=\"font-style:inherit\"><span style=\"font-weight:inherit\"><span style=\"outline:0px\"><span style=\"vertical-align:baseline\"><span style=\"border:0px; font-size:12px; margin:0px; padding:0px\"><span style=\"font-family:arial, helvetica, sans-serif\"><span style=\"font-style:inherit\"><span style=\"font-weight:inherit\"><span style=\"outline:0px\"><span style=\"vertical-align:baseline\">Dalam hal terjadi kecelakaan, agar sesegera mungkin melaporkan ke&nbsp;</span></span></span></span></span></span><span style=\"border:0px; font-size:12px; margin:0px; padding:0px\"><span style=\"font-family:arial, helvetica, sans-serif\"><span style=\"font-style:inherit\"><span style=\"font-weight:inherit\"><span style=\"outline:0px\"><span style=\"vertical-align:baseline\">Bagian Kemahasiswaan, Alumni dan Kerjasama Unsika di Gedung Rektorat</span></span></span></span></span></span><span style=\"border:0px; font-size:12px; margin:0px; padding:0px\"><span style=\"font-family:arial, helvetica, sans-serif\"><span style=\"font-style:inherit\"><span style=\"font-weight:inherit\"><span style=\"outline:0px\"><span style=\"vertical-align:baseline\">.</span></span></span></span></span></span></span></span></span></span></span></span></li>\r\n	<li style=\"border: 0px; font-family: inherit; font-size: 12px; font-style: inherit; font-weight: inherit; margin: 0px; outline: 0px; padding: 0px; vertical-align: baseline; text-align: justify;\"><span style=\"border:0px; font-size:12px; margin:0px; padding:0px\"><span style=\"font-family:inherit\"><span style=\"font-style:inherit\"><span style=\"font-weight:inherit\"><span style=\"outline:0px\"><span style=\"vertical-align:baseline\"><span style=\"border:0px; font-size:12px; margin:0px; padding:0px\"><span style=\"font-family:arial, helvetica, sans-serif\"><span style=\"font-style:inherit\"><span style=\"font-weight:inherit\"><span style=\"outline:0px\"><span style=\"vertical-align:baseline\">Pengajuan uang santunan (bagi korban/tertanggung) agar melampirkan kuitansi asli atau fotocopy kuitansi yang telah dilegalisir oleh penanggung jawab perawatan baik dari dokter / rumah sakit / puskesmas yang merawat.</span></span></span></span></span></span></span></span></span></span></span></span></li>\r\n	<li style=\"border: 0px; font-family: inherit; font-size: 12px; font-style: inherit; font-weight: inherit; margin: 0px; outline: 0px; padding: 0px; vertical-align: baseline; text-align: justify;\"><span style=\"border:0px; font-size:12px; margin:0px; padding:0px\"><span style=\"font-family:inherit\"><span style=\"font-style:inherit\"><span style=\"font-weight:inherit\"><span style=\"outline:0px\"><span style=\"vertical-align:baseline\"><span style=\"border:0px; font-size:12px; margin:0px; padding:0px\"><span style=\"font-family:arial, helvetica, sans-serif\"><span style=\"font-style:inherit\"><span style=\"font-weight:inherit\"><span style=\"outline:0px\"><span style=\"vertical-align:baseline\">Perawatan atau pengobatan non medis tidak mendapat penggantian.</span></span></span></span></span></span></span></span></span></span></span></span></li>\r\n	<li style=\"border: 0px; font-family: inherit; font-size: 12px; font-style: inherit; font-weight: inherit; margin: 0px; outline: 0px; padding: 0px; vertical-align: baseline; text-align: justify;\"><span style=\"border:0px; font-size:12px; margin:0px; padding:0px\"><span style=\"font-family:inherit\"><span style=\"font-style:inherit\"><span style=\"font-weight:inherit\"><span style=\"outline:0px\"><span style=\"vertical-align:baseline\"><span style=\"border:0px; font-size:12px; margin:0px; padding:0px\"><span style=\"font-family:arial, helvetica, sans-serif\"><span style=\"font-style:inherit\"><span style=\"font-weight:inherit\"><span style=\"outline:0px\"><span style=\"vertical-align:baseline\">Hal-hal yang belum tercantum dalam pemberitahuan ini dapat ditanyakan langsung ke Bagian Kemahasiswaan, Alumni dan Kerjasama di Gedung Rektorat.</span></span></span></span></span></span></span></span></span></span></span></span></li>\r\n</ol>\r\n\r\n<p style=\"border: 0px; margin: 0px 0px 1em 18pt; padding: 0px; -webkit-text-stroke-width: 0px; text-align: justify;\"><span style=\"font-size:12px\"><span style=\"font-family:Lora, \'Helvetica Nue\', Arial, Helvetica, sans-serif\"><span style=\"font-style:normal\"><span style=\"font-weight:normal\"><span style=\"outline:0px\"><span style=\"vertical-align:baseline\"><span style=\"color:#333333\"><span style=\"font-variant:normal\"><span style=\"letter-spacing:normal\"><span style=\"line-height:19.2000007629395px\"><span style=\"orphans:auto\"><span style=\"text-transform:none\"><span style=\"white-space:normal\"><span style=\"widows:1\"><span style=\"word-spacing:0px\"><span style=\"background-color:#ffffff\"><span style=\"border:0px; font-size:12px; margin:0px; padding:0px\"><span style=\"font-family:inherit\"><span style=\"font-style:inherit\"><span style=\"font-weight:inherit\"><span style=\"outline:0px\"><span style=\"vertical-align:baseline\"><span style=\"border:0px; font-size:12px; margin:0px; padding:0px\"><span style=\"font-family:arial, helvetica, sans-serif\"><span style=\"font-style:inherit\"><span style=\"font-weight:inherit\"><span style=\"outline:0px\"><span style=\"vertical-align:baseline\">Untuk mahasiswa, karyawan dan dosen yang ingin mengajukan klaim Asuransi Bumida Bumi Putra agar mengikuti alir pengajuan klaim asuransi sebagai berikut</span></span></span></span></span></span>&nbsp;:</span></span></span></span></span></span></span></span></span></span></span></span></span></span></span></span></span></span></span></span></span></span></p>\r\n\r\n<ol style=\"border:0px; font-family:Lora, \'Helvetica Nue\', Arial, Helvetica, sans-serif; font-size:12px; font-style:normal; font-weight:normal; margin:0px; outline:0px; padding:0px 0px 0px 20px; vertical-align:baseline; color:#333333; font-variant:normal; letter-spacing:normal; line-height:19.2000007629395px; orphans:auto; text-align:start; text-transform:none; white-space:normal; widows:1; word-spacing:0px; -webkit-text-stroke-width:0px; background-color:#ffffff\">\r\n	<li style=\"border: 0px; font-family: inherit; font-size: 12px; font-style: inherit; font-weight: inherit; margin: 0px 0px 0px 40px; outline: 0px; padding: 0px; vertical-align: baseline; text-align: justify;\"><span style=\"border:0px; font-size:12px; margin:0px; padding:0px\"><span style=\"font-family:inherit\"><span style=\"font-style:inherit\"><span style=\"font-weight:inherit\"><span style=\"outline:0px\"><span style=\"vertical-align:baseline\"><span style=\"border:0px; font-size:12px; margin:0px; padding:0px\"><span style=\"font-family:arial, helvetica, sans-serif\"><span style=\"font-style:inherit\"><span style=\"font-weight:inherit\"><span style=\"outline:0px\"><span style=\"vertical-align:baseline\">Mengajukan permohonan ke Bagian Kemahasiswaan, Alumni dan Kerjasama Unsika di Gedung Rektorat.</span></span></span></span></span></span></span></span></span></span></span></span></li>\r\n	<li style=\"border: 0px; font-family: inherit; font-size: 12px; font-style: inherit; font-weight: inherit; margin: 0px 0px 0px 40px; outline: 0px; padding: 0px; vertical-align: baseline; text-align: justify;\"><span style=\"border:0px; font-size:12px; margin:0px; padding:0px\"><span style=\"font-family:inherit\"><span style=\"font-style:inherit\"><span style=\"font-weight:inherit\"><span style=\"outline:0px\"><span style=\"vertical-align:baseline\"><span style=\"border:0px; font-size:12px; margin:0px; padding:0px\"><span style=\"font-family:arial, helvetica, sans-serif\"><span style=\"font-style:inherit\"><span style=\"font-weight:inherit\"><span style=\"outline:0px\"><span style=\"vertical-align:baseline\">Mengisi formulir klaim asuransi (ditandatangan oleh tertanggung/Pelapor) dan Surat Keterangan Dokter (ditandangani oleh Dokter yang merawat tertanggung)</span></span></span></span></span></span></span></span></span></span></span></span></li>\r\n	<li style=\"border: 0px; font-family: inherit; font-size: 12px; font-style: inherit; font-weight: inherit; margin: 0px 0px 0px 40px; outline: 0px; padding: 0px; vertical-align: baseline; text-align: justify;\"><span style=\"border:0px; font-size:12px; margin:0px; padding:0px\"><span style=\"font-family:inherit\"><span style=\"font-style:inherit\"><span style=\"font-weight:inherit\"><span style=\"outline:0px\"><span style=\"vertical-align:baseline\"><span style=\"border:0px; font-size:12px; margin:0px; padding:0px\"><span style=\"font-family:arial, helvetica, sans-serif\"><span style=\"font-style:inherit\"><span style=\"font-weight:inherit\"><span style=\"outline:0px\"><span style=\"vertical-align:baseline\">Melampirkan bukti-bukti kuitansi dari&nbsp;</span></span></span></span></span></span><span style=\"border:0px; font-size:12px; margin:0px; padding:0px\"><span style=\"font-family:arial, helvetica, sans-serif\"><span style=\"font-style:inherit\"><span style=\"font-weight:inherit\"><span style=\"outline:0px\"><span style=\"vertical-align:baseline\">dokter / rumah sakit / puskesmas yang merawat.</span></span></span></span></span></span></span></span></span></span></span></span></li>\r\n</ol>\r\n', '2017-10-23', '', 'admin', 0, '06:28:42', 'Senin'),
(31, 'Hotspot', 'hotspot', '<p>Universitas Singaperbangsa Karawang menyediakan layanan hotspot secara gratis bagi seluruh Mahasiswa-mahasiswi aktif</p>\r\n', '2017-10-23', '', 'admin', 0, '06:29:14', 'Senin'),
(32, 'Sejarah Laboratorium Komputer UNSIKA', 'sejarah-laboratorium-komputer-unsika', '<p style=\"text-align: justify;\">Laboratorium komputer UNSIKA pada tahun 2008 awalnya didirikan untuk memfasilitasi praktikum mahasiswa fakultas ilmu komputer, yang pada saat itu hanya ada 17 komputer (untuk praktikum), 2 server dan 1 komputer untuk kepala laboratorium. Jumlah komputer pada saat itu ada 20 unit. Laboratorium komputer UNSIKA pada saat itu dikepalai Oleh Ade Andri Hendriadi S.Si, M.Kom dengan wakil Aries Suharso S.Si dan dengan 6 orang asisten laboratorium yaitu Arip Solehudin, Nono heryana, Dyta Kameswara, Muhammad Manshur, Rini Mayasari dan Dedi Irawan .</p>\r\n\r\n<p style=\"text-align: justify;\">Pada tahun ke dua yaitu tahun 2009 ruang laboratorium komputer bertambah 1 dengan jumla komputer 37 unit dan jumlah keseluruhan ( Labkomp1 dan Labkomp2) yaitu 57 unit. Pada tahun 2012 saat ini jumlah komputer menjadi 63 unit yang dikepalai oleh Aries Suharso S.Si dengan jumlah asisten 7 orang yaitu : Arip Solehudin, Nono Heryana, Indra Safii, Saman, Ahmad Husaeri, Carudin, dan Ade Tamin.</p>\r\n\r\n<p style=\"text-align: justify;\">Penggunaan laboratorium komputer UNSIKA pada saat ini (tahun 2012) bukan untuk memfasilitasi mahasiswa fasilkom saja tetapi memfasilitasi praktikum dari fakultas lain seperti FKIP (Fakultas Keguruan dan Ilmu Pendidikan), Faperta (Fakultas Pertanian), FH (Fakultas Hukum), Fisip (Fakultas Ilmu Sosial dan Politik) dan Prodi Kebidanan (Program Studi Kebidanan).</p>\r\n', '2017-10-23', '', 'admin', 0, '06:30:40', 'Senin'),
(33, 'Moto, Visi dan Misi Labkomp UNSIKA', 'moto-visi-dan-misi-labkomp-unsika', '<p style=\"text-align: center;\"><img alt=\"\" src=\"/portal/asset/kcfinder/upload/files/LOGO%20RESMI%20LABKOMP.png\" style=\"width: 161px; height: 167px;\" /></p>\r\n\r\n<p style=\"text-align: justify;\">&nbsp;</p>\r\n\r\n<p style=\"text-align: center;\"><strong>Motto Laboratorium Komputer Unsika :</strong></p>\r\n\r\n<p style=\"text-align: center;\"><strong><em>&ldquo; Improve And Share The Knowledge &ldquo;</em></strong></p>\r\n\r\n<p style=\"text-align: center;\">(Meningkatkan dan Berbagi Pengetahuan)</p>\r\n\r\n<p style=\"text-align: center;\">&nbsp;</p>\r\n\r\n<p style=\"text-align: center;\"><strong>Visi Laboratorium Komputer Fasilkom Unsika :</strong></p>\r\n\r\n<p style=\"text-align: center;\"><strong><em>&rdquo;Menjadi Laboratorium Komputer yang Unggul dalam Pengembangan Ilmu Pengetahuan di Bidang Informatika dan Komputasi,&nbsp;&nbsp;</em></strong><br />\r\n<strong><em>serta Menjadi Unit Pendukung Kegiatan yang Handal bagi Unit Kerja Lain di Lingkungan Unsika&rdquo;</em></strong></p>\r\n\r\n<p style=\"text-align: justify;\">&nbsp;</p>\r\n\r\n<p style=\"text-align: justify;\"><strong>Misi Laboratorium Komputer Fasilkom Unsika :</strong></p>\r\n\r\n<ol>\r\n	<li style=\"text-align: justify;\"><strong>Mendukung kegiatan Tri Darma di Program Studi Teknik Informatika Fasilkom Unsika</strong><br />\r\n	Mengembangkan ilmu pengetahuan dan teknologi di bidang informatika dan komputer dengan mengedepankan moral dan etika serta didukung oleh pengembangan sumberdaya yang berkelanjutan.</li>\r\n	<li style=\"text-align: justify;\" value=\"2\"><strong>Meningkatkan kontribusi dan kerja sama dengan berbagai pihak melalui pengembangan produk hasil inovasi dan kreasi bidang informatika dan komputer di tingkat nasional maupun internasional.</strong></li>\r\n</ol>\r\n', '2017-10-23', '', 'admin', 1, '06:33:13', ''),
(34, 'Tujuan Laboratorium Komputer UNSIKA', 'tujuan-laboratorium-komputer-unsika', '<blockquote>\r\n<ol>\r\n	<li>Membekali lulusan dengan kemampuan kompetitif di bidang ilmu komputer, sesuai dengan kebutuhan tantangan diera globalisasi;</li>\r\n	<li>Menyiapkan fasilitas komputer secara handal yang dapat digunakan oleh unit kerja lain di lingkungan Unsika;</li>\r\n	<li>Menjadi pusat riset yang berhubungan dengan ilmu komputer di lingkungan Unsika;</li>\r\n</ol>\r\n</blockquote>\r\n', '2017-10-23', '', 'admin', 1, '06:34:15', 'Senin'),
(35, 'Struktur Organisasi Laboratorium Komputer UNSIKA', 'struktur-organisasi-laboratorium-komputer-unsika', '<p style=\"text-align:center\"><img alt=\"\" src=\"/portal/asset/kcfinder/upload/files/struktur%20lab.jpg\" style=\"width: 100%\" /></p>\r\n', '2017-10-23', '', 'admin', 1, '06:37:00', 'Senin');
INSERT INTO `halamanstatis` (`id_halaman`, `judul`, `judul_seo`, `isi_halaman`, `tgl_posting`, `gambar`, `username`, `dibaca`, `jam`, `hari`) VALUES
(36, 'Tata Tertib Peserta Praktikum Komputer', 'tata-tertib-peserta-praktikum-komputer', '<ol>\r\n	<li style=\"text-align: justify;\">Mahasiswa peserta praktikum berpakaian sopan dan pantas, dan tidak diperkenankan memakai alas kaki ke dalam ruang praktikum,</li>\r\n	<li style=\"text-align: justify;\">Sebelum kegiatan praktikum dimulai mahasiswa diharapkan untuk mempersiapkan diri terlebih dahulu perihal materi perkuliahan yang akan dibahas.</li>\r\n	<li style=\"text-align: justify;\">Mahasiswa dilarang untuk memasuki ruangan sebelum dijinkan oleh dosen / instruktur / asisten / staff / kepala laboratorium komputer.</li>\r\n	<li style=\"text-align: justify;\">Mahasiswa masing-masing menempati komputer yang telah disediakan</li>\r\n	<li style=\"text-align: justify;\">Mahasiswa menyiapkan buku modul praktek yang telah dibagikan</li>\r\n	<li style=\"text-align: justify;\">Mahasiswa mengerjakan materi dan tugas praktikum sesuai modul praktek&nbsp;</li>\r\n	<li style=\"text-align: justify;\">Mahasiswa dilarang berbicara, bercakap-cakap apabila tidak diperintahkan oleh Dosen / Instruktur Laboratorium Komputer baik sebelum maupun selama kegiatan berlangsung,</li>\r\n	<li style=\"text-align: justify;\">Mahasiswa mengisi absensi kehadiran praktikum yang telah disediakan (maksimal 10 kali pertemuan)</li>\r\n	<li style=\"text-align: justify;\">Selama kegiatan perkuliahan berlangsung mahasiswa diwajibkan untuk menjaga ketertiban di dalam ruangan laboratorium komputer, mahasiswa mematikan komputer&nbsp; setelah selesai kegiatan perkuliahan lab.</li>\r\n	<li style=\"text-align: justify;\">Mahasiswa peserta praktikum dilarang main game, arogan, merokok, makan atau minum di dalam ruangan laboratorium komputer, mahasiswa yang main game, arogan, makan, atau minum akan langsung dikeluarkan dari laboratorium komputer.</li>\r\n	<li style=\"text-align: justify;\">Mahasiswa dilarang mengoperasikan (menggunakan, memindahkan peralatan laboratorium), sebelum mendapat izin dari dosen / instruktur / asisten / staff / kepala laboratorium komputer.</li>\r\n	<li style=\"text-align: justify;\">Apabila mahasiswa tidak mengerti cara mengoperasikan alat yang tersedia, agar menanyakan kepada Dosen / Instruktur / Asisten / Staff Laboratorium Komputer.</li>\r\n	<li style=\"text-align: justify;\">Mahasiswa tidak mengganggu kegiatan belajar-mengajar. (Seperti : mengobrol, atau menggunakan Telepon Seluler), keluar dan masuk Laboratoirum Komputer tanpa meminta ijin terlebih dahulu kepada dosen yang bersangkutan.</li>\r\n	<li style=\"text-align: justify;\">Apabila kegiatan Laboratorium sudah selesai, mahasiswa diharuskan untuk mengembalikan semua peralatan pada posisi semula,</li>\r\n	<li style=\"text-align: justify;\">Apabila terjadi kerusakan peralatan, agar mahasiswa segera melaporkan kepada Dosen / Instruktur / Asisten / Staff / Kepala Laboratorium Komputer, adapun jika kerusakan disebabkan oleh kelalaian mahasiswa maka yang bersangkutan diharuskan mengganti kerusakan tersebut,</li>\r\n	<li style=\"text-align: justify;\">Apabila mahasiswa tidak mengikuti ketentuan diatas maka akan dikenakan sanksi baik administrasi maupun akademik.</li>\r\n</ol>\r\n', '2017-10-23', '', 'admin', 1, '06:38:01', 'Senin'),
(37, 'Diagram Alir Layanan Labkomp UNSIKA', 'diagram-alir-layanan-labkomp-unsika', '<p style=\"text-align: center;\"><img alt=\"\" src=\"/portal/asset/kcfinder/upload/files/diagram%20alir%20labkomp.jpg\" style=\"width: 100%\" /></p>\r\n\r\n<p style=\"text-align: justify;\">&nbsp;</p>\r\n', '2017-10-23', '', 'admin', 1, '06:39:46', 'Senin'),
(38, 'Jadwal Praktikum Labkomp UNSIKA', 'jadwal-praktikum-labkomp-unsika', '<p style=\"text-align: center;\"><img alt=\"\" src=\"/portal/asset/kcfinder/upload/files/JADWAL.jpg\" style=\"width: 100%\" /></p>\r\n\r\n<p style=\"text-align: justify;\">&nbsp;</p>\r\n', '2017-10-23', '', 'admin', 1, '06:41:38', 'Senin'),
(39, 'Badan Penjaminan Mutu', 'badan-penjaminan-mutu', '<h1>Pengantar</h1>\r\n\r\n<p>Penjaminan Mutu&nbsp;<em>(Quality Assurance)</em>&nbsp;adalah keseluruhan aktivitas dalam berbagai bagian dari sistem untuk memastikan bahwa mutu layanan yang diberikan atau produk atau layanan yang dihasilkan selalu konsisten sesuai dengan yang direncanakan/dijanjikan. Dalam penjaminan mutu terkandung proses penetapan dan pemenuhan standar mutu pengelolaan pendidikan secara konsisten dan berkelanjutan, sehingga seluruh pihak yang berkepentingan memperoleh kepuasan.</p>\r\n\r\n<p>Sistem Penjaminan Mutu Unsika adalah penjaminan mutu yang terdiri dari bagian-bagian yang saling terkait. Bagian-bagian tersebut adalah: organisasi, dokumentasi dan siklus implementasi. Secara umum tugas penjaminan mutu Unsika&nbsp; adalah mengawal agar standar mutu (butir-butir mutu) yang ditetapkan dapat dirumuskan dengan benar, dilaksanakan secara tertib, dan dievaluasi secara berkala untuk peningkatan standar mutu Unsika secara berkelanjutan.</p>\r\n\r\n<p>Organisasi penjaminan mutu terdiri atas :</p>\r\n\r\n<ol>\r\n	<li>Badan Penjaminan Mutu (BPM) pada tingkat Universitas pada fungsi manajemen mutu terpadu.</li>\r\n	<li>BPM Unsika dipimpin oleh seorang Ketua dan dua orang kepala pusat, yakni Kepala Pusat Penjaminan Mutu dan Kepala Pusat Audit Mutu</li>\r\n	<li>Gugus Jaminan Mutu (GJM) pada tingkat Fakultas atau lembaga berada pada fungsi jaminan mutu.</li>\r\n	<li>Gugus Kendali Mutu (GKM) pada tingkat Program Studi atau unit kerja yang berfungsi untuk pengendalian mutu</li>\r\n</ol>\r\n\r\n<p>&nbsp;</p>\r\n\r\n<p><strong>A.&nbsp;&nbsp; Visi BPM</strong></p>\r\n\r\n<p>Menjadikan Unsika sebagai Perguruan Tinggi berkualitas yang mampu bersaing di tingkat nasional tahun 2020</p>\r\n\r\n<p><strong>B.&nbsp;&nbsp; Misi</strong></p>\r\n\r\n<ol>\r\n	<li>Melakukan standarisasi untuk setiap unit kerja</li>\r\n	<li>Melakukan monitoring, bimbingan, audit internal dan evaluasi.</li>\r\n	<li>Melakukan&nbsp;<em>benchmarking</em>&nbsp;untuk menentukan standar baru.</li>\r\n</ol>\r\n\r\n<p><strong>C.&nbsp;&nbsp; Tujuan</strong></p>\r\n\r\n<ol>\r\n	<li>Membantu pencapaian visi dan misi Unsika melalui penjaminan mutu proses dan produk akademik Unsika.</li>\r\n	<li>Menjamin kepatuhan terhadap kebijakan akademik, standar akademik, peraturan akademik serta manual mutu akademik.</li>\r\n	<li>Menjamin kepastian bahwa lulusan memiliki kompetensi sesuai dengan yang ditetapkan di setiap program studi.</li>\r\n	<li>Menjamin kepastian bahwa setiap mahasiswa memiliki pengalaman belajar sesuai dengan spesifikasi program studi.</li>\r\n	<li>Menjamin relevansi program pendidikan, penelitian, dan pengabdian kepada masyarakat dengan tuntutan<em>stakeholder</em>.</li>\r\n</ol>\r\n\r\n<h1>Audit Mutu Internal</h1>\r\n\r\n<p>Audit Internal Mutu (AMI) adalah kegiatan monitoring dan evaluasi sistem penjaminan mutu internal dan implementasinya. Monitor dan evaluasi terdiri dari audit, asesmen dan evaluasi yang dilakukan secara berkala untuk mengetahui kesesuaian antara pelaksanaan dengan perencanaan dan untuk mengetahui penyebab-penyebab ketidaksesuaian pelaksanaan dengan perencanaan.</p>\r\n\r\n<p>Audit Mutu Internal dilakukan oleh auditor yang terlatih dan dikelola oleh Komisi Audit (KA) terpusat pada tingkat Universitas di bawah Badan Penjaminan Mutu. Tim AMI terdiri dari beberapa orang auditor untuk melaksanakan tugas audit sebuah unit atau program studi pada rentang waktu tertentu. Untuk mewujudkan obyektivitas, audit unit atau program studi/bagian tidak dilakukan oleh auditor yang berasal dari unit/program studi yang sama dengan asal auditor, melainkan akan dilakukan secara silang oleh auditor yang berasal dari latar belakang akademis yang agak bersamaan tetapi berasal dari program studi yang berbeda.</p>\r\n\r\n<p>Pelaksanaan Penjaminan Mutu :</p>\r\n\r\n<p style=\"text-align:center\"><img alt=\"\" src=\"/portal/asset/kcfinder/upload/files/audit.jpg\" style=\"width: 100%\" /></p>\r\n\r\n<p>&nbsp;</p>\r\n', '2017-10-23', '', 'admin', 1, '06:46:27', 'Senin'),
(40, 'Pengantar Perpustakaan', 'pengantar-perpustakaan', '<p style=\"text-align: justify;\">Perpustakaan</p>\r\n\r\n<p style=\"text-align: justify;\">Perpustakaan merupakan unsur penunjang (UPT) yang melayani ketersediaan pustaka untuk referensi kegiatan akademik. Perpustakaan menyediakan sumber pustaka bagi semua program studi yang ada di Universitas Singaperbangsa Karawang. Koleksi buku yang ada pada perpustakaan terus ditingkatkan jumlahnya sesuai dengan masukan dan kebutuhan referensi dari program studi. Sumber pustaka yang tersedia dalam beberapa bentuk yiatu :<br />\r\n1.&nbsp; Cetak berupa : buku, hasil karya penelitian dosen, majalah ilmiah, jurnal program studi, dan sumber bacaan lainnya.<br />\r\n2.&nbsp; Elektronik berupa : buku elektronik, hasil karya penelitian dan pengabdian, jurnal nasional dan internasional, serta sumber bacaan lainnya. Jurnal nasional disediakan link ke portal garuda, dan jurnal internasional disediakan link ke Ebsco, Proquest, atau melalui link Perpustakaan Nasional Republik Indonesia yang lebih lengkap sumber link ke jurnal internasionalnya.</p>\r\n\r\n<p style=\"text-align: justify;\">Selain perpustakaan pada tingkat universitas, tersedia pula koleksi pustaka pada tingkat fakultas. Ruang perpustakaan pada tingkat fakultas disebut dengan ruang referensi. Ruang referensi menyediakan sumber pustaka yang lebih fokus pada bidang ilmu dengan materi sesuai dengan matakuliah yang ada pada kurikulum. Referensi tersedia dalam bentuk cetak dan elektronik.</p>\r\n', '2017-10-23', '', 'admin', 0, '06:49:46', 'Senin'),
(41, 'Jurnal Nasional', 'jurnal-nasional', '<p style=\"text-align: center;\"><img alt=\"\" src=\"/portal/asset/kcfinder/upload/files/LOGO_GARUDA.gif\" style=\"width: 100%\" /></p>\r\n\r\n<ol>\r\n	<li style=\"text-align: justify;\">&nbsp;Garuda</li>\r\n</ol>\r\n\r\n<p style=\"text-align: justify;\">Garuda (Garba Rujukan Digital) adalah portal penemuan referensi ilmiah dan umum karya bangsa Indonesia, yang memungkinkan akses e-journal dan e-book domestik, tugas akhir mahasiswa, laporan penelitian, serta karya umum. Portal ini dikembangkan oleh Direktorat Penelitian dan Pengabdian pada Masyarakat Dikti - Kemdiknas RI.&nbsp;</p>\r\n\r\n<p style=\"text-align: justify;\">&nbsp;</p>\r\n\r\n<p style=\"text-align: center;\"><img alt=\"\" src=\"/portal/asset/kcfinder/upload/files/perpustakaan.jpg\" style=\"width: 100%\" /></p>\r\n\r\n<ol start=\"2\">\r\n	<li style=\"text-align: justify;\">Perpustakaan Nasional Republik Indonesia</li>\r\n</ol>\r\n\r\n<p style=\"text-align: justify;\">Jadilah anggota dan dapatkan akses ke bahan perpustakaan sumber elektronis dari Proquest, ALA Publishing, Gale - Cengage Learning, @My Library, Sage, Ulrichs - Periodicals Directory, EBSCO Host, Westlaw, ISEAS &amp; IGI Global.</p>\r\n\r\n<p style=\"text-align: justify;\">caranya:&nbsp;</p>\r\n\r\n<ol start=\"1\">\r\n	<li style=\"text-align: justify;\">Mendaftar menjadi member pnri</li>\r\n</ol>\r\n\r\n<p style=\"text-align: justify;\"><a href=\"http://keanggotaan.pnri.go.id/\" target=\"_blank\">klik disini untuk mendaftar</a></p>\r\n\r\n<ol start=\"2\">\r\n	<li style=\"text-align: justify;\">Registrasi e-Resource, isi identitas dan nomor member pnri online-nya</li>\r\n</ol>\r\n\r\n<p style=\"text-align: justify;\"><a href=\"http://e-resources.pnri.go.id/index.php?option=com_user&amp;task=register\" target=\"_blank\">klik disini untuk registrasi e-Resource</a></p>\r\n', '2017-10-23', '', 'admin', 1, '06:53:18', 'Senin'),
(42, 'Jurnal Internasional', 'jurnal-internasional', '<p style=\"text-align: center;\"><img alt=\"\" src=\"/portal/asset/kcfinder/upload/files/ieee_logo.gif\" style=\"width: 130px; height: 73px;\" /></p>\r\n\r\n<blockquote>\r\n<p style=\"text-align: justify;\">IEEE is the world&#39;s largest professional association dedicated to advancing technological innovation and excellence for the benefit of humanity. IEEE and its members inspire a global community through IEEE&#39;s highly cited publications, conferences, technology standards, and professional and educational activities.&nbsp;IEEE, pronounced &quot;Eye-triple-E,&quot; stands for the Institute of Electrical and Electronics Engineers.</p>\r\n</blockquote>\r\n', '2017-10-23', '', 'admin', 1, '06:54:53', 'Senin');

-- --------------------------------------------------------

--
-- Struktur dari tabel `hubungi`
--

CREATE TABLE `hubungi` (
  `id_hubungi` int(5) NOT NULL,
  `nama` varchar(50) COLLATE latin1_general_ci NOT NULL,
  `email` varchar(100) COLLATE latin1_general_ci NOT NULL,
  `subjek` varchar(100) COLLATE latin1_general_ci NOT NULL,
  `pesan` text COLLATE latin1_general_ci NOT NULL,
  `tanggal` date NOT NULL,
  `jam` time NOT NULL,
  `dibaca` enum('Y','N') COLLATE latin1_general_ci NOT NULL DEFAULT 'N'
) ENGINE=MyISAM DEFAULT CHARSET=latin1 COLLATE=latin1_general_ci;

--
-- Dumping data untuk tabel `hubungi`
--

INSERT INTO `hubungi` (`id_hubungi`, `nama`, `email`, `subjek`, `pesan`, `tanggal`, `jam`, `dibaca`) VALUES
(34, 'Landung Trilaksono', 'landungtrilaksono@gmail.com', 'Nomer kontak jurusan akuntansi', 'Maaf saya mau hubungi jurusan akuntansi di nomer berapa ya? Terima kasih', '2013-10-16', '00:00:00', 'Y'),
(35, 'yusri renor', 'aciafifah@gmail.com', 'pertanyaan', 'bagaimana cara mengunduh nomor ujian fak. pertanian', '2014-01-19', '00:00:00', 'Y'),
(38, 'Admin Lokomedia', 'dankrez48@gmail.com', 'Saya ingin Mengirimkan Pesan', 'Ini adalah Pesan rahasia dari saya, tolong untuk tidak di sebar luaskan,..', '2014-11-04', '00:00:00', 'Y'),
(44, 'Udin Sedunia', 'udin.sedunia@gmail.com', 'Tanyo ciek daa', 'Testing Kirimkan Pesan', '2015-02-08', '00:00:00', 'Y'),
(46, 'ayu permata sari', 'ayuprmata819@gmail.com', 'info penerimaan mahasiswa baru', 'admin saya mau tanya mengenai pendaftaran mahasiswa baru untuk tahun 2015-2016 kapan ya dibukanya, saya lulusan d3 dan mau nyambung kuliah s1 manajemen, mohon dibantu infonya ya admin mengenai kapan pembukaan pendaftarannya, beserta detail biaya kuliah nya..\r\n\r\ndemikian,\r\natas bantuannya saya ucapkan terima kasih. ', '2015-04-14', '00:00:00', 'Y'),
(49, 'sri reski', 'reski_sri@ymail.com', 'beasiswa bidikmisi', 'bagaimana cara pendaftaran bagi calon mahasiswa unidha yang bidikmisi?\r\napa ada syarat khusus?', '2015-06-30', '00:00:00', 'Y'),
(50, 'rahmad hidayat', 'rahmad_hidayat1907@yahoo.com', 'uang pendaftran', 'admin saya mau tanya...??\r\nakreditas kampus ny apaan ya ?\r\ndan jurusan yang akreditas ny C apaan saja,kalau bisa saya minta brosur pembayaran kuliah ny\r\n\r\nmakasi admin', '2015-07-06', '00:00:00', 'Y'),
(51, 'DENI GUSTI ROZA', 'deni.gustiroza@gmail.com', 'uang kuliah mahasiswa baru', 'assalamualaikum...... bapak..ibu.. \r\nadik saya sudah 1 tahun nganggur dan sekarang kerja di sebuah minimarket sebagai kasir, dia jurusan akuntasi, dan dia ingin melanjutkan kuliahnya sebagai seorang akuntan, tolong pertimbangkan hal tersebut. yang saya tanyakan, akankah univ dharma andalas menerima adik saya??? dan berapa uang kuliahnya?? adakah uang kuliah tunggal?', '2015-07-09', '00:00:00', 'Y'),
(52, 'cica selfia jalmi', 'cicaselfia@yahoo.co.id', 'pendaftaran mahasiswa baru', 'gimana cara pendaftarannya dan apa website pendaftarannya?????\r\nterima kasih', '2015-07-21', '00:00:00', 'Y'),
(53, 'fitri yeni', 'fitriyeni534@yahoo.co.id', 'mau bertanya', 'assalamuaikum,wr,wb\r\n1.apa akreditas kampus?\r\n2.berapa bayar uang daftar ulang?\r\n3.berapa uang kuliah 1 semester jurusan manajemen s1?\r\n', '2015-07-25', '00:00:00', 'Y'),
(56, 'Meri Wahyuni Utami', 'meriwutami@gmail.com', 'biaya pendaftaran ulang jalur tes tulis', 'mau tanya ,berapa biaya pendaftran ulang jalur tes tulis sama biaya uang semester nya?', '2015-07-27', '00:00:00', 'Y'),
(57, 'reri farianto', 'farianto_reri@yahoo.com', 'akredetasi kampus unidha', 'assaalammualaikum wr.wb\r\nsaya ingin mennnyakan,apasih akredetasi kampus unidha?\r\ndan apa akredetasi jurusan s1 akutansi dan s1 management? mohon jawabannya trimakasih', '2015-07-27', '00:00:00', 'Y'),
(58, 'm harits anarvani', 'anarvaniharits@yahoo.co.id', 'syarat pendaftaran', 'apa saja syarat pendaftaran unidha , dan bagaimana bagi yg belum memiliki ijazah, apakah bisa di ganti sama surat keterangan lulus?', '2015-07-29', '00:00:00', 'Y'),
(62, 'melika febriani yolanda', 'melikafyolanda@yahoo.co.id', 'hasil tes', 'bagaimana cara kita mengetahui bahwa kita lulus atau tidak lulus nya dalam tes masuk unidha ?', '2015-08-06', '00:00:00', 'Y'),
(65, 'joe morton', 'zone.joemorton31@gmail.com', 'SP', 'SP untuk kls reguler dimulai tanggal brp?', '2015-08-09', '00:00:00', 'Y'),
(66, 'trfani aprilla', 'TrifaniAprilla34@gmail.com', 'ospek dan kuliah', 'assalamualaikum, saya mau tanya kapan ospek dan kuliah perdana bagi mahasiswa baru', '2015-08-11', '00:00:00', 'Y'),
(70, 'dian zahara', 'dianzahara25@gmail.com', 'penerimaan mahasiswa S1transfer', 'maaf, Bu/Pak...\r\nsaya ingin menanyakan, apa unidah masih buka pedaftaran untuk mahasiswa S1 transfer jurusan manajemen/akuntansi?\r\nterimakasih.', '2015-09-02', '00:00:00', 'Y'),
(71, 'niwayan', 'niwayan.sritanjung@yahoo.co.id', 'jadwal kuliah', 'Ass, admin kapan jadwal kuliah maba 2015?', '2015-09-09', '00:00:00', 'Y'),
(76, 'eka nurmala', 'ekha.nurmala56@gmail.com', 'Tentang penerimaan mahasiswa baru untuk kelas mandiri', 'Selamat soree ibuk/bapak admin\r\nsaya mau bertanya apakah ada kelas mandiri untuk program studi sistem informasi dan kalau bleh tau untuk uang per semesternya berapa???\r\nterima kasih', '2015-11-23', '00:00:00', 'Y'),
(77, 'kurnia putri', 'kurniaputri5962@gmail.com', 'referensi', 'kalau fresh graduated, perusahan minta referensi, buk yofina pernah bilang kasih nama buk yulia saja. sementara perusahaan minta detail no hape nya? sementara no hape buk yulia tidak boleh diminta', '2015-11-26', '00:00:00', 'Y'),
(80, 'Netipli', 'tetapsemangat1945@gmail.com', 'Penawaran Jasa Periklanan', 'Selamat malam bapak/ibuk, saya ingin menawarkan jasa periklanan websitenya di situs saya, kebetulan blog membahas tentang informasi kampus dan sudah puluhan ribu orang yang mengakses setiap harinya yang ada di seluruh Indonesia ini, pembahasan kampus sudah termasuk untuk kampus ini, tapi jika ingin lebih dilihat banyak orang maka pasang iklan di bagian beranda blog kami, jadi sangat cocok dengan lembaga pendidikan bapak/ibuk sekarang, bila berminat silahkan cek disini http://www.pendaftaranonlinemahasiswabaru.com/p/pasang-iklan-murah-online.html', '2016-01-03', '00:00:00', 'Y'),
(83, 'dian hirma', 'dianhirma@gmail.com', 'Profil Dosen', 'Saya hanya memberikan sedikit saran,...karena dosen bisa mengakses melalui username dan password yang diberikan, alangkah baiknya si dosen bisa meng edit sendiri content tentang profil dosen, jadi si dosen bisa mengupdate datanya sendiri tanpa harus melalui admin... jadi data selalu update..jadi dosen punya akses sendiri utk meng input data terkait profilnya sendiri', '2016-02-05', '00:00:00', 'Y'),
(84, 'Fifi Ariwahyuni', 'fhyfhya@gmail.co.id', 'Cara Login ke Portal Unidha', 'Saya mau menanyakan bagaimana cara kita login ke portal  ya,,?? dari mana kita bisa dapat Username dan Paswornya,,\r\n\r\nTerimakasih atas bantuannya,,', '2016-02-10', '00:00:00', 'Y'),
(85, 'Andry Azhari', 'mr.azhari.ok@gmail.com', 'Lamaran pekerjaan', 'Melalui surat elektronik ini, saya menyatakan ketertarikan saya untuk menjadi bagian dari universiatas yang bapak/ibu kelola. Saya bersedia ditempatkan sebagai dosen mata kuliah umum dalam mata kuliah bahasa inggris. Nama saya Andry Azhari, saya lulusan S2 Pendidikan Bahasa Inggris Universitas Negeri Padang dan sekarang saya adalah seorang guru di LBPP-LIA Padang (sudah 5 tahun) dan seorang assessor di Lembaga sertifikasi Indonesia. Sebagai bahan pertimbangan bapak/ibu, saya telah melampirkan CV dan Ijazah terakhir saya. Saya bisa dihubungi di no telepon 085263112005 atau di email mr.azhari.ok@gmail.com', '2016-02-23', '00:00:00', 'Y'),
(87, 'Tuti Lindia', 'tuti.lindia@gmail.com', 'Konfirmasi password portal', 'Yth.Bapak/Ibu.\r\nBapak/Ibu, \r\nsaat saya login portal, username dan password saya tidak bisa berfungsi/tidak valid. Trimakasih.\r\nTuti Lindia (14110096)', '2016-02-23', '00:00:00', 'Y'),
(88, 'beni saputra', 'rendy,lovarian@yahoo.com', '15120161', 'jadwal mata kuliah ', '2016-02-27', '00:00:00', 'Y'),
(89, 'Nurmayani', 'nuriemayani@gmail.com', 'Tata Cara Pengisian KRS Semester Genap 2015/2016', 'Mohon Bantuannya Bapak / Ibu, pengisian KRS Smtr Genap 2015/2016 bagaimana caranya ?? Kenapa Sampe Sekarang Belum bisa Juga Bapak/Ibu??padahal Jadwalnya sudah ditetapkan tanggal Sekarang...dan Mohon Beritahu Bagaimana sistem pengisiannya yang sekarang>??\r\n\r\nterima Kasih Bapak/Ibu..', '2016-02-29', '00:00:00', 'Y'),
(90, 'afriani', 'afriani.lubis94@gmail.com', 'krs', 'apa kelas pkk untuk matakuliah portofolio sudah dibuka kelas baru? masalahnya kelas yang ada cuma 1 kelas,dengan kapasitas 50 orang,sementara ada 63 mhasiswa yang ngambil matakuliah tsb...mohon kebijakannya,', '2016-03-06', '00:00:00', 'Y'),
(91, 'Fadly dwi riza', 'fadlydwiriza2@gmail.com', 'jadwal', 'Saya mau bertanya! \r\nBagaiman cara melihat jadwal kuliah saya, sementara saya lupa kelas yang saya ambil? \r\n\r\n', '2016-03-07', '00:00:00', 'Y'),
(92, 'Fadly dwi riza', 'fadlydwiriza2@gmail.com', 'jadwal', 'Bagaiman cara mellihat jadwal, sementara saya lupa lokal yang telah saya pilih? \r\nMohon bantuannya', '2016-03-07', '00:00:00', 'Y'),
(93, 'Fadly dwi riza', 'fadlydwiriza2@gmail.com', 'jadwal', 'Bagaimana cara melihat jadwal, sementara saya lupa lokal yang telah saya pilih?\r\nMohon bantuaanya', '2016-03-07', '00:00:00', 'Y'),
(94, 'eka putriwati', 'eka.putriwati@gmail.com', 'kelas mandiri', 'selamat malam\r\nsaya alumni d3 darma andalas mau nanya tentang kelas mandiri program \r\nS1 manejemen?\r\nS1 akuntansi ?\r\ndan syarat nya apa saja?\r\ndan kapan pembukaan nya untuk kelas mandiri tsbt', '2016-03-10', '00:00:00', 'Y'),
(95, 'ilham ramadhan', 'ilhamdsevenfoldism@yahoo.com', 'perpindahan kelas', 'maaf sebelumnya saya menanyakan hal ini, kenapa MANAJEMEN PEMASARAN 2 saya yg sebelumnya kelas 4x3 pindah menjadi 4x1? saya tidak bisa kuliah di jam yg bapak/ibu sekre pindahkan ke jadwal tersebut', '2016-03-12', '00:00:00', 'Y'),
(96, 'arinda mentari putri', 'arindamentariputri@gmail.com', 'partnership simulasi sbmptn 2016', 'dear Bidang Perencanaan kerjasama dan pemasaran,\r\n\r\nPerkenalkan, nama saya Arinda, dari tim penyelenggara simulasi sbmptn ini akan diadakan di 11 kota besar di Indonesia serentak pada tanggal 23-24 april 2016.\r\n\r\n2 tahun lalu kami mengadakan simulasi sbmptn ini dan pesertanya lebih dari 30.000 di 19 kota. untuk tahun ini jumlah kota berkurang dikarenakan ada beberapa kota. Berdasarkan hasil analisa partisipasi simulasi sebelumnya, 11 kota inilah yang paling efektif untuk diadakan simulasi sbmptn nasional.\r\n\r\nUntuk kerjasama kami telah bekerja sama dengan seluruh ketua osis dan ketua kelas seluruh SMA di setiap kota. \r\n\r\nUntuk kerjasama yang diharapkan dengan pihak kampus berupa pencetakan soal dan LJK untuk simulasi sbmptn di kota Medan.\r\n\r\nApakah ada kontak yang dapat dihubungi untuk mengirimkan proposal dan memfollowup kerjasama?\r\n\r\nkami sangat menunggu kabar baiknya, terimakasih\r\n\r\nterimakasih', '2016-03-12', '00:00:00', 'Y'),
(97, 'Bisma Putra Mailana', 'bisma.ibest@gmail.com', 'Lowongan Dosen', 'Selamat Siang bapak atw ibu, saya bisma putra mailana, S.Pd MM merupakan seorang lulusan S2 Manajemen di UNP. Apakah ada lowongan untuk menjadi dosen di Unidha pada tahun ajaran ini?terima kasih..\r\nBisma (085263801630)', '2016-03-21', '00:00:00', 'Y'),
(99, 'intan swadharmi', 'intan_swadharmi@yahoo.co.id', 'kode portal', 'portal saya tidak mau dibuka,mohon dikirimkan kode portal saya dengan no bp:15170005.', '2016-04-18', '00:00:00', 'Y'),
(100, 'intan swadharmi', 'intan_swadharmi@yahoo.co.id', 'kode portal', 'mohon kirimkan kode portal saya ke no hp saya:085274026031.', '2016-04-18', '00:00:00', 'Y'),
(101, 'Aresko J.S', 'nmercy9250@gmail.com', 'nmercy9250@gmail.com', 'Bapak Atau Ibu . . .\r\nApa Bisa Daftar Kuliah Pakai Paket C ?\r\nKalau Bisa Bagaimana Cara nya ?\r\nMohon di Balas Ya \r\nSekian Dan Terima kasih', '2016-04-27', '00:00:00', 'Y'),
(102, 'aulia irwana fadjri', 'auliairwanafadjri04@gmail.com', 'ubah data', 'bagaimana cara merubah kesalahan pengisian data pada pendaftaran jalur undangan?', '2016-04-28', '00:00:00', 'Y'),
(103, 'sirajau wahhaja', 'sirajauiwa@gmail.com', 'tanya', 'saya mau tanya min,kapan pembukaan penerimaan mahasiswa baru untuk thn ajaran 2016/2017 untuk kelas sabtu & minggu,terima kasih', '2016-05-09', '00:00:00', 'Y'),
(105, 'Nurul Hidayani', 'Nurul_hidayani100@yahoo.com', 'hasil jalur undangan 2016', 'Assalammualaikum wr.wb bapak/ibu\r\nsaya mau menanyakan jadwal pengumuman mahasiswa yang diterima pada jalur undangan 2016\r\nterima kasih atas perhatian bapak/ibu', '2016-05-20', '00:00:00', 'Y'),
(107, 'Ayu Maharani', 'ayumaharani829@yahoo.com', 'Unidha', 'Setelah data dan nilai dikirim, apa langkah selanjutnya?\r\nTerimakasih.', '2016-06-12', '00:00:00', 'Y'),
(108, 'Ayu Maharani', 'ayumaharani829@yahoo.com', 'Unidha', 'Ass. Masih dibuka jalur undangan?\r\nTerimakasih.', '2016-06-13', '00:00:00', 'Y'),
(109, 'Ayu Maharani', 'ayumaharani829@yahoo.com', 'Unidha', 'Bagaimana cara membeli token di bank nagari?', '2016-06-18', '00:00:00', 'Y'),
(112, 'Rahma Dira Ismail', 'rahmadira102@gmail.com', 'bertanya', 'assalamualaikum saya ingin bertanya, mengapa setiap kali saya ingin menyimpan hasil pendaftaran saya selalu gagal padahal sudah saya cek dari awal semua data benar dan pendaftaran saya tidak bisa disimpan dan selalu gagal sudah saya coba berulang kali tapi tetap gagal, terimakasih.', '2016-07-11', '00:00:00', 'Y'),
(117, 'Riah Trisnawati', 'riahtrisnawati@gmail.com', 'Penerimaan Dosen Farmasi', 'Assalamualaikum wrwb. Saya Riah, alumni Universitas Andalas Fakultas Farmasi tahun 2012 baru saja menyelesaikan program S2 Ilmu Kefarmasian di Universitas Indonesia. Adakah lowongan untuk tenaga pendidik di UNIDHA di program studi S1 Farmasi? Terima kasih.', '2016-07-28', '00:00:00', 'Y'),
(118, 'Riah Trisnawati', 'riahtrisnawati@gmail.com', 'Penerimaan Dosen Farmasi', 'Assalamualaikum wrwb. Saya Riah, alumni Universitas Andalas Fakultas Farmasi tahun 2012 baru saja menyelesaikan program S2 Ilmu Kefarmasian di Universitas Indonesia. Adakah lowongan untuk tenaga pendidik di UNIDHA di program studi S1 Farmasi? Terima kasih.', '2016-07-28', '00:00:00', 'Y'),
(121, 'oryza sativa', 'yaumilsativa@gmail.com', 'bertanya', 'gimana cara pendaftaran MABA  2016  di unidha di gelombang ke 2? gimana cara membeli token atau user id nya mbak ?', '2016-08-01', '00:00:00', 'Y'),
(122, 'Tresia Putri Amelia', 'tressia.putri@gmail.com', 'Tidak Bisa Menyimpan Pendaftaran UNIDHA', 'Selamat Pagi\r\nSaya mau menanyakan,Mengapa saya tidak bisa menyimpan pada saat finish Pendaftaran Calon Mahasiswa Baru UNIDHA ?\r\nTerima Kasih', '2016-08-02', '00:00:00', 'Y'),
(124, 'yasmir siddiq', 'kyokahitaro@gmail.com', 'pin pendaftaran unidha 2016', 'kenapa gk bsa dftr di web nya unidha...???\r\npadahal udah beli pin nya di bank nagari\r\ntapi di login gk bsa??\r\ntolong dibantu', '2016-08-02', '00:00:00', 'Y'),
(125, 'Ananda Septriyanti Taswin', 'ananda.taswin@gmail.com', 'keluhan pendaftaran unidha', 'Mengapa ketika melakukan pendaftaran unidha selalu gagal? padahal sudah membei pin di bank nagari, dan data yang dimasukkan sudah lengkap tap selalu gagal.\r\nmohon jawabannya secepatnya', '2016-08-02', '00:00:00', 'Y'),
(126, 'susta sundari', 'sustasundari@yahoo.com', 'biaya kuliah', 'berapa biaya kuliah di Darma Andalas persemester?\r\nbagi kami calon mahasiswa baru berapa  uang kuliah untuk smester pertama?\r\napakah ada keringanan biaya di Darma andalas?\r\n', '2016-08-03', '00:00:00', 'Y'),
(130, 'Degi Abmarendi', 'degiabmarendygmail.com', 'unidha', 'kenapa tidak bisa login,pembelian token di bank hanya bisa di beli gelombang 1,belum ada token gelombang 2,padahal kan sekarang udah gelombang 2,bagaimana kah itu buk pak?', '2016-08-04', '00:00:00', 'Y'),
(131, 'Muhammad Taufiq', 'moe.taufiq@yahoo.co.id', 'Pendaftaran online', 'Gimana cara mendaftar online bagi siswa baru, karna sudah di coba berkali kali tetap juga gagal melakukan pendaftaran ?\r\n', '2016-08-05', '00:00:00', 'Y'),
(135, 'Imam Syafii', 'isya40@gmail.com', 'Test Kotak Masuk', 'Apakah berfungsi ?', '2017-10-22', '07:32:58', 'Y');

-- --------------------------------------------------------

--
-- Struktur dari tabel `identitas`
--

CREATE TABLE `identitas` (
  `id_identitas` int(5) NOT NULL,
  `nama_website` varchar(100) NOT NULL,
  `email` varchar(100) NOT NULL,
  `url` varchar(100) CHARACTER SET latin1 COLLATE latin1_general_ci NOT NULL,
  `facebook` text CHARACTER SET latin1 COLLATE latin1_general_ci NOT NULL,
  `no_telp` varchar(20) CHARACTER SET latin1 COLLATE latin1_general_ci NOT NULL,
  `meta_deskripsi` text NOT NULL,
  `meta_keyword` varchar(250) NOT NULL,
  `favicon` varchar(50) NOT NULL,
  `maps` text NOT NULL,
  `keterangan` text NOT NULL
) ENGINE=MyISAM DEFAULT CHARSET=latin1;

--
-- Dumping data untuk tabel `identitas`
--

INSERT INTO `identitas` (`id_identitas`, `nama_website`, `email`, `url`, `facebook`, `no_telp`, `meta_deskripsi`, `meta_keyword`, `favicon`, `maps`, `keterangan`) VALUES
(1, 'Universitas Singaperbangsa Karawang', 'info@unsika.ac.id', 'https://unsika.ac.id', 'https://www.facebook.com/rumahteknologiinformasi, https://twitter.com/uir', '0267641177', 'Universitas Singaperbangsa Karawang', 'Universitas Singaperbangsa Karawang', 'ico1.ico', 'https://www.google.com/maps/embed?pb=!1m18!1m12!1m3!1d3965.547276883028!2d107.30436531432133!3d-6.323036663631396!2m3!1f0!2f0!3f0!3m2!1i1024!2i768!4f13.1!3m3!1m2!1s0x2e6977ccb34822e1%3A0x6c4c7c12678610e0!2sUniversitas+Singaperbangsa+Karawang!5e0!3m2!1sid!2sid!4v1508263934533', 'VISI UNSIKA :<br>Menjadi Perguruan Tinggi yang berdaya saing ditingkat nasional tahun 2020<br><b>MISI UNSIKA :</b><br>(1) Menyiapkan Sumber daya manusia yang ahli dan berahlaq mulia. (2) Menciptakan, menerapkan dan mengembangkan IPTEKS yang berdaya guna dan berhasil guna. (3) Melaksanakan pengabdian pada masyarakat secara aktif untuk meningkatkan kesejahteraan masyarakat.');

-- --------------------------------------------------------

--
-- Struktur dari tabel `kategori`
--

CREATE TABLE `kategori` (
  `id_kategori` int(5) NOT NULL,
  `nama_kategori` varchar(50) COLLATE latin1_general_ci NOT NULL,
  `username` varchar(50) COLLATE latin1_general_ci NOT NULL,
  `kategori_seo` varchar(100) COLLATE latin1_general_ci NOT NULL,
  `aktif` enum('Y','N') COLLATE latin1_general_ci NOT NULL DEFAULT 'Y',
  `sidebar` int(10) NOT NULL
) ENGINE=MyISAM DEFAULT CHARSET=latin1 COLLATE=latin1_general_ci;

--
-- Dumping data untuk tabel `kategori`
--

INSERT INTO `kategori` (`id_kategori`, `nama_kategori`, `username`, `kategori_seo`, `aktif`, `sidebar`) VALUES
(55, 'Mahasiswa', 'admin', 'mahasiswa', 'Y', 0),
(56, 'Akademik', 'admin', 'akademik', 'Y', 0),
(57, 'Ujian', 'admin', 'ujian', 'Y', 0),
(58, 'PMB', 'admin', 'pmb', 'Y', 0),
(59, 'Wisuda', 'admin', 'wisuda', 'Y', 0),
(60, 'UKM', 'admin', 'ukm', 'Y', 0),
(61, 'Pengumuman', 'admin', 'pengumuman', 'Y', 1),
(54, 'Kampus', 'admin', 'kampus', 'Y', 0);

-- --------------------------------------------------------

--
-- Struktur dari tabel `link_terkait`
--

CREATE TABLE `link_terkait` (
  `id_link_terkait` int(11) NOT NULL,
  `judul_menu` varchar(255) NOT NULL,
  `detail_menu` text NOT NULL,
  `link` text NOT NULL,
  `username` varchar(100) NOT NULL
) ENGINE=MyISAM DEFAULT CHARSET=latin1;

--
-- Dumping data untuk tabel `link_terkait`
--

INSERT INTO `link_terkait` (`id_link_terkait`, `judul_menu`, `detail_menu`, `link`, `username`) VALUES
(4, 'Portal Akademik', 'Sistem informasi yang berfungsi sebagai integrator Informasi Akademik Kampus.', 'https://facebook.com/robbyprihandaya', 'admin'),
(3, 'Pendaftaran', 'Daftar, Pengumuman, dan Informasi Penerimaan Mahasiswa Universitas Indonesia Raya.', '#', 'admin'),
(2, 'E-Journal', 'Adalah Kumpulan atau daftar jurnal ilmiah yang baru terbit di Universitas Indonesia Raya.', '#', 'admin'),
(1, 'Portal Riset', 'Portal Penelitian dan Pengabdian Kepada Masyarakat Universitas Indonesia Raya', '#', 'admin');

-- --------------------------------------------------------

--
-- Struktur dari tabel `logo`
--

CREATE TABLE `logo` (
  `id_logo` int(5) NOT NULL,
  `gambar` varchar(100) COLLATE latin1_general_ci NOT NULL
) ENGINE=MyISAM DEFAULT CHARSET=latin1 COLLATE=latin1_general_ci;

--
-- Dumping data untuk tabel `logo`
--

INSERT INTO `logo` (`id_logo`, `gambar`) VALUES
(15, 'header.jpg');

-- --------------------------------------------------------

--
-- Struktur dari tabel `lowongan`
--

CREATE TABLE `lowongan` (
  `id_lowongan` int(5) NOT NULL,
  `judul` varchar(255) NOT NULL,
  `judul_seo` varchar(255) NOT NULL,
  `nama_perusahaan` varchar(255) NOT NULL,
  `deskripsi_perusahaan` text NOT NULL,
  `posisi` text NOT NULL,
  `deadline` date NOT NULL,
  `keterangan` text NOT NULL,
  `file_pendukung` varchar(255) NOT NULL,
  `tanggal_posting` date NOT NULL,
  `username` varchar(100) NOT NULL
) ENGINE=MyISAM DEFAULT CHARSET=latin1;

--
-- Dumping data untuk tabel `lowongan`
--

INSERT INTO `lowongan` (`id_lowongan`, `judul`, `judul_seo`, `nama_perusahaan`, `deskripsi_perusahaan`, `posisi`, `deadline`, `keterangan`, `file_pendukung`, `tanggal_posting`, `username`) VALUES
(2, 'PT IFARS Pharmaceutical Laboratories', 'pt-ifars-pharmaceutical-laboratories', 'PT IFARS Pharmaceutical Laboratories', 'PT IFARS Pharmaceutical Laboratories, perusahaan yang bergerak dibidang manufaktur farmasi. PT IFARS Pharmaceutical Laboratories, perusahaan yang bergerak dibidang manufaktur farmasi perusahaan yang bergerak dibidang manufaktur farmasi', 'IT StaffKualifikasiS1 Sistem Informasi, Teknik Informatika, Manajemen Informatika & Ilmu KomputerIPK min. 2.75Pria/WanitaTerbuka bagi :Mahasiswa yang dalam proses wisudaFresh graduateMaupun berpengalaman dibidangnya', '2015-02-27', 'Silahkan kirim surat lamaran anda disertai dengan CV, foto 46 berwarna (1), fotocopy KTP, fotocopy ijazah atau SKL, fotocopy transkrip akademik, surat keterangan sehat dari dokter (asli), fotokopy SKCK (1), serta surat pendukung yang lain ke Email : hrd@ifars.co.id, Pos : PT IFARS Pharmaceutical Laboratories Jl. Raya Solo-Sragen Km 14,9 Kebakkramat Karanganyar', 'lowongan_ifars.docx', '2016-08-07', 'admin'),
(4, 'PT Yamaha Indonesia Motor', 'pt-yamaha-indonesia-motor', 'PT Yamaha Indonesia Motor', 'PT Yamaha Indonesia Motor Mfg. adalah salah satu perusahaan otomotif roda dua terbesar di Indonesia, saat ini mengundang kandidat terbaik yang ber-Komitmen, Inovatif, memiliki Integritas, serta menyukai Tantangan untuk berkarir dan bergabung bersama Tim kami.', 'MARKETING BUSINESS DEVELOPMENT (Kode: MKT)\r\nPria, S1 Teknik Industri / Manajemen\r\nMemiliki SIM A\r\nMemiliki minat yang kuat pada bidang marketing\r\nMempunyai kemampuan analisa yang tinggi\r\nBersedia melakukan perjalanan dinas keluar kota\r\nPenempatan di Pulau Jawa, Bali, Sumatera, Sulawesi\r\n\r\nCOST PLAN (Kode: CP)\r\nPria, S1 Teknik Industri\r\nMemiliki kemampuan analisa dan komunikasi Bahasa Inggris yang baik\r\nDiutamakan memiliki sim C\r\nPenempatan Jakarta Timur (Pulo Gadung)\r\n\r\nINTERNAL AUDIT (Kode: AUD)\r\nWanita, S1 Akuntansi\r\nLebih diutamakan untuk pelamar yang memiliki pengalaman kerja sebagai auditor\r\nPenempatan di Jakarta Timur (Pulo Gadung)\r\n\r\nFINANCE (Kode: FIN)\r\nWanita, S1 Akuntansi\r\nMempunyai kemampuan analisa yang tinggi\r\nPenempatan Jakarta Timur (Pulo Gadung)\r\n\r\nR&D (Kode: R&D)\r\nPria, S1 Teknik Industri\r\nMemiliki kemampuan analisa yang baik\r\nKemampuan bahasa Inggris aktif\r\nDiutamakan memiliki sim C\r\nPenempatan Jakarta Timur (Pulo Gadung)\r\n\r\nPURCHASE (Kode: PUR)\r\nPria, S1 Teknik Industri\r\nMemiliki kemampuan analisa dan komunikasi yang baik\r\nDiutamakan memiliki sim A\r\nPenempatan Jakarta Timur (Pulo Gadung)\r\n\r\nPROMOTION (Kode: PRM)\r\nPria, S1 Manajemen / Komunikasi\r\nMemiliki minat pada aktivitas & strategic promosi pengembangan suatu produk\r\nMempunyai kemampuan analisa yang tinggi\r\nPribadi yang aktif & dinamis\r\nPenempatan Jakarta & Yogyakarta\r\n\r\nTRAINER (Kode: TRA)\r\nPria / Wanita, S1 Manajemen / Komunikasi\r\nMempunyai kemampuan presentasi yang baik\r\nMemiliki pengalaman sebagai instruktur minimal 1 tahun\r\nBersedia melakukan perjalanan dinas keluar kota\r\nPenempatan Jakarta & Bandung\r\n\r\nNETWORK SUPPORT (Kode: NET)\r\nPria , S1 Teknik Sipil / Arsitektur\r\nMampu membuat design layout\r\nMemiliki kemampuan komunikasi yang baik\r\nBersedia melakukan perjalanan dinas keluar kota\r\nPenempatan Cibitung\r\nPersyaratan Umum:\r\n1 Usia maksimal 26 tahun untuk Staff dengan minimum IPK 3.00\r\n2 Menguasai aplikasi Ms. Office (Ms.Word, Ms.Excel dan Power Point)\r\n3 Mampu berbahasa Inggris aktif secara lisan & tulisan\r\n4 Mampu bekerja dengan baik secara mandiri ataupun tim\r\n5 Belum pernah mengikuti proses rekrutmen di PT. Yamaha Indonesia Motor Mfg.\r\n6 Memiliki ketertarikan pada dunia otomotif roda dua', '2015-03-09', 'Segera daftarkan diri anda untuk menjadi bagian dari TIM YAMAHA, dengan cara mengisi data diri anda pada link berikut ini : http://goo.gl/swUfDQ,.. Untuk informasi lebih lanjut kunjungi http://www.yamaha-motor.co.id/career', 'kerjaan 04022015.txt', '2015-02-09', 'admin'),
(5, 'PT Mataram Tunggal Garment', 'pt-mataram-tunggal-garment', 'PT Mataram Tunggal Garment', 'Jl Palagan Km 14,5 Balong Donoharjo Ngaglik\r\nSleman Yogyakarta 0274-896100\r\nBerdiri kokoh sejak tahun 1992, PT Mataram Tunggal Garment adalah perusahaan eksport pakaian wanita yang di percaya di wilayah DIY, Indonesia. Destinasi ekspor PT Mataram TUnggal Garment meliputi ranah mancanegara internasional seperti Amerika Serikat, Inggris, China, Chile, Jerman, Nigeria, dan Jepang', 'Personalia\r\nWanita\r\nS1 Teknik Industri\r\nFresh Graduate/Berpengalaman\r\nPenempatan di Yogyakarta\r\n\r\nAdm Personalia\r\nWanita\r\nD3 Sekretariat/Adm Perkantoran\r\nFresh Graduate/Berpengalaman\r\nPenempatan di Yogyakarta\r\n\r\nAsisten Merchandiser\r\nWanita\r\nD3/S1 Semua Jurusan\r\nMaks. 30 tahun\r\nBahasa Inggris Aktif & Komunikatif\r\nBerpengalaman min. 1 tahun di Administrasi\r\nPenempatan di Yogyakarta\r\n\r\nMerchandiser\r\nWanita\r\nD3/S1 Bahasa Jepang\r\nBahasa Inggris Aktif & Komunikatif\r\nFresh Graduate/Berpengalaman\r\nPenempatan di Yogyakarta\r\n\r\nPattern Maker\r\nWanita\r\nD3/S1 Teknik Busana\r\nMaks. 30 tahun\r\nBisa Menjahit\r\nFresh Graduate/Berpengalaman\r\nPenempatan di Yogyakarta\r\n\r\nAsisten Line Chief\r\nWanita\r\nD3/S1 Teknik Busana\r\nMaks. 30 tahun\r\nBisa Menjahit\r\nBerjiwa Managerial & Leadership\r\nFresh Graduate/Berpengalaman\r\nPenempatan di Yogyakarta', '2015-04-09', 'Untuk kandidat yang terpilih akan menerima paket yang menarik berupa\r\nKompensasi yang kompetitif\r\nAsuransi kesehatan\r\nFree lunch\r\nLingkungan kerja yang dinamis dan menantang\r\n\r\nKirim berkas lamaran ke sinta@mtg.cc', 'stored_procedure.txt', '2015-02-09', 'admin'),
(6, 'PT Asuransi Umum BCA', 'pt-asuransi-umum-bca', 'PT Asuransi Umum BCA', 'PT Asuransi Umum BCA adalah satu-satunya anak perusahaan Group BCA yang berusaha dibidang asuransi umum, PT Asuransi Umum BCA merupakan perusahaan umum milik Bank BCA yang memiliki beberapa produk seperti asuransi properti, kendaraan bermotor, marine cargo, personal liability dan asuransi harta benda. Perusahaan asuransi yang resmi diluncurkan ahir tahun 2010 ini awalnya bernama PT Central Sejahtera Insurance (CSI).', 'Basic Development Program (BDP)\r\n\r\nPria / Wanita\r\nPendidikan Min. S1 (Strata 1 Semua jurusan)\r\nIPK min. 3.00\r\nUsia maksimal 26 tahun\r\nMemiliki kemampuan analisa dan komunikasi yang baik .\r\nBersedia ditempatkan diseluruh wilayah Indonesia\r\nBersedia menjalani ikatan dinas setelah masa pendidikan\r\nIT Programmer\r\n\r\nPria / Wanita\r\nUsia Maksimal 30 tahun\r\nPendidikan Min. S1 jurusan Teknik Informatika\r\nMenguasai VB.06 / VB. Net, JavaScript, ASP.Net, ASP Classic, Jquery, PHP, MSSQL\r\nMampu berbahasa inggris dengan baik (min. Pasif)\r\nMemiliki Kemampuan analisa dan logika berpikir yang baik\r\nIT Networking\r\n\r\nPria\r\nUsia Maksimal 30 tahun\r\nPendidikan Min. D3 jurusan Teknik Informatika\r\nMenguasai Mikrotik Router, Cisco Router, dan LINUX\r\nMampu berbahasa inggris dengan baik (min. Pasif)\r\nMemiliki pengalaman kerja sebagai IT Networking dengan masa kerja minimal 1 tahun\r\nMemiliki kemampuan komunikasi yang baik', '2015-03-12', 'WTC Mangga Dua, Lt. 3A Blok CI. 003\r\nJl. Mangga Dua Raya Kav 8 Jakarta 14430\r\nemail : hrd@bcainsurance.co.id', 'BACAAN SHOLAT dan ARTINYA.docx', '2015-02-09', 'admin'),
(7, 'PT Melawai Group', 'pt-melawai-group', 'Melawai Group', 'Perusahaan swasta nasional yang telah berkembang pesat dan memiliki cabang di seluruh Indonesia, dengan bidang usaha utama Optik, Apotek & Pusat Alat Bantu Dengar serta Restoran, membuka kesempatan berkarir bagi lulusan S1, Diploma, SMU/SMK semua jurusan dan SMF', 'Lens ProcessingData AnalystProgrammerGraphic DesignTraning SpecialistMaintenanceAccountingAudit OperationalDrafterApotekerAsisten ApotekerDriver/Supir', '2015-02-19', 'Disediakan mess bagi karyawan yang berasal dari luar kota\r\nKirimkan surat lamaran anda ke :\r\nJl. KS. Tubun Raya No. 31\r\nPetamburan  Slipi, Jakarta Barat\r\nEmail : recruitment@melawai.com\r\nPhone : (021) 7061 3796', 'lowongan_mentawai.docx', '2016-10-11', 'admin'),
(28, 'PT Indonesia Power', 'pt-indonesia-power', 'PT Indonesia Power', '<img src=\"http://unidha.ac.id./editor/gambar/Image/loker pln.jpg\" alt=\" \" width=\"1154\" height=\"1600\" />\r\n', '', '2016-02-05', '', '', '2016-02-05', ''),
(29, 'PT Jasa Marga Persero', 'pt-jasa-marga-persero', 'PT Jasa Marga (Persero) Tbk ', '<div>\r\nKESEMPATAN BERKARIR DI JASA MARGA\r\n</div>\r\n<div>\r\n<br />\r\n</div>\r\n<div>\r\nPT Jasa Marga (Persero) Tbk merupakan BUMN terbuka sebagai pemimpin bisnis jalan tol di Indonesia yang terus tumbuh dan berkembang serta secara konsisten menerapkan Tata Kelola Perusahaan yang Baik (Good Corporate Governance).\r\n</div>\r\n<div>\r\nDalam rangka menyiapkan kader-kader pemimpin masa depan, Jasa Marga membuka kesempatan bagi generasi muda yang memiliki potensi kepemimpinan, berdedikasi, dan berintegritas tinggi untuk berperan serta dalam mewujudkan Visi Misi Perusahaan.\r\n</div>\r\n<div>\r\n<br />\r\n</div>\r\n<div>\r\nPERSYARATAN UMUM :\r\n</div>\r\n<div>\r\n<br />\r\n</div>\r\n<div>\r\nWarga Negara Indonesia;\r\n</div>\r\n<div>\r\nMemiliki KTP (Kartu Tanda Penduduk);\r\n</div>\r\n<div>\r\nBerijazah Sarjana S1 atau D4 dengan jurusan pendidikan sesuai persyaratan;\r\n</div>\r\n<div>\r\nSehat jasmani dan rohani;\r\n</div>\r\n<div>\r\nTidak sedang menjalani ikatan dinas atau bersedia melepaskan ikatan dinas dengan instansi lain apabila diterima di PT Jasa Marga (Persero) Tbk.;\r\n</div>\r\n<div>\r\nTidak pernah diberhentikan sebagai karyawan oleh pemberi kerja sebelumnya, karena suatu pelanggaran;\r\n</div>\r\n<div>\r\nBersedia ditempatkan di seluruh wilayah operasi Perusahaan;\r\n</div>\r\n<div>\r\nDiutamakan memiliki pengalaman berorganisasi;\r\n</div>\r\n<div>\r\ndan Menguasai Bahasa Inggris dengan baik (lisan dan tulisan)\r\n</div>\r\n<div>\r\n<br />\r\n</div>\r\n<div>\r\nLatar Belakang Pendidikan Sarjana Strata 1 (S1)\r\n</div>\r\n<div>\r\n<br />\r\n</div>\r\n<div>\r\nAkuntansi\r\n</div>\r\n<div>\r\nHukum\r\n</div>\r\n<div>\r\nManajemen\r\n</div>\r\n<div>\r\nManajemen Bisnis\r\n</div>\r\n<div>\r\nPerpajakan\r\n</div>\r\n<div>\r\nPsikologi\r\n</div>\r\n<div>\r\nTeknik Elektro\r\n</div>\r\n<div>\r\nTeknik Industri\r\n</div>\r\n<div>\r\nTeknik Sipil\r\n</div>\r\n<div>\r\n<br />\r\n</div>\r\n<div>\r\nLatar Belakang Pendidikan Diploma 4 (D4)\r\n</div>\r\n<div>\r\n<br />\r\n</div>\r\n<div>\r\nTeknik Jalan Tol\r\n</div>\r\n<div>\r\nTeknik Sipil\r\n</div>\r\n<div>\r\n<br />\r\n</div>\r\n<div>\r\n\r\n</div>\r\n<div>\r\n<br />\r\n</div>\r\n<div>\r\nPERSYARATAN KHUSUS :\r\n</div>\r\n<div>\r\nPelamar Umum\r\n</div>\r\n<div>\r\n<br />\r\n</div>\r\n<div>\r\nUsia maksimal 27 tahun per tanggal 1 Oktober 2016;\r\n</div>\r\n<div>\r\nBerasal dari Perguruan Tinggi terkemuka dan terakreditasi;\r\n</div>\r\n<div>\r\nIPK minimal 2,75 untuk Perguruan Tinggi Negeri atau 3,00 untuk Perguruan Tinggi Swasta (skala 4,00);\r\n</div>\r\n<div>\r\nTinggi badan minimal 155 cm untuk Perempuan dan 160 cm untuk Laki-laki (Tinggi dan berat badan proporsional);\r\n</div>\r\n<div>\r\nBersedia mengikuti Ikatan Dinas selama 2 (dua) tahun;\r\n</div>\r\n<div>\r\n<br />\r\n</div>\r\n<div>\r\nPelamar Internal\r\n</div>\r\n<div>\r\n<br />\r\n</div>\r\n<div>\r\nKaryawan tetap PT Jasa Marga (Persero) Tbk.;\r\n</div>\r\n<div>\r\nUsia maksimal 45 tahun per tanggal 1 Oktober 2016;\r\n</div>\r\n<div>\r\nBerasal dari Perguruan Tinggi terakreditasi;IPK minimal 2,75 (skala 4,00);\r\n</div>\r\n<div>\r\n<br />\r\n</div>\r\n<div>\r\nKETENTUAN UMUM :\r\n</div>\r\n<div>\r\n<br />\r\n</div>\r\n<div>\r\nSetiap pelamar hanya diperbolehkan mendaftar 1 (satu) kali\r\n</div>\r\n<div>\r\nPendaftaran hanya dilakukan melalui situs- web https://jasamarga.experd.com\r\n</div>\r\n<div>\r\ndan tidak menerima lamaran melalui pos atau media pengiriman lainnya\r\n</div>\r\n<div>\r\nBagi pelamar yang pernah mengirimkan berkas lamaran ke PT Jasa Marga (Persero) Tbk diwajibkan memperbarui lamaran dengan melakukan registrasi online\r\n</div>\r\n<div>\r\nPengumuman untuk setiap tahap seleksi akan diinformasikan dalam situs-web https://jasamarga.experd.com\r\n</div>\r\n<div>\r\nBagi kandidat yang terpilih pada tahap awal akan diikutsertakan dalam tahap Wawancara oleh Manajemen Jasa Marga dan dilanjutkan Tes Kesehatan\r\n</div>\r\n<div>\r\nKandidat terpilih, selanjutnya akan diikutsertakan dalam seleksi tahap akhir melalui Program Management Trainee(MT) selama 3 bulan\r\n</div>\r\n<div>\r\nSeluruh kegiatan seleksi, kecuali pendaftaran secara online, dilaksanakan di Jakarta\r\n</div>\r\n<div>\r\nSelama proses rekrutmen dan seleksi, kandidat tidak dikenakan biaya apapun. Biaya transportasi dan akomodasi menuju lokasi tes merupakan tanggung jawab masing-masing kandidatKeputusan Hasil Rekrutmen dan Seleksi tidak dapat diganggu gugat\r\n</div>\r\n<div>\r\nPeriode pendaftaran secara online pada 27 Februari 2016 pukul 06.00 s.d. 7 Maret 2016 pukul 23.59 WIB\r\n</div>\r\n<div>\r\n<br />\r\n</div>\r\n<div>\r\nwww.jasamarga.com\r\n</div>\r\n', 'Satpam Full Time', '2016-03-07', 'Selain pertumbuhan dan perkembangannya tidak maksimal, juga telah terjadi ketidakmerataan dalam penguasaan sumber daya ekonomi dan pembangunan. Terjadi kesenjangan yang cukup lebar baik dalam penguasaan dan pemanfaatan sumber daya ekonomi maupun pembangunan. Tercatat, lebih separuh dari seluruh kekayaan ekonomi Indonesia hanya dikuasai satu persen populasi. Kesejahteraan sosial yang sesungguhnya belum hadir di tengah gencarnya pembangunan nasional. Betapa telah sampai pada tahap mengerikan kesenjangan ekonomi yang terjadi.\r\n\r\nKondisi-kondisi tersebut tercipta lantaran telah terjadi kesalahan dalam pengelolaan sumber daya ekonomi selama ini. Setidaknya, sumber daya ekonomi yang ada belum dikelola dengan benar dan dimanfaatkan secara optimal. Untuk itu, sedikitnya ada dua hal yang diperlukan.', '', '2016-10-11', 'admin'),
(31, 'PT Musa Nusa Mandiri', 'pt-musa-nusa-mandiri', 'PT Musa Nusa Mandiri', '<p>PT IFARS Pharmaceutical Laboratories, perusahaan yang bergerak dibidang manufaktur farmasi. PT IFARS Pharmaceutical Laboratories, perusahaan yang bergerak dibidang manufaktur farmasi perusahaan yang bergerak dibidang manufaktur farmasi</p>\r\n', 'Ilmu KomputerIPK min. 2.75Pria/WanitaTerbuka bagi :Mahasiswa yang dalam proses wisudaFresh graduateMaupun berpengalaman dibidangnya', '2016-10-12', '<p>Silahkan kirim surat lamaran anda disertai dengan CV, foto 4&times;6 berwarna (1), fotocopy KTP, fotocopy ijazah atau SKL, fotocopy transkrip akademik, surat keterangan sehat dari dokter (asli), fotokopy SKCK (1), serta surat pendukung yang lain ke Email : hrd@ifars.co.id, Pos : PT IFARS Pharmaceutical Laboratories Jl. Raya Solo-Sragen Km 14,9 Kebakkramat Karanganyar</p>\r\n', 'contoh_file_download_universitas1.txt', '2016-10-11', 'admin');

-- --------------------------------------------------------

--
-- Struktur dari tabel `mahasiswa`
--

CREATE TABLE `mahasiswa` (
  `id_mahasiswa` int(5) NOT NULL,
  `id_prodi` int(5) NOT NULL,
  `username` varchar(50) COLLATE latin1_general_ci NOT NULL,
  `nm_mahasiswa` varchar(100) COLLATE latin1_general_ci NOT NULL,
  `mahasiswa_seo` varchar(100) COLLATE latin1_general_ci NOT NULL,
  `npm` varchar(50) COLLATE latin1_general_ci NOT NULL,
  `keterangan` text COLLATE latin1_general_ci NOT NULL,
  `hp` varchar(50) COLLATE latin1_general_ci NOT NULL,
  `gbr_mahasiswa` varchar(100) COLLATE latin1_general_ci NOT NULL
) ENGINE=InnoDB DEFAULT CHARSET=latin1 COLLATE=latin1_general_ci;

--
-- Dumping data untuk tabel `mahasiswa`
--

INSERT INTO `mahasiswa` (`id_mahasiswa`, `id_prodi`, `username`, `nm_mahasiswa`, `mahasiswa_seo`, `npm`, `keterangan`, `hp`, `gbr_mahasiswa`) VALUES
(1, 1, 'admin', 'IMAM SYAFII', 'imam-syafii', '1241177004321', '<p>2012</p>\r\n', '089635774575', '12411770043211.jpg'),
(2, 1, 'admin', 'ZELIN PUJA INGTYAS', 'zelin-puja-ingtyas', '1241177004001', '<p>2012</p>\r\n', '085718731938', '12411770040011.jpg'),
(3, 1, 'admin', 'FIQI FAJRINA SARI', 'fiqi-fajrina-sari', '1241177004003', '<p>2012</p>\r\n', '089630114971', '12411770040031.jpg'),
(4, 1, 'admin', 'SAMSUL KOSASI', 'samsul-kosasi', '1241177004004', '<p>2012</p>\r\n', '085777353444', '12411770040041.jpg'),
(5, 1, 'admin', 'YAYAN SUHENDAR', 'yayan-suhendar', '1241177004005', '<p>2012</p>\r\n', '085659603649', '12411770040051.jpg'),
(6, 1, 'admin', 'FATHIA ZURAIDA	', 'fathia-zuraida	', '1241177004009', '<p>2012</p>\r\n', '085692220518', '12411770040091.jpg'),
(7, 1, 'admin', 'HENKI LUTHFI LAFILA', 'henki-luthfi-lafila', '1241177004011', '<p>2012</p>\r\n', '08978747795', '12411770040111.jpg'),
(8, 1, 'admin', 'SUHERLAN', 'suherlan', '1241177004013	', '<p>2012</p>\r\n', '085770696367', '12411770040131.jpg'),
(9, 1, 'admin', 'YANUAR KARIM ABDURAHMAN', 'yanuar-karim-abdurahman', '1241177004014', '<p>2012</p>\r\n', '085780522919', '12411770040141.jpg'),
(10, 1, 'admin', 'TIO ABDUL SAID', 'tio-abdul-said', '1241177004015', '<p>2012</p>\r\n', '087800067030', '12411770040151.jpg'),
(11, 1, 'admin', 'ANDI FERDIAN HERMAWAN', 'andi-ferdian-hermawan', '1241177004016', '<p>2012</p>\r\n', '-', '12411770040161.jpg'),
(12, 1, 'admin', 'BENI SUGIARTO', 'beni-sugiarto', '1241177004017', '<p>2012</p>\r\n', '085814215929', '12411770040171.jpg'),
(13, 1, 'admin', 'ICHRAMSYAH', 'ichramsyah', '1241177004018', '<p>2012</p>\r\n', '08561332567', ''),
(14, 1, 'admin', 'IMAM NUROFIK', 'imam-nurofik', '1241177004019', '<p>2012</p>\r\n', '085693377886', '12411770040191.jpg'),
(15, 1, 'admin', 'TERLI MAULANA', 'terli-maulana', '1241177004020', '<p>2012</p>\r\n', '081288980527', '12411770040201.jpg'),
(16, 1, 'admin', 'HERMAN DINATA', 'herman-dinata', '1241177004021', '<p>2012</p>\r\n', '085795798778', '12411770040211.jpg'),
(17, 1, 'admin', 'AJAT NURAJAT', 'ajat-nurajat', '1241177004022', '<p>2012</p>\r\n', '085715932498', '12411770040221.jpg'),
(18, 1, 'admin', 'KHAERUL ANWAR', 'khaerul-anwar', '1241177004023', '<p>2012</p>\r\n', '085694321897', '12411770040231.jpg'),
(19, 1, 'admin', 'MUHAMAD IRFAN RIFAI', 'muhamad-irfan-rifai', '1241177004024', '<p>2012</p>\r\n', '089631794490', '12411770040241.jpg'),
(20, 1, 'admin', 'GILANG DWI AGUSTIAN', 'gilang-dwi-agustian', '1241177004025', '<p>2012</p>\r\n', '082218121994', '12411770040251.jpg'),
(21, 1, 'admin', 'ADIE PRABOWO', 'adie-prabowo', '1241177004026', '<p>2012</p>\r\n', '08997797085', ''),
(22, 1, 'admin', 'DAVID SENTOT PRASETHO', 'david-sentot-prasetho', '1241177004027', '<p>2012</p>\r\n', '081280594272', '12411770040271.jpg'),
(23, 1, 'admin', 'AJI DARMAWAN', 'aji-darmawan', '1241177004028', '<p>2012</p>\r\n', '085710135613', '12411770040281.jpg'),
(24, 1, 'admin', 'KURNIA YULISTIN ANIA', 'kurnia-yulistin-ania', '1241177004029', '<p>2012</p>\r\n', '085717777811', '12411770040291.jpg'),
(25, 1, 'admin', 'RAHMAT ABDUL GANI', 'rahmat-abdul-gani', '1241177004030', '<p>2012</p>\r\n', '085775777793', '12411770040301.jpg'),
(26, 1, 'admin', 'ZEZEN NURJENAL', 'zezen-nurjenal', '1241177004031', '<p>2012</p>\r\n', '081912457800', '12411770040311.jpg'),
(27, 1, 'admin', 'SITI JUMANAH', 'siti-jumanah', '1241177004032', '<p>2012</p>\r\n', '089510013006', '12411770040321.jpg'),
(28, 1, 'admin', 'AHMAD NURFAI', 'ahmad-nurfai', '1241177004033', '<p>2012</p>\r\n', '087779311552', '12411770040331.jpg'),
(29, 1, 'admin', 'BENNY FERNANDO', 'benny-fernando', '1241177004034', '<p>2012</p>\r\n', '085771240206', '12411770040341.jpg'),
(30, 1, 'admin', 'BAYU SOLEH', 'bayu-soleh', '1241177004035', '<p>2012</p>\r\n', '08568350007', '12411770040351.jpg'),
(31, 1, 'admin', 'NOVIA FUJIANI DWI MARIANI', 'novia-fujiani-dwi-mariani', '1241177004036', '<p>2012</p>\r\n', '085776203708', '12411770040361.jpg'),
(32, 1, 'admin', 'KIKI NURBAETI', 'kiki-nurbaeti', '1241177004037', '<p>2012</p>\r\n', '085924190006', '12411770040371.jpg'),
(33, 1, 'admin', 'DELA KESUMA DEWI', 'dela-kesuma-dewi', '1241177004038', '<p>2012</p>\r\n', '089502269006', '12411770040381.jpg'),
(34, 1, 'admin', 'YUDI SRILAKSONO', 'yudi-srilaksono', '1241177004039', '<p>2012</p>\r\n', '085711017651', '12411770040391.jpg'),
(35, 1, 'admin', 'AHMAD DAELAMI', 'ahmad-daelami', '1241177004041', '<p>2012</p>\r\n', '085770653412', '12411770040411.jpg'),
(36, 1, 'admin', 'RIADHI SAEFUL MUTTAQIN', 'riadhi-saeful-muttaqin', '1241177004043', '<p>2012</p>\r\n', '085717586227', '12411770040431.jpg'),
(37, 1, 'admin', 'SUBAGUS WIARTA', 'subagus-wiarta', '1241177004044', '<p>2012</p>\r\n', '082213518654', '12411770040441.jpg'),
(38, 1, 'admin', 'JABAR SUKMAYA', 'jabar-sukmaya', '1241177004045', '<p>2012</p>\r\n', '085693441587', '12411770040451.jpg'),
(39, 1, 'admin', 'AGUS BADRUSSALAM', 'agus-badrussalam', '1241177004046', '<p>2012</p>\r\n', '085695012163', '12411770040461.jpg'),
(40, 1, 'admin', 'ERVAN BUDIYANTO', 'ervan-budiyanto', '1241177004047', '<p>2012</p>\r\n', '08989343986', '12411770040471.jpg'),
(41, 1, 'admin', 'WIWI WIRANTI', 'wiwi-wiranti', '1241177004048', '<p>2012</p>\r\n', '087726704074', '12411770040481.jpg'),
(42, 1, 'admin', 'ARI NUR RAHMAN', 'ari-nur-rahman', '1241177004049', '<p>2012</p>\r\n', '089695800758', '12411770040491.jpg'),
(43, 1, 'admin', 'ARIF MAULANA ISMANSYAH', 'arif-maulana-ismansyah', '1241177004050', '<p>2012</p>\r\n', '083819917248', '12411770040501.jpg'),
(44, 1, 'admin', 'AINA NOVIA ASTARINA', 'aina-novia-astarina', '1241177004052', '<p><span style=\"background-color:#e74c3c;\">2012</span></p>\r\n', '081314298124', '12411770040521.jpg'),
(45, 1, 'admin', 'DICKIE FEBRIAN', 'dickie-febrian', '1241177004053', '<p>2012</p>\r\n', '089610953676', '12411770040531.jpg'),
(46, 1, 'admin', 'SOKHABI', 'sokhabi', '1241177004055', '<p>2012</p>\r\n', '085891509974', '12411770040551.jpg'),
(47, 1, 'admin', 'RIKI HERMAWAN', 'riki-hermawan', '1241177004057', '<p>2012</p>\r\n', '089654997108', '12411770040571.jpg'),
(48, 1, 'admin', 'M. KHOLIDUL FARROH', 'm-kholidul-farroh', '1241177004058', '<p>2012</p>\r\n', '082213349850', '12411770040581.jpg'),
(49, 1, 'admin', 'ISMA ZANTIYA KHOERANI', 'isma-zantiya-khoerani', '1241177004059', '<p>2012</p>\r\n', '081284090992', '12411770040591.jpg'),
(50, 1, 'admin', 'SARONI', 'saroni', '1241177004061', '<p>2012</p>\r\n', '085770953556', '12411770040611.jpg'),
(51, 1, 'admin', 'JUHITA', 'juhita', '1241177004062', '<p>2012</p>\r\n', '089639583979', '12411770040621.jpg'),
(52, 1, 'admin', 'TRISNA PUJI ATMAJA', 'trisna-puji-atmaja', '1241177004063', '<p>2012</p>\r\n', '085714222181', '12411770040631.jpg'),
(53, 1, 'admin', 'AGUNG LAZI NUGROHO', 'agung-lazi-nugroho', '1241177004065', '<p>2012</p>\r\n', '089510203281', '12411770040651.jpg'),
(54, 1, 'admin', 'JAMAL SUBKAN', 'jamal-subkan', '1241177004067', '<p>2012</p>\r\n', '085692772448', '12411770040671.jpg'),
(55, 1, 'admin', 'ANDREAN BAGUS DELLA N', 'andrean-bagus-della-n', '1241177004068', '<p>2012</p>\r\n', '089699857154', ''),
(56, 1, 'admin', 'YUSWAN ARYANTO', 'yuswan-aryanto', '1241177004069', '<p>2012</p>\r\n', '085693984447', '12411770040691.jpg'),
(57, 1, 'admin', 'MUHAMMAD SOBRI MALISTY', 'muhammad-sobri-malisty', '1241177004070', '<p>2012</p>\r\n', '-', '12411770040701.jpg'),
(58, 1, 'admin', 'ADE RAHMAT NUGRAHA', 'ade-rahmat-nugraha', '1241177004071', '<p>2012</p>\r\n', '-', '12411770040711.jpg'),
(59, 1, 'admin', 'AFRIANSYAH', 'afriansyah', '1241177004072', '<p>2012</p>\r\n', '085710622904', ''),
(60, 1, 'admin', 'INDAH APRIYANI', 'indah-apriyani', '1241177004074', '<p>2012</p>\r\n', '083872656458', '12411770040741.jpg'),
(61, 1, 'admin', 'FITRI YANTI', 'fitri-yanti', '1241177004076', '<p>2012</p>\r\n', '081281370030', '12411770040761.jpg'),
(62, 1, 'admin', 'ASEP SAEPUDIN', 'asep-saepudin', '1241177004077', '<p>2012</p>\r\n', '089689820631', '12411770040771.jpg'),
(63, 1, 'admin', 'SYAMSUL HILAL', 'syamsul-hilal', '1241177004078', '<p>2012</p>\r\n', '-', ''),
(64, 1, 'admin', 'EVA SITI SOLIHAT', 'eva-siti-solihat', '1241177004079', '<p>2012</p>\r\n', '083815199604', ''),
(65, 1, 'admin', 'BELLA FAUZIA', 'bella-fauzia', '1241177004080', '<p>2012</p>\r\n', '085811122979', '12411770040801.jpg'),
(66, 1, 'admin', 'RAMDANI AHADI', 'ramdani-ahadi', '1241177004083', '<p>2012</p>\r\n', '085888491899', '12411770040831.jpg'),
(67, 1, 'admin', 'FAJAR PERMANA', 'fajar-permana', '1241177004084', '<p>2012</p>\r\n', '-', '12411770040841.jpg'),
(68, 1, 'admin', 'SANDY PRATAMA DESTIANA P', 'sandy-pratama-destiana-p', '1241177004087', '<p>2012</p>\r\n', '085778948868', '12411770040871.jpg'),
(69, 1, 'admin', 'ANGGA S WIJAYA', 'angga-s-wijaya', '1241177004088', '<p>2012</p>\r\n', '081265198694', '12411770040881.jpg'),
(70, 1, 'admin', 'RYAN JULIO PRIMAVERA', 'ryan-julio-primavera', '1241177004092', '<p>2012</p>\r\n', '085691123657', '12411770040921.jpg'),
(71, 1, 'admin', 'RIKI NURJAMAN', 'riki-nurjaman', '1241177004093', '<p>2012</p>\r\n', '08567346397', '12411770040931.jpg'),
(72, 1, 'admin', 'FITRIA APRILLIA FUTRI', 'fitria-aprillia-futri', '1241177004094', '<p>2012</p>\r\n', '08889202582', '12411770040941.jpg'),
(73, 1, 'admin', 'KARINA ALKAR BOWO', 'karina-alkar-bowo', '1241177004095', '<p>2012</p>\r\n', '082122336334', '12411770040951.jpg'),
(74, 1, 'admin', 'YETI NURHAYATI', 'yeti-nurhayati', '1241177004098', '<p>2012</p>\r\n', '085710363844', '12411770040981.jpg'),
(75, 1, 'admin', 'ALIH GUNAWAN', 'alih-gunawan', '1241177004099', '<p>2012</p>\r\n', '089602653170', '12411770040991.jpg'),
(76, 1, 'admin', 'DHIKI DWI BUDIAWAN', 'dhiki-dwi-budiawan', '1241177004100', '<p>2012</p>\r\n', '085711287646', '12411770041001.jpg'),
(77, 1, 'admin', 'WANGGI SAPARENGGA', 'wanggi-saparengga', '1241177004103', '<p>2012</p>\r\n', '085624642037', '12411770041031.jpg'),
(78, 1, 'admin', 'JUMSIH', 'jumsih', '1241177004104', '<p>2012</p>\r\n', '085717280085', '12411770041041.jpg'),
(79, 1, 'admin', 'RIDWAN ALAWI', 'ridwan-alawi', '1241177004105', '<p>2012</p>\r\n', '087881311872', '12411770041051.jpg'),
(80, 1, 'admin', 'RUDHI WAHYUDI FEBRIANTO', 'rudhi-wahyudi-febrianto', '1241177004108', '<p>2012</p>\r\n', '08997905345', '12411770041081.jpg'),
(81, 1, 'admin', 'HIBA AMBARA', 'hiba-ambara', '1241177004109', '<p>2012</p>\r\n', '089628986851', '12411770041091.jpg'),
(82, 1, 'admin', 'RISKA RISMARLIYAH', 'riska-rismarliyah', '1241177004110', '<p>2012</p>\r\n', '085773614344', '12411770041101.jpg'),
(83, 1, 'admin', 'ERLINA RISMAYANTI', 'erlina-rismayanti', '1241177004111', '<p>2012</p>\r\n', '-', '12411770041111.jpg'),
(84, 1, 'admin', 'DEBBY HERRY PRATIWI', 'debby-herry-pratiwi', '1241177004112', '<p>2012</p>\r\n', '087804137307', '12411770041121.jpg'),
(85, 1, 'admin', 'ELGA LARA NURI WULANSARI', 'elga-lara-nuri-wulansari', '1241177004115', '<p>2012</p>\r\n', '-', '12411770041151.jpg'),
(86, 1, 'admin', 'SITI AWALIATUL HASANAH', 'siti-awaliatul-hasanah', '1241177004116', '<p>2012</p>\r\n', '085714361008', ''),
(87, 1, 'admin', 'MUTIARA AYU NURSIWARDANI', 'mutiara-ayu-nursiwardani', '1241177004117', '<p>2012</p>\r\n', '085774690828', ''),
(88, 1, 'admin', 'YOGA KUSUMA', 'yoga-kusuma', '1241177004118', '<p>2012</p>\r\n', '085710251525', '12411770041181.jpg'),
(89, 1, 'admin', 'GITA APRILIANTI P', 'gita-aprilianti-p', '1241177004120', '<p>2012</p>\r\n', '085810906110', '12411770041201.jpg'),
(90, 1, 'admin', 'NURDAHLIA', 'nurdahlia', '1241177004121', '<p>2012</p>\r\n', '085710969806', '12411770041211.jpg'),
(91, 1, 'admin', 'GEBY OCTAVIANA HERMAWAN', 'geby-octaviana-hermawan', '1241177004122', '<p>2012</p>\r\n', '089601147804', '12411770041221.jpg'),
(92, 1, 'admin', 'MEILANGGA NUR ACHSAN P', 'meilangga-nur-achsan-p', '1241177004123', '<p>2012</p>\r\n', '087779082421', '12411770041231.jpg'),
(93, 1, 'admin', 'MUHAMAD IRFAN', 'muhamad-irfan', '1241177004124', '<p>2012</p>\r\n', '089631352045', '12411770041241.jpg'),
(94, 1, 'admin', 'MUHAMAD ILHAM', 'muhamad-ilham', '1241177004125', '<p>2012</p>\r\n', '089639969262', '12411770041251.jpg'),
(95, 1, 'admin', 'KALIR ACHMAD WIJAYA', 'kalir-achmad-wijaya', '1241177004126', '<p>2012</p>\r\n', '089630446222', '12411770041261.jpg'),
(96, 1, 'admin', 'WINDY KURNIAWATI', 'windy-kurniawati', '1241177004127', '<p>2012</p>\r\n', '089698964199', '12411770041271.jpg'),
(97, 1, 'admin', 'MARLI RUKMANA', 'marli-rukmana', '1241177004128', '<p>2012</p>\r\n', '089631841383', '12411770041281.jpg'),
(98, 1, 'admin', 'BAHRUL ULUM', 'bahrul-ulum', '1241177004129', '<p>2012</p>\r\n', '085780580490', '12411770041291.jpg'),
(99, 1, 'admin', 'MUHAMMAD MIFTAH FARID', 'muhammad-miftah-farid', '1241177004130', '<p>2012</p>\r\n', '089674720813', '12411770041301.jpg'),
(100, 1, 'admin', 'WINA SABILA', 'wina-sabila', '1241177004131', '<p>2012</p>\r\n', '087804568042', '12411770041311.jpg'),
(101, 1, 'admin', 'MUHAMAD ALFI', 'muhamad-alfi', '1241177004132', '<p>2012</p>\r\n', '089607613903', '1241177004132.jpg'),
(102, 1, 'admin', 'MUTIA WIDIANTI', 'mutia-widianti', '1241177004134', '<p>2012</p>\r\n', '089613562504', '12411770041341.jpg'),
(103, 1, 'admin', 'APRILYANA RIZKY FADILA', 'aprilyana-rizky-fadila', '1241177004135', '<p>2012</p>\r\n', '081210965760', '12411770041351.jpg'),
(104, 1, 'admin', 'RETNO WERDININGSIH', 'retno-werdiningsih', '1241177004136', '<p>2012</p>\r\n', '089639571011', '1241177004136.jpg'),
(105, 1, 'admin', 'FIKRI SOPIYAN', 'fikri-sopiyan', '1241177004137', '<p>2012</p>\r\n', '089605078058', '1241177004137.jpg'),
(106, 1, 'admin', 'DADAN KURNIAWAN', 'dadan-kurniawan', '1241177004140', '<p>2012</p>\r\n', '085711187345', '1241177004140.jpg'),
(107, 1, 'admin', 'RINI NUR RACHMAWATI', 'rini-nur-rachmawati', '1241177004141', '<p>2012</p>\r\n', '089695808812', '1241177004141.jpg'),
(108, 1, 'admin', 'ADITIA RAYA', 'aditia-raya', '1241177004142', '<p>2012</p>\r\n', '085720440902', '1241177004142.jpg'),
(109, 1, 'admin', 'ROBBY UMDASA', 'robby-umdasa', '1241177004143', '<p>2012</p>\r\n', '087879397911', '1241177004143.jpg'),
(110, 1, 'admin', 'DEVI KARLINA', 'devi-karlina', '1241177004145', '<p>2012</p>\r\n', '085813980544', '1241177004145.jpg'),
(111, 1, 'admin', 'SYARIFUDIN BAHARSYAH', 'syarifudin-baharsyah', '1241177004146', '<p>2012</p>\r\n', '089687261999', '1241177004146.jpg'),
(112, 1, 'admin', 'MUHAMAD TAUFAN AVIANSYAH', 'muhamad-taufan-aviansyah', '1241177004147', '<p>2012</p>\r\n', '089639569787', '1241177004147.jpg'),
(113, 1, 'admin', 'AHMAD MAULANA AKBAR', 'ahmad-maulana-akbar', '1241177004148', '<p>2012</p>\r\n', '087770094756', '1241177004148.jpg'),
(114, 1, 'admin', 'SITI ANILAH', 'siti-anilah', '1241177004150', '<p>2012</p>\r\n', '087898504506', '1241177004150.jpg'),
(115, 1, 'admin', 'IBNU MAULANA', 'ibnu-maulana', '1241177004151', '<p>2012</p>\r\n', '08568935250', '1241177004151.jpg'),
(116, 1, 'admin', 'SUSIANA TRI WINARSI', 'susiana-tri-winarsi', '1241177004152', '<p>2012</p>\r\n', '085878174075', '1241177004152.jpg'),
(117, 1, 'admin', 'WANGSA DIMUHAMMAD R', 'wangsa-dimuhammad-r', '1241177004153', '<p>2012</p>\r\n', '085722591709', '1241177004153.jpg'),
(118, 1, 'admin', 'DEDEH KURNIA', 'dedeh-kurnia', '1241177004154', '<p>2012</p>\r\n', '081586779934', '1241177004154.jpg'),
(119, 1, 'admin', 'AGRY ARDIAN JAUHARI', 'agry-ardian-jauhari', '1241177004156', '<p>2012</p>\r\n', '083814145493', '1241177004156.jpg'),
(120, 1, 'admin', 'AGUS NUR MAULANA', 'agus-nur-maulana', '1241177004157', '<p>2012</p>\r\n', '087875102855', '1241177004157.jpg'),
(121, 1, 'admin', 'MOHAMAD ABDUL SAERI', 'mohamad-abdul-saeri', '1241177004158', '<p>2012</p>\r\n', '085692797821', '1241177004158.jpg'),
(122, 1, 'admin', 'ARI NUROKHMAN', 'ari-nurokhman', '1241177004159', '<p>2012</p>\r\n', '08997204333', '1241177004159.jpg'),
(123, 1, 'admin', 'PANDU KUSWARA', 'pandu-kuswara', '1241177004160', '<p>2012</p>\r\n', '-', ''),
(124, 1, 'admin', 'ALDI ADITYA', 'aldi-aditya', '1241177004161', '<p>2012</p>\r\n', '-', '1241177004161.jpg'),
(125, 1, 'admin', 'ARSYAD RAMADHAN', 'arsyad-ramadhan', '1241177004162', '<p>2012</p>\r\n', '08970009459', '1241177004162.jpg'),
(126, 1, 'admin', 'SUTAN MANDAGAR SIREGAR', 'sutan-mandagar-siregar', '1241177004163', '<p>2012</p>\r\n', '08888621380', ''),
(127, 1, 'admin', 'SLAMET NOVRIYADI', 'slamet-novriyadi', '1241177004164', '<p>2012</p>\r\n', '08568144255', '1241177004164.jpg'),
(128, 1, 'admin', 'YUNI SULASTRI', 'yuni-sulastri', '1241177004165', '<p>2012</p>\r\n', '083815133125', '1241177004165.jpg'),
(129, 1, 'admin', 'NURUDIN', 'nurudin', '1241177004166', '<p>2012</p>\r\n', '085797354528', '1241177004166.jpg'),
(130, 1, 'admin', 'NUR IBNU FAUZI', 'nur-ibnu-fauzi', '1241177004167', '<p>2012</p>\r\n', '08987504944', ''),
(131, 1, 'admin', 'HAMDANI', 'hamdani', '1241177004168', '<p>2012</p>\r\n', '083816968182', ''),
(132, 1, 'admin', 'MIYANTY OCTAVIANI DEWI', 'miyanty-octaviani-dewi', '1241177004169', '<p>2012</p>\r\n', '08561057252', '1241177004169.jpg'),
(133, 1, 'admin', 'AYU APRIANI', 'ayu-apriani', '1241177004170', '<p>2012</p>\r\n', '08994147482', '1241177004170.jpg'),
(134, 1, 'admin', 'MUHAMAD TAUFAN GUNTUR', 'muhamad-taufan-guntur', '1241177004171', '<p>2012</p>\r\n', '087741580587', '1241177004171.jpg'),
(135, 1, 'admin', 'ATI SUHARTI FEBRIYANTI', 'ati-suharti-febriyanti', '1241177004176', '<p>2012</p>\r\n', '082213287219', '1241177004176.jpg'),
(136, 1, 'admin', 'ACHMAD RIFAI', 'achmad-rifai', '1241177004177', '<p>2012</p>\r\n', '089628333680', '1241177004177.jpg'),
(137, 1, 'admin', 'DJULFIKAR KURNIAWAN', 'djulfikar-kurniawan', '1241177004178', '<p>2012</p>\r\n', '089608763410', '1241177004178.jpg'),
(138, 1, 'admin', 'ASEP PURNAMA', 'asep-purnama', '1241177004179', '<p>2012</p>\r\n', '089663284263', '1241177004179.jpg'),
(139, 1, 'admin', 'ARIANSYAH', 'ariansyah', '1241177004180', '<p>2012</p>\r\n', '085714144410', ''),
(140, 1, 'admin', 'HENDRI YANA HUSEN', 'hendri-yana-husen', '1241177004181', '<p>2012</p>\r\n', '089631996997', '1241177004181.jpg'),
(141, 1, 'admin', 'ANDRI HERMANSYAH', 'andri-hermansyah', '1241177004182', '<p>2012</p>\r\n', '087879443100', '1241177004182.jpg'),
(142, 1, 'admin', 'MARIO TRI WIBOWO', 'mario-tri-wibowo', '1241177004183', '<p>2012</p>\r\n', '082298588878', '1241177004183.jpg'),
(143, 1, 'admin', 'ALDY PRASETIO', 'aldy-prasetio', '1241177004184', '<p>2012</p>\r\n', '085722168555', '1241177004184.jpg'),
(144, 1, 'admin', 'AGUNG KURNIA', 'agung-kurnia', '1241177004187', '<p>2012</p>\r\n', '087879790204', ''),
(145, 1, 'admin', 'RIDWAN KARIM AMRULLAH', 'ridwan-karim-amrullah', '1241177004188', '<p>2012</p>\r\n', '089669989757', ''),
(146, 1, 'admin', 'MUTIARA ANGGUN', 'mutiara-anggun', '1241177004189', '<p>2012</p>\r\n', '085813360295', '1241177004189.jpg'),
(147, 1, 'admin', 'HANIFAN GALANG EKANANTI', 'hanifan-galang-ekananti', '1241177004190', '<p>2012</p>\r\n', '085714869815', '1241177004190.jpg'),
(148, 1, 'admin', 'BOY RUDIANA KUSWANDA', 'boy-rudiana-kuswanda', '1241177004191', '<p>2012</p>\r\n', '-', '1241177004191.jpg'),
(149, 1, 'admin', 'FUAD ZAKI WAHYU PRATAMA', 'fuad-zaki-wahyu-pratama', '1241177004192', '<p>2012</p>\r\n', '085770274187', '1241177004192.jpg'),
(150, 1, 'admin', 'HARI SANTOSO', 'hari-santoso', '1241177004193', '<p>2012</p>\r\n', '083816203044', '1241177004193.jpg'),
(151, 1, 'admin', 'DWI B PRASETYO', 'dwi-b-prasetyo', '1241177004194', '<p>2012</p>\r\n', '-', ''),
(152, 1, 'admin', 'MUSTOPA DHEA PRASETIO', 'mustopa-dhea-prasetio', '1241177004195', '<p>2012</p>\r\n', '089692822676', '1241177004195.jpg'),
(153, 1, 'admin', 'SHIFA VAHRUNNISA', 'shifa-vahrunnisa', '1241177004196', '<p>2012</p>\r\n', '085780704348', '1241177004196.jpg'),
(154, 1, 'admin', 'MUHAMAD MANSUR', 'muhamad-mansur', '1241177004197', '<p>2012</p>\r\n', '089675821272', '1241177004197.jpg'),
(155, 1, 'admin', 'HARYANDRI RAMADHAN', 'haryandri-ramadhan', '1241177004198', '<p>2012</p>\r\n', '082214449998', '1241177004198.jpg'),
(156, 1, 'admin', 'NOVIAN FATI SUSILA', 'novian-fati-susila', '1241177004199', '<p>2012</p>\r\n', '082298388109', '1241177004199.jpg'),
(157, 1, 'admin', 'SITI BADRIYAH', 'siti-badriyah', '1241177004200', '<p>2012</p>\r\n', '08568608630', '1241177004200.jpg'),
(158, 1, 'admin', 'MOHAMAD SAMBAS', 'mohamad-sambas', '1241177004201', '<p>2012</p>\r\n', '085697231114', '1241177004201.jpg'),
(159, 1, 'admin', 'LUKMAN APRISAL PRABOWO', 'lukman-aprisal-prabowo', '1241177004203', '<p>2012</p>\r\n', '089611190813', '1241177004203.jpg'),
(160, 1, 'admin', 'TRI ISNA KUSWAYA', 'tri-isna-kuswaya', '1241177004204', '<p>2012</p>\r\n', '087879769255', '1241177004204.jpg'),
(161, 1, 'admin', 'WARTANI', 'wartani', '1241177004206', '<p>2012</p>\r\n', '08990935384', '1241177004206.jpg'),
(162, 1, 'admin', 'AHMAD BAEJURI', 'ahmad-baejuri', '1241177004207', '<p>2012</p>\r\n', '085710024357', '1241177004207.jpg'),
(163, 1, 'admin', 'IGAL WULANDARI', 'igal-wulandari', '1241177004208', '<p>2012</p>\r\n', '085720393137', '1241177004208.jpg'),
(164, 1, 'admin', 'RIDWAN ARIFIN HAMZAH', 'ridwan-arifin-hamzah', '1241177004209', '<p>2012</p>\r\n', '08567747535', '1241177004209.jpg'),
(165, 1, 'admin', 'MOCHAMAD AGIL H', 'mochamad-agil-h', '1241177004210', '<p>2012</p>\r\n', '085782388321', '1241177004210.jpg'),
(166, 1, 'admin', 'MUHRON SOLIHUDIN', 'muhron-solihudin', '1241177004211', '<p>2012</p>\r\n', '08983445623', '1241177004211.jpg'),
(167, 1, 'admin', 'FAUZI AHMAD RIDWAN', 'fauzi-ahmad-ridwan', '1241177004212', '<p>2012</p>\r\n', '089649163566', '1241177004212.jpg'),
(168, 1, 'admin', 'ABDUL ROHMAN', 'abdul-rohman', '1241177004213', '<p>2012</p>\r\n', '085714898882', '1241177004213.jpg'),
(169, 1, 'admin', 'RENDY HIDAYAT PERMAN', 'rendy-hidayat-perman', '1241177004216', '<p>2012</p>\r\n', '085775112215', '1241177004216.jpg'),
(170, 1, 'admin', 'DEDE HERU', 'dede-heru', '1241177004217', '<p>2012</p>\r\n', '-', '1241177004217.jpg'),
(171, 1, 'admin', 'ARIE KARTAWIRIA', 'arie-kartawiria', '1241177004218', '<p>2012</p>\r\n', '08999893682', '1241177004218.jpg'),
(172, 1, 'admin', 'RIO ALLDINO', 'rio-alldino', '1241177004219', '<p>2012</p>\r\n', '082122450123', '1241177004219.jpg'),
(173, 1, 'admin', 'IQBAL SAEFUL ISLAM', 'iqbal-saeful-islam', '1241177004220', '<p>2012</p>\r\n', '089601507052', '1241177004220.jpg'),
(174, 1, 'admin', 'FAUZI TRI MUSYAFA', 'fauzi-tri-musyafa', '1241177004221', '<p>2012</p>\r\n', '085859519979', '1241177004221.jpg'),
(175, 1, 'admin', 'ALDI JANNIKA', 'aldi-jannika', '1241177004222', '<p>2012</p>\r\n', '085717602781', '1241177004222.jpg'),
(176, 1, 'admin', 'DENY ARSYAD', 'deny-arsyad', '1241177004223', '<p>2012</p>\r\n', '085717842038', '1241177004223.jpg'),
(177, 1, 'admin', 'ZAZILATUL MIKROMAH', 'zazilatul-mikromah', '1241177004227', '<p>2012</p>\r\n', '087711623583', ''),
(178, 1, 'admin', 'MOCHAMAD SAEPUDIN', 'mochamad-saepudin', '1241177004228', '<p>2012</p>\r\n', '085718591928', '1241177004228.jpg'),
(179, 1, 'admin', 'YUNI LESTARI', 'yuni-lestari', '1241177004229', '<p>2012</p>\r\n', '085693543435', '1241177004229.jpg'),
(180, 1, 'admin', 'IRFAN MAULANA ZIDMY', 'irfan-maulana-zidmy', '1241177004230', '<p>2012</p>\r\n', '085624559245', '1241177004230.jpg'),
(181, 1, 'admin', 'LELA ROSITA', 'lela-rosita', '1241177004231', '<p>2012</p>\r\n', '089639954125', '1241177004231.jpg'),
(182, 1, 'admin', 'MUNIR MUHAJIR', 'munir-muhajir', '1241177004232', '<p>2012</p>\r\n', '085711100519', '1241177004232.jpg'),
(183, 1, 'admin', 'RR IRA PUSPITA SARI', 'rr-ira-puspita-sari', '1241177004234', '<p>2012</p>\r\n', '087878579539', '1241177004234.jpg'),
(184, 1, 'admin', 'AGUNG SIDDIQ PERMANA', 'agung-siddiq-permana', '1241177004235', '<p>2012</p>\r\n', '082298846260', '1241177004235.jpg'),
(185, 1, 'admin', 'NAFIS FAZRI', 'nafis-fazri', '1241177004236', '<p>2012</p>\r\n', '-', ''),
(186, 1, 'admin', 'PUTRI ERIKA PUSPITASARI', 'putri-erika-puspitasari', '1241177004237', '<p>2012</p>\r\n', '08567474233', '1241177004237.jpg'),
(187, 1, 'admin', 'WARLIM', 'warlim', '1241177004238', '<p>2012</p>\r\n', '085811566608', '1241177004238.jpg'),
(188, 1, 'admin', 'ARBET SONIOR', 'arbet-sonior', '1241177004239', '<p>2012</p>\r\n', '085697003720', '1241177004239.jpg'),
(189, 1, 'admin', 'RIRIS NOVIANTY AMANDA D', 'riris-novianty-amanda-d', '1241177004240', '<p>2012</p>\r\n', '08990914549', '1241177004240.jpg'),
(190, 1, 'admin', 'GAN GAN RIKSA P', 'gan-gan-riksa-p', '1241177004242', '<p>2012</p>\r\n', '08979477093', '1241177004242.jpg'),
(191, 1, 'admin', 'MOCHAMMAD MUGGY W', 'mochammad-muggy-w', '1241177004243', '<p>2012</p>\r\n', '085716887390', '1241177004243.jpg'),
(192, 1, 'admin', 'ERI BUSYAERI', 'eri-busyaeri', '1241177004245', '<p>2012</p>\r\n', '081283200755', '1241177004245.jpg'),
(193, 1, 'admin', 'DIAZ FADHILLAH', 'diaz-fadhillah', '1241177004246', '<p>2012</p>\r\n', '-', '1241177004246.jpg'),
(194, 1, 'admin', 'KAMIL ALI', 'kamil-ali', '1241177004247', '<p>2012</p>\r\n', '-', '1241177004247.jpg'),
(195, 1, 'admin', 'LUTHFI NAUFAL RUSDIY', 'luthfi-naufal-rusdiy', '1241177004248', '<p>2012</p>\r\n', '08997286166', '1241177004248.jpg'),
(196, 1, 'admin', 'JEJEN JAELANI', 'jejen-jaelani', '1241177004249', '<p>2012</p>\r\n', '085714040986', '1241177004249.jpg'),
(197, 1, 'admin', 'PUTERA AFIF VIADUTA A', 'putera-afif-viaduta-a', '1241177004250', '<p>2012</p>\r\n', '085641899334', '1241177004250.jpg'),
(198, 1, 'admin', 'IMAM SETIAWAN', 'imam-setiawan', '1241177004252', '<p>2012</p>\r\n', '-', '1241177004252.jpg'),
(199, 1, 'admin', 'LENI LERIYANI', 'leni-leriyani', '1241177004253', '<p>2012</p>\r\n', '085710435024', '1241177004253.jpg'),
(200, 1, 'admin', 'DEWANTO EGI FAUZIE', 'dewanto-egi-fauzie', '1241177004254', '<p>2012</p>\r\n', '089653106874', ''),
(201, 1, 'admin', 'ASEP MAHFUDIN', 'asep-mahfudin', '1241177004256', '<p>2012</p>\r\n', '085718688805', '1241177004256.jpg'),
(202, 1, 'admin', 'SILVIA WIDIYAWATI', 'silvia-widiyawati', '1241177004260', '<p>2012</p>\r\n', '-', '1241177004260.jpg'),
(203, 1, 'admin', 'FITRIA INDRI ASTUTI', 'fitria-indri-astuti', '1241177004262', '<p>2012</p>\r\n', '-', '1241177004262.jpg'),
(204, 1, 'admin', 'ENDANG WAHYUDI', 'endang-wahyudi', '1241177004263', '<p>2012</p>\r\n', '085714044444', '1241177004263.jpg'),
(205, 1, 'admin', 'DIKKA HARDIKARTO', 'dikka-hardikarto', '1241177004267', '<p>2012</p>\r\n', '08561036384', '1241177004267.jpg'),
(206, 1, 'admin', 'FEBRI KRISNANTO', 'febri-krisnanto', '1241177004268', '<p>2012</p>\r\n', '083815870004', '1241177004268.jpg'),
(207, 1, 'admin', 'ASEP WAHYUDIN', 'asep-wahyudin', '1241177004270', '<p>2012</p>\r\n', '085224657056', '1241177004270.jpg'),
(208, 1, 'admin', 'NURFARIAH', 'nurfariah', '1241177004272', '<p>2012</p>\r\n', '085216801261', '1241177004272.jpg'),
(209, 1, 'admin', 'ASEP RUDI GUNAWAN', 'asep-rudi-gunawan', '1241177004273', '<p>2012</p>\r\n', '089654462462', '1241177004273.jpg'),
(210, 1, 'admin', 'AMIN RIYADI', 'amin-riyadi', '1241177004274', '<p>2012</p>\r\n', '085695012163', '1241177004274.jpg'),
(211, 1, 'admin', 'M. ILATO ANGKASA D', 'm-ilato-angkasa-d', '1241177004275', '<p>2012</p>\r\n', '085784325020', '1241177004275.jpg'),
(212, 1, 'admin', 'IQBAL MAULANA', 'iqbal-maulana', '1241177004276', '<p>2012</p>\r\n', '089672467268', '1241177004276.jpg'),
(213, 1, 'admin', 'CICI EMILIA SUKMAWATI', 'cici-emilia-sukmawati', '1241177004278', '<p>2012</p>\r\n', '08567739045', '1241177004278.jpg'),
(214, 1, 'admin', 'JIMI IBRAHIM', 'jimi-ibrahim', '1241177004279', '<p>2012</p>\r\n', '082214661291', ''),
(215, 1, 'admin', 'BANY SYABANI', 'bany-syabani', '1241177004280', '<p>2012</p>\r\n', '083816035985', '1241177004280.jpg'),
(216, 1, 'admin', 'DENI SUMARNO', 'deni-sumarno', '1241177004281', '<p>2012</p>\r\n', '-', '1241177004281.jpg'),
(217, 1, 'admin', 'MASITOH', 'masitoh', '1241177004283', '<p>2012</p>\r\n', '085780056746', '1241177004283.jpg'),
(218, 1, 'admin', 'INDRA WINARNO', 'indra-winarno', '1241177004284', '<p>2012</p>\r\n', '085714779200', '1241177004284.jpg'),
(219, 1, 'admin', 'ANGGA YUDA PERMANA', 'angga-yuda-permana', '1241177004285', '<p>2012</p>\r\n', '085693674737', '1241177004285.jpg'),
(220, 1, 'admin', 'ELSA ELVIRA AWAL', 'elsa-elvira-awal', '1241177004288', '<p>2012</p>\r\n', '085777991082', '1241177004288.jpg'),
(221, 1, 'admin', 'MAMAY FIRMANSYAH', 'mamay-firmansyah', '1241177004289', '<p>2012</p>\r\n', '085691718035', ''),
(222, 1, 'admin', 'BAYU MUSTOPA', 'bayu-mustopa', '1241177004290', '<p>2012</p>\r\n', '085711130399', '1241177004290.jpg'),
(223, 1, 'admin', 'KARNADI', 'karnadi', '1241177004291', '<p>2012</p>\r\n', '089650031477', '1241177004291.jpg'),
(224, 1, 'admin', 'DINDIN GESAN KAULA', 'dindin-gesan-kaula', '1241177004294', '<p>2012</p>\r\n', '081284549310', '1241177004294.jpg'),
(225, 1, 'admin', 'ANY WULANDARI', 'any-wulandari', '1241177004296', '<p>2012</p>\r\n', '085773037762', '12411770042961.jpg'),
(226, 1, 'admin', 'AMIR HIDAYAT', 'amir-hidayat', '1241177004297', '<p>2012</p>\r\n', '08569950146', '1241177004297.jpg'),
(227, 1, 'admin', 'SITI ASIA', 'siti-asia', '1241177004298', '<p>2012</p>\r\n', '-', '1241177004298.jpg'),
(228, 1, 'admin', 'IHSAN SANUSI', 'ihsan-sanusi', '1241177004299', '<p>2012</p>\r\n', '085222254348', '1241177004299.jpg'),
(229, 1, 'admin', 'KHOERUL SAMSI ARIF', 'khoerul-samsi-arif', '1241177004301', '<p>2012</p>\r\n', '085710677706', '1241177004301.jpg'),
(230, 1, 'admin', 'NATASYA MAHARANI BELLIN', 'natasya-maharani-bellin', '1241177004302', '<p>2012</p>\r\n', '083808822018', ''),
(231, 1, 'admin', 'DEDI SURYADI', 'dedi-suryadi', '1241177004307', '<p>2012</p>\r\n', '085716177338', '1241177004307.jpg'),
(232, 1, 'admin', 'ASEP ANSORI', 'asep-ansori', '1241177004306', '<p>2012</p>\r\n', '085693094768', '1241177004306.jpg'),
(233, 1, 'admin', 'RIDA PUTRA PERWIRA', 'rida-putra-perwira', '1241177004308', '<p>2012</p>\r\n', '082298771887', '1241177004308.jpg'),
(234, 1, 'admin', 'AHMAD NUGRAHA', 'ahmad-nugraha', '1241177004309', '<p>2012</p>\r\n', '085811864389', '1241177004309.jpg'),
(235, 1, 'admin', 'ENOH SUNANDAR', 'enoh-sunandar', '1241177004310', '<p>2012</p>\r\n', '-', '1241177004310.jpg'),
(236, 1, 'admin', 'SIGIT SUPROBO', 'sigit-suprobo', '1241177004314', '<p>2012</p>\r\n', '085711375387', '1241177004314.jpg'),
(237, 2, 'admin', 'AAN DASUKI', 'aan-dasuki', '1241177004315', '<p>2012</p>\r\n', '087804155272', '1241177004315.jpg'),
(238, 1, 'admin', 'FAIZAL ADHI NUGRAHA', 'faizal-adhi-nugraha', '1241177004318', '<p>2012</p>\r\n', '085891241689', '1241177004318.jpg'),
(239, 1, 'admin', 'TAPRI ANDI WAHID JAMIL', 'tapri-andi-wahid-jamil', '1241177004320', '<p>2012</p>\r\n', '085780410429', '12411770043201.jpg'),
(240, 1, 'admin', 'SUSAN PUTRI YANTI', 'susan-putri-yanti', '1241177004323', '<p>2012</p>\r\n', '085659363094', '1241177004323.jpg'),
(241, 1, 'admin', 'EDWIN NUGROHO P', 'edwin-nugroho-p', '1241177004324', '<p>2012</p>\r\n', '087741641731', '1241177004324.jpg'),
(242, 1, 'admin', 'M. NUGIE NUGRAHA W', 'm-nugie-nugraha-w', '1241177004326', '<p>2012</p>\r\n', '085778778160', '1241177004326.jpg'),
(243, 1, 'admin', 'TRI SULESTIANINGSIH', 'tri-sulestianingsih', '1241177004327', '<p>2012</p>\r\n', '085715193834', '1241177004327.jpg'),
(244, 1, 'admin', 'WAHYUNI', 'wahyuni', '1241177004329', '<p>2012</p>\r\n', '08561725424', '12411770043291.jpg'),
(245, 1, 'admin', 'NUGRAHA', 'nugraha', '1241177004330', '<p>2012</p>\r\n', '089601472474', '1241177004330.jpg');

-- --------------------------------------------------------

--
-- Struktur dari tabel `menu`
--

CREATE TABLE `menu` (
  `id_menu` int(5) NOT NULL,
  `id_parent` int(5) NOT NULL DEFAULT '0',
  `nama_menu` varchar(100) NOT NULL,
  `link` varchar(100) NOT NULL,
  `aktif` enum('Ya','Tidak') NOT NULL DEFAULT 'Ya',
  `position` enum('Top','Bottom') NOT NULL DEFAULT 'Bottom',
  `urutan` int(3) NOT NULL
) ENGINE=MyISAM DEFAULT CHARSET=latin1;

--
-- Dumping data untuk tabel `menu`
--

INSERT INTO `menu` (`id_menu`, `id_parent`, `nama_menu`, `link`, `aktif`, `position`, `urutan`) VALUES
(56, 0, 'Penelitian dan Pengabdian', 'http://simlitabmas.dikti.go.id/', 'Tidak', 'Bottom', 5),
(1, 0, 'Beranda', '', 'Ya', 'Top', 1),
(13, 0, 'Profil', '#', 'Ya', 'Bottom', 1),
(14, 0, 'Penelitian', '#', 'Ya', 'Bottom', 8),
(40, 0, 'Prodi Sistem Informasi', '#', 'Tidak', 'Bottom', 4),
(39, 0, 'Fakultas', '#', 'Ya', 'Bottom', 3),
(110, 0, 'Dunia Kampus', '#', 'Tidak', 'Bottom', 6),
(111, 0, 'Prestasi', '#', 'Tidak', 'Bottom', 7),
(112, 0, 'Hiburan / Acara', '#', 'Tidak', 'Bottom', 8),
(2, 0, 'Karir', 'lowongan', 'Ya', 'Top', 2),
(3, 0, 'Video', 'playlist', 'Ya', 'Top', 6),
(8, 160, 'Pengumuman', 'berita/kategori/pengumuman', 'Ya', 'Top', 8),
(9, 0, 'Download', 'download', 'Ya', 'Top', 9),
(119, 13, 'Sambutan Rektor', '#', 'Ya', 'Bottom', 1),
(120, 13, 'Visi & Misi', 'page/detail/visi--misi-unsika', 'Ya', 'Bottom', 4),
(121, 13, 'Tujuan', 'page/detail/tujuan-unsika', 'Ya', 'Bottom', 3),
(4, 0, 'Perpustakaan', '#', 'Ya', 'Bottom', 14),
(7, 0, 'Lowongan', 'lowker', 'Tidak', 'Top', 7),
(10, 0, 'Hubungi Kami', 'contact', 'Ya', 'Top', 12),
(5, 0, 'Agenda', 'agenda', 'Tidak', 'Top', 5),
(6, 0, 'Galeri', 'albums', 'Ya', 'Top', 5),
(123, 121, 'Yayasan', '#', 'Tidak', 'Bottom', 0),
(124, 13, 'Sejarah Universitas', 'page/detail/sejarah-unsika', 'Ya', 'Bottom', 2),
(125, 1, 'Yayasan', '#', 'Tidak', 'Bottom', 0),
(138, 39, 'Fakultas Agama Islam', 'page/detail/fakultas-agama-islam', 'Ya', 'Bottom', 2),
(128, 0, 'Akademik', '#', 'Ya', 'Bottom', 5),
(132, 14, 'Pengantar', 'page/detail/pengantar', 'Ya', 'Bottom', 3),
(134, 14, 'Kebijakan', '#', 'Ya', 'Bottom', 5),
(135, 0, 'Hubungi Kami', 'contact', 'Tidak', 'Bottom', 9),
(137, 39, 'Fakultas Hukum', 'page/detail/fakultas-hukum', 'Ya', 'Bottom', 1),
(139, 39, 'Fakultas Ekonomi & Bisnis', 'page/detail/fakultas-ekonomi', 'Ya', 'Bottom', 3),
(140, 39, 'Fakultas Ilmu Komputer', 'page/detail/fakultas-ilmu-komputer', 'Ya', 'Bottom', 4),
(141, 39, 'Fakultas Ilmu Sosial & Ilmu Politik', 'page/detail/fakultas-ilmu-sosial--ilmu-politik', 'Ya', 'Bottom', 5),
(142, 39, 'Fakultas Keguruan & Ilmu Pendidikan', 'page/detail/fakultas-keguruan--ilmu-pendidikan', 'Ya', 'Bottom', 6),
(143, 39, 'Fakultas Pertanian', 'page/detail/fakultas-pertanian', 'Ya', 'Bottom', 7),
(144, 39, 'Fakultas Teknik', 'page/detail/fakultas-teknik', 'Ya', 'Bottom', 8),
(145, 39, 'Fakultas Ilmu Kesehatan', 'page/detail/fakultas-ilmu-kesehatan', 'Ya', 'Bottom', 9),
(149, 128, 'Kalender Akademik', 'page/detail/kalender-akademik', 'Ya', 'Bottom', 13),
(150, 128, 'Peraturan Akademik', '#', 'Ya', 'Bottom', 14),
(151, 13, 'Arti Lambang Universitas', '#', 'Tidak', 'Bottom', 6),
(152, 0, 'Laboratorium Komputer', '#', 'Ya', 'Bottom', 13),
(153, 152, 'Sejarah', 'page/detail/sejarah-laboratorium-komputer-unsika', 'Ya', 'Bottom', 1),
(154, 152, 'Visi & Misi', 'page/detail/moto-visi-dan-misi-labkomp-unsika', 'Ya', 'Bottom', 2),
(155, 152, 'Tujuan', 'page/detail/tujuan-laboratorium-komputer-unsika', 'Ya', 'Bottom', 3),
(156, 152, 'Struktur Organisasi', 'page/detail/struktur-organisasi-laboratorium-komputer-unsika', 'Ya', 'Bottom', 4),
(158, 152, 'Tata Tertib Peserta Praktikum', 'page/detail/tata-tertib-peserta-praktikum-komputer', 'Ya', 'Bottom', 6),
(159, 152, 'Penelitian & Pengabdian', '#', 'Tidak', 'Bottom', 7),
(160, 0, 'Berita', 'berita', 'Ya', 'Top', 10),
(162, 152, 'Diagram Alir Pelayanan Praktikum', 'page/detail/diagram-alir-layanan-labkomp-unsika', 'Ya', 'Bottom', 10),
(170, 168, 'Pimpinan Universitas', 'page/detail/pimpinan-universitas', 'Ya', 'Bottom', 2),
(165, 0, 'Layanan', '#', 'Ya', 'Bottom', 8),
(166, 165, 'Sarana Olahraga', 'page/detail/sarana-olahraga', 'Ya', 'Bottom', 0),
(167, 165, 'Sarana Ibadah', 'page/detail/sarana-ibadah', 'Ya', 'Bottom', 1),
(168, 0, 'Struktur UNSIKA', '#', 'Ya', 'Bottom', 2),
(169, 168, 'Senat Universitas', 'page/detail/senat-universitas', 'Ya', 'Bottom', 1),
(171, 168, 'Pimpinan Fakultas', 'page/detail/pimpinan-fakultas', 'Ya', 'Bottom', 3),
(172, 13, 'Logo & Filosofi', 'page/detail/logo-dan-filosofi', 'Ya', 'Bottom', 0),
(173, 168, 'Pimpinan Lembaga & Badan', 'page/detail/pimpinan-lembaga-dan-unit-pelaksana-teknis', 'Ya', 'Bottom', 4),
(174, 168, 'Pelaksana Administrasi Universitas', 'page/detail/pelaksana-administrasi-universitas', 'Ya', 'Bottom', 5),
(175, 128, 'Akreditasi', 'page/detail/akreditasi-program-studi', 'Ya', 'Bottom', 3),
(176, 165, 'Poliklinik', 'page/detail/poliklinik', 'Ya', 'Bottom', 3),
(177, 165, 'Transportasi', 'page/detail/transportasi', 'Ya', 'Bottom', 4),
(178, 165, 'Teknologi Informasi', 'page/detail/teknologi-informasi', 'Ya', 'Bottom', 5),
(179, 165, 'Asuransi', 'page/detail/asuransi', 'Ya', 'Bottom', 6),
(180, 165, 'Free Hotspot', '#', 'Ya', 'Bottom', 7),
(181, 152, 'Jadwal Praktikum', 'page/detail/jadwal-praktikum-labkomp-unsika', 'Ya', 'Bottom', 11),
(182, 4, 'Pengantar', 'page/detail/pengantar-perpustakaan', 'Ya', 'Bottom', 1),
(183, 4, 'Journal Nasional', 'page/detail/jurnal-nasional', 'Ya', 'Bottom', 2),
(184, 4, 'Journal Internasional', 'page/detail/jurnal-internasional', 'Ya', 'Bottom', 3),
(186, 13, 'Beasiswa', 'page/detail/beasiswa', 'Ya', 'Bottom', 5),
(187, 13, 'Kerjasama', 'page/detail/kerjasama', 'Ya', 'Bottom', 6),
(188, 0, 'PMB', '#', 'Ya', 'Top', 9),
(189, 0, 'Badan & Lembaga', '#', 'Ya', 'Bottom', 11),
(190, 189, 'LPPM', '#', 'Ya', 'Bottom', 1),
(191, 189, 'BPM', '#', 'Ya', 'Bottom', 2),
(192, 189, 'SPI', '#', 'Ya', 'Bottom', 3),
(193, 0, 'Dosen', 'dosen', 'Ya', 'Top', 20),
(194, 0, 'Mahasiswa', 'mahasiswa', 'Ya', 'Top', 21);

-- --------------------------------------------------------

--
-- Struktur dari tabel `modul`
--

CREATE TABLE `modul` (
  `id_modul` int(5) NOT NULL,
  `nama_modul` varchar(50) COLLATE latin1_general_ci NOT NULL,
  `username` varchar(50) COLLATE latin1_general_ci NOT NULL,
  `link` varchar(100) COLLATE latin1_general_ci NOT NULL,
  `static_content` text COLLATE latin1_general_ci NOT NULL,
  `gambar` varchar(100) COLLATE latin1_general_ci NOT NULL,
  `publish` enum('Y','N') COLLATE latin1_general_ci NOT NULL DEFAULT 'Y',
  `status` enum('user','admin') COLLATE latin1_general_ci NOT NULL,
  `aktif` enum('Y','N') COLLATE latin1_general_ci NOT NULL DEFAULT 'Y',
  `urutan` int(5) NOT NULL,
  `link_seo` varchar(50) COLLATE latin1_general_ci NOT NULL
) ENGINE=MyISAM DEFAULT CHARSET=latin1 COLLATE=latin1_general_ci;

--
-- Dumping data untuk tabel `modul`
--

INSERT INTO `modul` (`id_modul`, `nama_modul`, `username`, `link`, `static_content`, `gambar`, `publish`, `status`, `aktif`, `urutan`, `link_seo`) VALUES
(2, 'Manajemen User', '', 'administrator/user', '', '', 'Y', 'user', 'Y', 22, ''),
(18, ' Berita', '', 'administrator/berita', '', '', 'Y', 'user', 'Y', 5, 'semua-berita.html'),
(19, 'Iklan Utama', '', 'administrator/banner', '', '', 'N', 'user', 'N', 9, ''),
(10, 'Manajemen Modul', '', 'administrator/modul', '', '', 'Y', 'user', 'Y', 23, ''),
(31, 'Kategori Berita ', '', 'administrator/kategori', '', '', 'Y', 'user', 'Y', 6, ''),
(33, 'Jajak Pendapat', '', 'administrator/poling', '', '', 'Y', 'user', 'Y', 18, ''),
(34, 'Tag Berita', '', 'administrator/tag', '', '', 'Y', 'user', 'Y', 7, ''),
(35, 'Komentar Berita', '', 'administrator/komentar', '', '', 'Y', 'user', 'Y', 8, ''),
(41, 'Agenda Padang', '', 'administrator/agenda', '', '', 'Y', 'user', 'Y', 17, 'semua-agenda.html'),
(43, 'Berita Foto', '', 'administrator/album', '', '', 'Y', 'user', 'Y', 11, ''),
(44, 'Galeri Berita Foto', '', 'administrator/galerifoto', '', '', 'Y', 'user', 'Y', 12, ''),
(45, 'Template Web', '', 'administrator/templates', '', '', 'Y', 'user', 'Y', 16, ''),
(46, 'Sensor Kata', '', 'administrator/katajelek', '', '', 'Y', 'user', 'Y', 10, ''),
(61, 'Identitas Website', '', 'administrator/identitas', '', '', 'Y', 'user', 'Y', 1, ''),
(57, 'Menu Utama', '', 'administrator/menuutama', '', '', 'Y', 'user', 'Y', 2, ''),
(58, 'Sub Menu', '', 'administrator/submenu', '', '', 'Y', 'user', 'Y', 3, ''),
(59, 'Halaman Baru', '', 'administrator/halamanstatis', '', '', 'Y', 'user', 'Y', 4, ''),
(62, 'Video', '', 'administrator/video', '', '', 'Y', 'user', 'Y', 13, ''),
(63, 'Playlist Video', '', 'administrator/playlist', '', '', 'Y', 'user', 'Y', 14, ''),
(64, 'Tag Video', '', 'administrator/tagvid', '', '', 'Y', 'user', 'Y', 15, ''),
(65, 'Komentar Video', '', 'administrator/komentarvid', '', '', 'Y', 'user', 'Y', 15, ''),
(66, 'Logo Website', '', 'administrator/logo', '', '', 'Y', 'user', 'Y', 15, ''),
(67, 'Iklan Layanan', '', 'administrator/iklanatas', '', '', 'N', 'admin', 'N', 19, ''),
(68, 'Iklan Depan', '', 'administrator/iklantengah', '', '', 'N', 'admin', 'N', 20, ''),
(69, 'Iklan Kiri', '', 'administrator/pasangiklan', '', '', 'N', 'admin', 'N', 21, ''),
(70, 'Hubungi Kami', '', 'administrator/hubungi', '', '', 'Y', 'user', 'Y', 24, '');

-- --------------------------------------------------------

--
-- Struktur dari tabel `playlist`
--

CREATE TABLE `playlist` (
  `id_playlist` int(5) NOT NULL,
  `jdl_playlist` varchar(100) COLLATE latin1_general_ci NOT NULL,
  `username` varchar(50) COLLATE latin1_general_ci NOT NULL,
  `playlist_seo` varchar(100) COLLATE latin1_general_ci NOT NULL,
  `gbr_playlist` varchar(100) COLLATE latin1_general_ci NOT NULL,
  `aktif` enum('Y','N') COLLATE latin1_general_ci NOT NULL DEFAULT 'Y'
) ENGINE=MyISAM DEFAULT CHARSET=latin1 COLLATE=latin1_general_ci;

--
-- Dumping data untuk tabel `playlist`
--

INSERT INTO `playlist` (`id_playlist`, `jdl_playlist`, `username`, `playlist_seo`, `gbr_playlist`, `aktif`) VALUES
(56, 'Video Upload 1', 'admin', 'video-upload-1', '284775wisata.jpg', 'Y'),
(57, 'Video Upload 2', 'admin', 'video-upload-2', '181304Desert.jpg', 'Y'),
(60, 'Video Upload 3', 'admin', 'video-upload-3', 'Lighthouse.jpg', 'Y');

-- --------------------------------------------------------

--
-- Struktur dari tabel `prodi`
--

CREATE TABLE `prodi` (
  `id_prodi` int(5) NOT NULL,
  `nm_prodi` varchar(100) COLLATE latin1_general_ci NOT NULL,
  `prodi_seo` varchar(100) COLLATE latin1_general_ci NOT NULL,
  `keterangans` text COLLATE latin1_general_ci NOT NULL,
  `gbr_prodi` varchar(100) COLLATE latin1_general_ci NOT NULL,
  `aktif` enum('Y','N') COLLATE latin1_general_ci NOT NULL DEFAULT 'Y',
  `hits_prodi` int(5) DEFAULT '1',
  `tgl_posting` date NOT NULL,
  `jam` time NOT NULL,
  `hari` varchar(20) COLLATE latin1_general_ci NOT NULL,
  `username` varchar(50) COLLATE latin1_general_ci NOT NULL
) ENGINE=InnoDB DEFAULT CHARSET=latin1 COLLATE=latin1_general_ci;

--
-- Dumping data untuk tabel `prodi`
--

INSERT INTO `prodi` (`id_prodi`, `nm_prodi`, `prodi_seo`, `keterangans`, `gbr_prodi`, `aktif`, `hits_prodi`, `tgl_posting`, `jam`, `hari`, `username`) VALUES
(1, 'TEKNIK INFORMATIKA', 'teknik-informatika', '<p>S1 Teknik Informatika</p>\r\n', 'fasilkom3.png', 'Y', 43, '2017-10-22', '02:20:26', 'Minggu', 'admin'),
(2, 'ILMU HUKUM', 'ilmu-hukum', '<p>S1 Ilmu Hukum</p>\r\n', 'HUKUM2.png', 'Y', 2, '2017-10-22', '02:21:14', 'Minggu', 'admin'),
(3, 'MANAJEMEN', 'manajemen', '<p>S1 Manajemen</p>\r\n', 'manajemen1.png', 'Y', 0, '2017-10-22', '02:22:03', 'Minggu', 'admin');

-- --------------------------------------------------------

--
-- Struktur dari tabel `statistik`
--

CREATE TABLE `statistik` (
  `ip` varchar(20) NOT NULL DEFAULT '',
  `tanggal` date NOT NULL,
  `hits` int(10) NOT NULL DEFAULT '1',
  `online` varchar(255) NOT NULL
) ENGINE=MyISAM DEFAULT CHARSET=latin1;

--
-- Dumping data untuk tabel `statistik`
--

INSERT INTO `statistik` (`ip`, `tanggal`, `hits`, `online`) VALUES
('::1', '2016-10-18', 8, '1476767634'),
('::1', '2016-10-19', 56, '1476853077'),
('::1', '2016-10-23', 3, '1477189804'),
('::1', '2016-10-24', 2, '1477282258'),
('::1', '2016-10-28', 1, '1477643326'),
('::1', '2016-10-29', 5, '1477751374'),
('::1', '2016-11-05', 12, '1478338548'),
('::1', '2016-11-07', 3, '1478532409'),
('::1', '2016-11-09', 1, '1478685628'),
('::1', '2016-11-10', 16, '1478737204'),
('::1', '2016-11-15', 6, '1479170013'),
('::1', '2016-11-16', 1, '1479298311'),
('::1', '2016-11-24', 1, '1479975378'),
('::1', '2016-12-03', 8, '1480739926'),
('::1', '2016-12-28', 1, '1482890441'),
('::1', '2017-01-10', 8, '1484055828'),
('::1', '2017-01-17', 24, '1484638202'),
('::1', '2017-02-11', 5, '1486772442'),
('::1', '2017-02-22', 61, '1487780784'),
('::1', '2017-02-23', 219, '1487866676'),
('::1', '2017-02-24', 21, '1487945831'),
('::1', '2017-02-25', 7, '1487982298'),
('::1', '2017-02-27', 8, '1488168649'),
('::1', '2017-02-27', 8, '1488168649'),
('::1', '2017-02-28', 4, '1488267473'),
('::1', '2017-10-16', 321, '1508153712'),
('::1', '2017-10-17', 403, '1508259446'),
('::1', '2017-10-18', 347, '1508314958'),
('::1', '2017-10-19', 12, '1508431480'),
('::1', '2017-10-20', 192, '1508460288'),
('::1', '2017-10-21', 175, '1508604665'),
('::1', '2017-10-22', 403, '1508691562'),
('::1', '2017-10-23', 242, '1508769606'),
('::1', '2018-05-04', 15, '1525447606'),
('::1', '2018-05-22', 1, '1526938582'),
('::1', '2018-05-29', 75, '1527607688'),
('::1', '2018-05-30', 3, '1527687324'),
('::1', '2018-05-31', 1, '1527701227'),
('::1', '2018-06-12', 31, '1528756944'),
('::1', '2018-06-29', 107, '1530284219');

-- --------------------------------------------------------

--
-- Struktur dari tabel `tag`
--

CREATE TABLE `tag` (
  `id_tag` int(5) NOT NULL,
  `nama_tag` varchar(100) COLLATE latin1_general_ci NOT NULL,
  `username` varchar(50) COLLATE latin1_general_ci NOT NULL,
  `tag_seo` varchar(100) COLLATE latin1_general_ci NOT NULL,
  `count` int(5) NOT NULL
) ENGINE=MyISAM DEFAULT CHARSET=latin1 COLLATE=latin1_general_ci;

--
-- Dumping data untuk tabel `tag`
--

INSERT INTO `tag` (`id_tag`, `nama_tag`, `username`, `tag_seo`, `count`) VALUES
(22, 'Kuliah', 'admin', 'kuliah', 18),
(28, 'Teknologi', 'admin', 'teknologi', 12),
(27, 'Metropolitan', 'admin', 'metropolitan', 32),
(26, 'Nasional', 'admin', 'nasional', 42),
(25, 'Kesehatan', 'admin', 'kesehatan', 16),
(24, 'Olahraga', 'admin', 'olahraga', 11),
(34, 'Wisata', 'admin', 'wisata', 4),
(36, 'Hukum', 'admin', 'hukum', 16),
(54, 'Pengumuman', 'admin', 'pengumuman', 0),
(53, 'Kegiatan', 'admin', 'kegiatan', 0);

-- --------------------------------------------------------

--
-- Struktur dari tabel `tagvid`
--

CREATE TABLE `tagvid` (
  `id_tag` int(5) NOT NULL,
  `nama_tag` varchar(100) COLLATE latin1_general_ci NOT NULL,
  `username` varchar(50) COLLATE latin1_general_ci NOT NULL,
  `tag_seo` varchar(100) COLLATE latin1_general_ci NOT NULL,
  `count` int(5) NOT NULL
) ENGINE=MyISAM DEFAULT CHARSET=latin1 COLLATE=latin1_general_ci;

--
-- Dumping data untuk tabel `tagvid`
--

INSERT INTO `tagvid` (`id_tag`, `nama_tag`, `username`, `tag_seo`, `count`) VALUES
(34, 'perang', 'admin', 'perang', 2),
(35, 'Teknologi', 'admin', 'teknologi', 0),
(36, 'Nasional', 'admin', 'nasional', 1);

-- --------------------------------------------------------

--
-- Struktur dari tabel `users`
--

CREATE TABLE `users` (
  `username` varchar(50) COLLATE latin1_general_ci NOT NULL,
  `password` varchar(255) COLLATE latin1_general_ci NOT NULL,
  `nama_lengkap` varchar(100) COLLATE latin1_general_ci NOT NULL,
  `email` varchar(100) COLLATE latin1_general_ci NOT NULL,
  `no_telp` varchar(20) COLLATE latin1_general_ci NOT NULL,
  `foto` varchar(100) COLLATE latin1_general_ci NOT NULL,
  `level` varchar(20) COLLATE latin1_general_ci NOT NULL DEFAULT 'user',
  `blokir` enum('Y','N') COLLATE latin1_general_ci NOT NULL DEFAULT 'N',
  `id_session` varchar(100) COLLATE latin1_general_ci NOT NULL
) ENGINE=MyISAM DEFAULT CHARSET=latin1 COLLATE=latin1_general_ci;

--
-- Dumping data untuk tabel `users`
--

INSERT INTO `users` (`username`, `password`, `nama_lengkap`, `email`, `no_telp`, `foto`, `level`, `blokir`, `id_session`) VALUES
('admin', '21232f297a57a5a743894a0e4a801fc3', 'Imam Syafii', 'isya40@gmail.com', '', '1241177004321.jpg', 'admin', 'N', 'q173s8hs1jl04st35169ccl8o7'),
('robby', 'a3d33f8985a304d1cb614b46ae5af5fbdf287a3d4789ded7634bf7a77bcd0a1d75af01ca12d1114ed790ad58b942028366f0db7da58a13f07f4cd48c62280e8f', 'Admin Lokomedia', 'dankrez48@gmail.com', '081267771344', '', 'admin', 'N', '65604d21f2a661ac74fd28d2f99e728b');

-- --------------------------------------------------------

--
-- Struktur dari tabel `video`
--

CREATE TABLE `video` (
  `id_video` int(5) NOT NULL,
  `id_playlist` int(5) NOT NULL,
  `username` varchar(30) COLLATE latin1_general_ci NOT NULL,
  `jdl_video` varchar(100) COLLATE latin1_general_ci NOT NULL,
  `video_seo` varchar(100) COLLATE latin1_general_ci NOT NULL,
  `keterangan` text COLLATE latin1_general_ci NOT NULL,
  `gbr_video` varchar(100) COLLATE latin1_general_ci NOT NULL,
  `video` varchar(100) COLLATE latin1_general_ci NOT NULL,
  `youtube` varchar(100) COLLATE latin1_general_ci NOT NULL,
  `dilihat` int(7) NOT NULL DEFAULT '1',
  `hari` varchar(20) COLLATE latin1_general_ci NOT NULL,
  `tanggal` date NOT NULL,
  `jam` time NOT NULL,
  `tagvid` varchar(100) COLLATE latin1_general_ci NOT NULL
) ENGINE=MyISAM DEFAULT CHARSET=latin1 COLLATE=latin1_general_ci;

--
-- Dumping data untuk tabel `video`
--

INSERT INTO `video` (`id_video`, `id_playlist`, `username`, `jdl_video`, `video_seo`, `keterangan`, `gbr_video`, `video`, `youtube`, `dilihat`, `hari`, `tanggal`, `jam`, `tagvid`) VALUES
(160, 56, 'admin', 'Selamatkan Hutan di Indonesia', 'selamatkan-hutan-di-indonesia', 'Pengamat politik dari Charta Politika, Yunarto Wijaya mempertanyakan dasar keputusan SBY menunjuk Roy Suryo sebagai Menpora. Apalagi, kata Yunarto, ada pernyataan SBY yang menegaskan Roy cakap untuk mengemban tugas sebagai Menpora.\r\n\r\nMenurut Yunarto, Roy selama ini lebih dikenal sebagai pakar foto digital dan video serta dosen di sebuah perguruan tinggi negeri. \"Namun, belum terdengar kiprahnya di bidang kepemudaan dan olahraga,\" kata Yunarto. Sementara, tugas Menpora yang berat dan masa tugasnya relatif singkat idealnya mengutamakan figur yang kompetensinya teruji di bidang kepemudaan dan olahraga.\r\n\r\nKarena itu, Yunarto menduga penunjukan Roy bukan karena kompetensi, melainkan representasi politik. \"Ditunjuknya kader Partai Demokrat Roy Suryo sebagai Menpora menunjukkan faktor politisnya sangat kuat,\" katanya.', '', '', 'http://www.youtube.com/embed/hkzpLJjZQbA', 31, 'Rabu', '2014-07-02', '07:30:12', ''),
(161, 56, 'admin', 'Hutan Hujan Tropis Indonesia', 'hutan-hujan-tropis-indonesia', 'Pihak Partai Liberal Demokrat pun langsung melontarkan kecaman atas tulisan dari Ward. Juru bicara partai mengatakan bahwa pihak partainya akan menerapkan sanksi terhadap Ward.\r\n\r\nSementara pihak Partai Konservatif yang menguasai koalisi pemerintahan bersama Liberal Demokrat menyatakan Ward harus menarik komentarnya.\r\n\r\n\"Tidak seharusnya seorang anggota parlemen menulis tindakan yang memicu kekerasan. Tindakannya tidak bertanggung jawab,\" ucap pihak Konservatif.\r\n\r\nIni bukan pertama kalinya Ward mengecam tindakan Israel. Pada Juli 2013 lalu, Ward menyebut pihak Zionis diambang kekalahan dalam perang. Dirinya pun mempertanyakan sampai kapan negara apartheid seperti Israel bisa bertahan.', '', '', 'http://www.youtube.com/embed/5biK_PcT7S0', 24, 'Rabu', '2014-07-02', '07:31:23', ''),
(162, 57, 'admin', 'Perang Sengit Pasukan Israel', 'perang-sengit-pasukan-darat-israel-vs-hamas', 'Israel makin gencar melakukan serangan ke Gaza, baik melalui udara maupun darat. Masjid menjadi salah satu target serangan dari Negara Yahudi itu.\r\n\r\nSekira 15 warga Palestina dilaporkan tewas dan 20 lainnya dalam serangan udara Isarel ke sebuah masjid di Kota Gaza pada Sabtu 19 Juli 2014 lalu. Masjid itu terletak tidak jauh dari rumah milik Komandan Polisi Gaza.\r\n\r\nRudal-rudal dari Israel menghancurkan sebagian dari bangunan masjid. Alquran yang berada di dalam masjid pun tampak rusak akibat serangan. Demikian diberitakan Associated Press, Rabu (23/7/2014).\r\n\r\nSelain itu, serangan Israel juga diarahkan ke rumah sakit yang berada di Gaza. Blokade yang dilakukan oleh Israel makin membuat rumah sakit sulit untuk beroperasi.', '', '', 'https://www.youtube.com/watch?v=CeNjeD8yknI', 16, 'Rabu', '2014-07-23', '15:23:10', ''),
(163, 57, 'admin', 'Isael dan Palestina Memanas', 'isael-dan-palestina-memanas', 'Khamenei dikenal sebagai musuh besar Israel. Beberapa komentarnya membuat panas telinga pemimpin Israel.\r\n\r\nKomentar paling pedas Khamenei adalah Iran tidak pernah mengenal Israel. Negara ini juga secara terang-terangan mendukung Hamas. Hamas sendiri sudah dimasukan ke dalam daftar hitam terorisme oleh Israel.\r\n\r\nSelain itu, Khamenei dan beberapa pemimpin Iran berjanji akan menghilangkan Israel dari peta dunia. Bahkan, beberapa pekan lalu, Khamenei menyatakan peristiwa pembantaian warga Yahudi oleh Nazi satu abad lalu, hanyalah sebuah ilusi yang tak nyata.', '', '', 'https://www.youtube.com/watch?v=oaJpxuDh5Ds', 31, 'Rabu', '2014-07-23', '15:24:30', ''),
(164, 57, 'admin', 'Israel Tembak Mati Warga Palestina', 'israel-tembak-mati-warga-palestina-saat-gencatan', 'Seorang tentara Israel dilaporkan menghilang di Jalur Gaza. Hal ini terjadi usai terjadinya pertempuran mematikan yang terjadi di Jalur Gaza pada akhir pekan lalu.\r\n\r\nMelansir Boston Herald, Selasa (22/7/2014), pejabat pertahanan Israel mengatakan, tentaranya hilang usai pertempuran mematikan di Gaza terjadi pada pekan lalu. Namun, tidak jelas apakah tentara tersebut masih hidup atau sudah tewas.\r\n\r\nKonflik yang terjadi antara Israel dan Hamas sejauh ini sudah menyebabkan sekira 25 tentara Israel tewas dan ratusan warga Palestina. Sebagian besar korban warga Palestina adalah anak-anak.\r\n\r\nMemanasnya situasi itu membuat sejumlah desakan gencatan berdatangan dari sejumlah negara dan organisasi internasional.\r\n\r\nSebelumnya, Sekretaris Jendral Perserikatan Bangsa - Bangsa (PBB) Ban Ki-moon dan Menteri Luar Negeri Amerika Serikat (AS) John Kerry melakukan pertemuan di Kairo, Mesir. Pertemuan di bertujuan untuk mendesak agar konflik yang terjadi di Gaza segera dihentikan.', '', '', 'https://www.youtube.com/watch?v=L6R-5XUcDSY', 43, 'Rabu', '2014-07-23', '15:29:41', ''),
(165, 57, 'admin', 'Gaza conflict: Israel & Hamas face', 'gaza-conflict-israel--hamas-face-allegations-of-war-crimes', '<p>Sebelumnya, Sekretaris Jendral Perserikatan Bangsa - Bangsa (PBB) Ban Ki-moon dan Menteri Luar Negeri Amerika Serikat (AS) John Kerry melakukan pertemuan di Kairo, Mesir. Pertemuan di bertujuan untuk mendesak agar konflik yang terjadi di Gaza segera dihentikan. Mengingat agresi yang militer yang dilancarkan Israel merupakan pelanggaran hukum humaniter internasional. Menyusul banyak warga sipil yang telah menjadi korban akibat pertempuran yang dilakukan Israel dan Hamas. Sebelumnya, Sekretaris Jendral Perserikatan Bangsa - Bangsa (PBB) Ban Ki-moon dan Menteri Luar Negeri Amerika Serikat (AS) John Kerry melakukan pertemuan di Kairo, Mesir. Pertemuan di bertujuan untuk mendesak agar konflik yang terjadi di Gaza segera dihentikan. Mengingat agresi yang militer yang dilancarkan Israel merupakan pelanggaran hukum humaniter internasional. Menyusul banyak warga sipil yang telah menjadi korban akibat pertempuran yang dilakukan Israel dan Hamas.</p>\r\n', '', '', 'http://www.youtube.com/embed/aqI4DOilySg', 18, 'Minggu', '2014-08-17', '16:49:33', ''),
(166, 57, 'admin', 'Chomsky: Calling for change on', 'chomsky-calling-for-change-on-us-support-for-israelll', '<p>Pemimpin tertinggi Iran, Ayatollah Ali Khamenei menyampaikan pernyataan kontroversial terkait ketegangan di Gaza. Khamenei mendorong agar Palestina terus melawan Israel. \"Salah satu cara untuk menghentikan rezim kurang ajar ini adalah melanjutkan perlawanan dan dan perjuangan bersenjata harus diperluas ke Tepi Barat,\" sebut Khamenei, seperti dikutip dari IRNA, Kamis (24/7/2014). Khamenei dikenal sebagai musuh besar Israel. Beberapa komentarnya membuat panas telinga pemimpin Israel.</p>\r\n\r\n<p>Pemimpin tertinggi Iran, Ayatollah Ali Khamenei menyampaikan pernyataan kontroversial terkait ketegangan di Gaza. Khamenei mendorong agar Palestina terus melawan Israel. Salah satu cara untuk menghentikan rezim kurang ajar ini adalah melanjutkan perlawanan dan dan perjuangan bersenjata harus diperluas ke Tepi Barat, sebut Khamenei, seperti dikutip dari IRNA, Kamis (24/7/2014). Khamenei dikenal sebagai musuh besar Israel. Beberapa komentarnya membuat panas telinga pemimpin Israel.</p>\r\n', '', '', 'http://www.youtube.com/embed/gQRJEnoxr2A', 97, 'Minggu', '2014-08-17', '16:51:04', 'perang');

--
-- Indexes for dumped tables
--

--
-- Indexes for table `agenda`
--
ALTER TABLE `agenda`
  ADD PRIMARY KEY (`id_agenda`);

--
-- Indexes for table `album`
--
ALTER TABLE `album`
  ADD PRIMARY KEY (`id_album`);

--
-- Indexes for table `berita`
--
ALTER TABLE `berita`
  ADD PRIMARY KEY (`id_berita`);

--
-- Indexes for table `dosen`
--
ALTER TABLE `dosen`
  ADD PRIMARY KEY (`id_dosen`);

--
-- Indexes for table `download`
--
ALTER TABLE `download`
  ADD PRIMARY KEY (`id_download`);

--
-- Indexes for table `fakultas`
--
ALTER TABLE `fakultas`
  ADD PRIMARY KEY (`id_fakultas`);

--
-- Indexes for table `gallery`
--
ALTER TABLE `gallery`
  ADD PRIMARY KEY (`id_gallery`);

--
-- Indexes for table `group_menu`
--
ALTER TABLE `group_menu`
  ADD PRIMARY KEY (`id_group_menu`);

--
-- Indexes for table `group_menu_list`
--
ALTER TABLE `group_menu_list`
  ADD PRIMARY KEY (`id_group_menu_list`);

--
-- Indexes for table `halamanstatis`
--
ALTER TABLE `halamanstatis`
  ADD PRIMARY KEY (`id_halaman`);

--
-- Indexes for table `hubungi`
--
ALTER TABLE `hubungi`
  ADD PRIMARY KEY (`id_hubungi`);

--
-- Indexes for table `identitas`
--
ALTER TABLE `identitas`
  ADD PRIMARY KEY (`id_identitas`);

--
-- Indexes for table `kategori`
--
ALTER TABLE `kategori`
  ADD PRIMARY KEY (`id_kategori`);

--
-- Indexes for table `link_terkait`
--
ALTER TABLE `link_terkait`
  ADD PRIMARY KEY (`id_link_terkait`);

--
-- Indexes for table `logo`
--
ALTER TABLE `logo`
  ADD PRIMARY KEY (`id_logo`);

--
-- Indexes for table `lowongan`
--
ALTER TABLE `lowongan`
  ADD PRIMARY KEY (`id_lowongan`);

--
-- Indexes for table `mahasiswa`
--
ALTER TABLE `mahasiswa`
  ADD PRIMARY KEY (`id_mahasiswa`);

--
-- Indexes for table `menu`
--
ALTER TABLE `menu`
  ADD PRIMARY KEY (`id_menu`);

--
-- Indexes for table `modul`
--
ALTER TABLE `modul`
  ADD PRIMARY KEY (`id_modul`);

--
-- Indexes for table `playlist`
--
ALTER TABLE `playlist`
  ADD PRIMARY KEY (`id_playlist`);

--
-- Indexes for table `prodi`
--
ALTER TABLE `prodi`
  ADD PRIMARY KEY (`id_prodi`);

--
-- Indexes for table `tag`
--
ALTER TABLE `tag`
  ADD PRIMARY KEY (`id_tag`);

--
-- Indexes for table `tagvid`
--
ALTER TABLE `tagvid`
  ADD PRIMARY KEY (`id_tag`);

--
-- Indexes for table `users`
--
ALTER TABLE `users`
  ADD PRIMARY KEY (`username`);

--
-- Indexes for table `video`
--
ALTER TABLE `video`
  ADD PRIMARY KEY (`id_video`);

--
-- AUTO_INCREMENT for dumped tables
--

--
-- AUTO_INCREMENT for table `agenda`
--
ALTER TABLE `agenda`
  MODIFY `id_agenda` int(5) NOT NULL AUTO_INCREMENT, AUTO_INCREMENT=4;
--
-- AUTO_INCREMENT for table `album`
--
ALTER TABLE `album`
  MODIFY `id_album` int(5) NOT NULL AUTO_INCREMENT, AUTO_INCREMENT=55;
--
-- AUTO_INCREMENT for table `berita`
--
ALTER TABLE `berita`
  MODIFY `id_berita` int(5) NOT NULL AUTO_INCREMENT, AUTO_INCREMENT=22;
--
-- AUTO_INCREMENT for table `dosen`
--
ALTER TABLE `dosen`
  MODIFY `id_dosen` int(5) NOT NULL AUTO_INCREMENT, AUTO_INCREMENT=54;
--
-- AUTO_INCREMENT for table `download`
--
ALTER TABLE `download`
  MODIFY `id_download` int(5) NOT NULL AUTO_INCREMENT, AUTO_INCREMENT=64;
--
-- AUTO_INCREMENT for table `fakultas`
--
ALTER TABLE `fakultas`
  MODIFY `id_fakultas` int(5) NOT NULL AUTO_INCREMENT, AUTO_INCREMENT=10;
--
-- AUTO_INCREMENT for table `gallery`
--
ALTER TABLE `gallery`
  MODIFY `id_gallery` int(5) NOT NULL AUTO_INCREMENT, AUTO_INCREMENT=367;
--
-- AUTO_INCREMENT for table `group_menu`
--
ALTER TABLE `group_menu`
  MODIFY `id_group_menu` int(11) NOT NULL AUTO_INCREMENT, AUTO_INCREMENT=5;
--
-- AUTO_INCREMENT for table `group_menu_list`
--
ALTER TABLE `group_menu_list`
  MODIFY `id_group_menu_list` int(11) NOT NULL AUTO_INCREMENT, AUTO_INCREMENT=23;
--
-- AUTO_INCREMENT for table `halamanstatis`
--
ALTER TABLE `halamanstatis`
  MODIFY `id_halaman` int(5) NOT NULL AUTO_INCREMENT, AUTO_INCREMENT=43;
--
-- AUTO_INCREMENT for table `hubungi`
--
ALTER TABLE `hubungi`
  MODIFY `id_hubungi` int(5) NOT NULL AUTO_INCREMENT, AUTO_INCREMENT=136;
--
-- AUTO_INCREMENT for table `identitas`
--
ALTER TABLE `identitas`
  MODIFY `id_identitas` int(5) NOT NULL AUTO_INCREMENT, AUTO_INCREMENT=2;
--
-- AUTO_INCREMENT for table `kategori`
--
ALTER TABLE `kategori`
  MODIFY `id_kategori` int(5) NOT NULL AUTO_INCREMENT, AUTO_INCREMENT=62;
--
-- AUTO_INCREMENT for table `link_terkait`
--
ALTER TABLE `link_terkait`
  MODIFY `id_link_terkait` int(11) NOT NULL AUTO_INCREMENT, AUTO_INCREMENT=5;
--
-- AUTO_INCREMENT for table `logo`
--
ALTER TABLE `logo`
  MODIFY `id_logo` int(5) NOT NULL AUTO_INCREMENT, AUTO_INCREMENT=18;
--
-- AUTO_INCREMENT for table `lowongan`
--
ALTER TABLE `lowongan`
  MODIFY `id_lowongan` int(5) NOT NULL AUTO_INCREMENT, AUTO_INCREMENT=33;
--
-- AUTO_INCREMENT for table `mahasiswa`
--
ALTER TABLE `mahasiswa`
  MODIFY `id_mahasiswa` int(5) NOT NULL AUTO_INCREMENT, AUTO_INCREMENT=246;
--
-- AUTO_INCREMENT for table `menu`
--
ALTER TABLE `menu`
  MODIFY `id_menu` int(5) NOT NULL AUTO_INCREMENT, AUTO_INCREMENT=195;
--
-- AUTO_INCREMENT for table `modul`
--
ALTER TABLE `modul`
  MODIFY `id_modul` int(5) NOT NULL AUTO_INCREMENT, AUTO_INCREMENT=72;
--
-- AUTO_INCREMENT for table `playlist`
--
ALTER TABLE `playlist`
  MODIFY `id_playlist` int(5) NOT NULL AUTO_INCREMENT, AUTO_INCREMENT=61;
--
-- AUTO_INCREMENT for table `prodi`
--
ALTER TABLE `prodi`
  MODIFY `id_prodi` int(5) NOT NULL AUTO_INCREMENT, AUTO_INCREMENT=4;
--
-- AUTO_INCREMENT for table `tag`
--
ALTER TABLE `tag`
  MODIFY `id_tag` int(5) NOT NULL AUTO_INCREMENT, AUTO_INCREMENT=55;
--
-- AUTO_INCREMENT for table `tagvid`
--
ALTER TABLE `tagvid`
  MODIFY `id_tag` int(5) NOT NULL AUTO_INCREMENT, AUTO_INCREMENT=39;
--
-- AUTO_INCREMENT for table `video`
--
ALTER TABLE `video`
  MODIFY `id_video` int(5) NOT NULL AUTO_INCREMENT, AUTO_INCREMENT=175;COMMIT;

/*!40101 SET CHARACTER_SET_CLIENT=@OLD_CHARACTER_SET_CLIENT */;
/*!40101 SET CHARACTER_SET_RESULTS=@OLD_CHARACTER_SET_RESULTS */;
/*!40101 SET COLLATION_CONNECTION=@OLD_COLLATION_CONNECTION */;
